2025-04-15 01:33:35,060 [Worker-3: Loading available Gradle versions] INFO  o.e.b.c.i.u.g.PublishedGradleVersions - Gradle version information cache is not available. Remote download required.
2025-04-15 01:34:09,401 [Worker-6: Importing Maven projects] INFO  o.e.m.c.i.l.LifecycleMappingFactory - Using org.eclipse.m2e.jdt.JarLifecycleMapping lifecycle mapping for MavenProject: com.project:AgadgoanApplication:0.0.1-SNAPSHOT @ D:\AgadgoanApplication\DevoteeApplicationBackend\pom.xml.
2025-04-15 01:34:15,386 [Worker-6: Importing Maven projects] INFO  o.e.m.j.i.AbstractJavaProjectConfigurator - Adding source folder /AgadgoanApplication/src/main/java
2025-04-15 01:34:15,399 [Worker-6: Importing Maven projects] INFO  o.e.m.j.i.AbstractJavaProjectConfigurator - Adding resource folder /AgadgoanApplication/src/main/resources
2025-04-15 01:34:15,401 [Worker-6: Importing Maven projects] INFO  o.e.m.j.i.AbstractJavaProjectConfigurator - Adding resource folder /AgadgoanApplication/src/main/resources
2025-04-15 01:34:15,404 [Worker-6: Importing Maven projects] INFO  o.e.m.j.i.AbstractJavaProjectConfigurator - Adding source folder /AgadgoanApplication/src/test/java
2025-04-15 01:34:15,406 [Worker-6: Importing Maven projects] INFO  o.e.m.j.i.AbstractJavaProjectConfigurator - Adding resource folder /AgadgoanApplication/src/test/resources
2025-04-15 01:34:16,454 [Worker-6: Importing Maven projects] INFO  o.e.m.c.i.p.ProjectConfigurationManager - Imported and configured 1 project(s) in 11 sec
2025-04-15 01:34:21,528 [Worker-10: Building] INFO  o.a.m.s.f.DefaultMavenResourcesFiltering - Copying 1 resource from src\main\resources to target\classes
2025-04-15 01:34:21,579 [Worker-10: Building] INFO  o.a.m.s.f.DefaultMavenResourcesFiltering - Copying 0 resource from src\main\resources to target\classes
2025-04-15 01:34:21,590 [Worker-10: Building] INFO  o.a.m.s.f.DefaultMavenResourcesFiltering - skip non existing resourceDirectory D:\AgadgoanApplication\DevoteeApplicationBackend\src\test\resources
2025-04-15 01:40:01,001 [Worker-8: Launching Executing clean in D__AgadgoanApplication_DevoteeApplicationBackend] INFO  o.eclipse.m2e.core.internal.Bundles - getClasspathEntries(Bundle=org.eclipse.m2e.maven.runtime_3.9.900.20250220-2013 [296])
2025-04-15 01:40:01,004 [Worker-8: Launching Executing clean in D__AgadgoanApplication_DevoteeApplicationBackend] INFO  o.eclipse.m2e.core.internal.Bundles - 	Entry: C:\Users\Admin\.p2\pool\plugins\org.eclipse.m2e.maven.runtime_3.9.900.20250220-2013
2025-04-15 01:40:01,005 [Worker-8: Launching Executing clean in D__AgadgoanApplication_DevoteeApplicationBackend] INFO  o.eclipse.m2e.core.internal.Bundles - 	Entry: C:\Users\Admin\.p2\pool\plugins\org.eclipse.m2e.maven.runtime_3.9.900.20250220-2013\jars\aopalliance-1.0.jar
2025-04-15 01:40:01,005 [Worker-8: Launching Executing clean in D__AgadgoanApplication_DevoteeApplicationBackend] INFO  o.eclipse.m2e.core.internal.Bundles - 	Entry: C:\Users\Admin\.p2\pool\plugins\org.eclipse.m2e.maven.runtime_3.9.900.20250220-2013\jars\guice-5.1.0.jar
2025-04-15 01:40:01,006 [Worker-8: Launching Executing clean in D__AgadgoanApplication_DevoteeApplicationBackend] INFO  o.eclipse.m2e.core.internal.Bundles - 	Entry: C:\Users\Admin\.p2\pool\plugins\org.eclipse.m2e.maven.runtime_3.9.900.20250220-2013\jars\httpclient-4.5.14.jar
2025-04-15 01:40:01,006 [Worker-8: Launching Executing clean in D__AgadgoanApplication_DevoteeApplicationBackend] INFO  o.eclipse.m2e.core.internal.Bundles - 	Entry: C:\Users\Admin\.p2\pool\plugins\org.eclipse.m2e.maven.runtime_3.9.900.20250220-2013\jars\httpcore-4.4.16.jar
2025-04-15 01:40:01,006 [Worker-8: Launching Executing clean in D__AgadgoanApplication_DevoteeApplicationBackend] INFO  o.eclipse.m2e.core.internal.Bundles - 	Entry: C:\Users\Admin\.p2\pool\plugins\org.eclipse.m2e.maven.runtime_3.9.900.20250220-2013\jars\jansi-2.4.1.jar
2025-04-15 01:40:01,007 [Worker-8: Launching Executing clean in D__AgadgoanApplication_DevoteeApplicationBackend] INFO  o.eclipse.m2e.core.internal.Bundles - 	Entry: C:\Users\Admin\.p2\pool\plugins\org.eclipse.m2e.maven.runtime_3.9.900.20250220-2013\jars\jcl-over-slf4j-1.7.36.jar
2025-04-15 01:40:01,007 [Worker-8: Launching Executing clean in D__AgadgoanApplication_DevoteeApplicationBackend] INFO  o.eclipse.m2e.core.internal.Bundles - 	Entry: C:\Users\Admin\.p2\pool\plugins\org.eclipse.m2e.maven.runtime_3.9.900.20250220-2013\jars\maven-artifact-3.9.9.jar
2025-04-15 01:40:01,007 [Worker-8: Launching Executing clean in D__AgadgoanApplication_DevoteeApplicationBackend] INFO  o.eclipse.m2e.core.internal.Bundles - 	Entry: C:\Users\Admin\.p2\pool\plugins\org.eclipse.m2e.maven.runtime_3.9.900.20250220-2013\jars\maven-builder-support-3.9.9.jar
2025-04-15 01:40:01,008 [Worker-8: Launching Executing clean in D__AgadgoanApplication_DevoteeApplicationBackend] INFO  o.eclipse.m2e.core.internal.Bundles - 	Entry: C:\Users\Admin\.p2\pool\plugins\org.eclipse.m2e.maven.runtime_3.9.900.20250220-2013\jars\maven-compat-3.9.9.jar
2025-04-15 01:40:01,008 [Worker-8: Launching Executing clean in D__AgadgoanApplication_DevoteeApplicationBackend] INFO  o.eclipse.m2e.core.internal.Bundles - 	Entry: C:\Users\Admin\.p2\pool\plugins\org.eclipse.m2e.maven.runtime_3.9.900.20250220-2013\jars\maven-core-3.9.9.jar
2025-04-15 01:40:01,008 [Worker-8: Launching Executing clean in D__AgadgoanApplication_DevoteeApplicationBackend] INFO  o.eclipse.m2e.core.internal.Bundles - 	Entry: C:\Users\Admin\.p2\pool\plugins\org.eclipse.m2e.maven.runtime_3.9.900.20250220-2013\jars\maven-embedder-3.9.9.jar
2025-04-15 01:40:01,009 [Worker-8: Launching Executing clean in D__AgadgoanApplication_DevoteeApplicationBackend] INFO  o.eclipse.m2e.core.internal.Bundles - 	Entry: C:\Users\Admin\.p2\pool\plugins\org.eclipse.m2e.maven.runtime_3.9.900.20250220-2013\jars\maven-model-3.9.9.jar
2025-04-15 01:40:01,009 [Worker-8: Launching Executing clean in D__AgadgoanApplication_DevoteeApplicationBackend] INFO  o.eclipse.m2e.core.internal.Bundles - 	Entry: C:\Users\Admin\.p2\pool\plugins\org.eclipse.m2e.maven.runtime_3.9.900.20250220-2013\jars\maven-model-builder-3.9.9.jar
2025-04-15 01:40:01,009 [Worker-8: Launching Executing clean in D__AgadgoanApplication_DevoteeApplicationBackend] INFO  o.eclipse.m2e.core.internal.Bundles - 	Entry: C:\Users\Admin\.p2\pool\plugins\org.eclipse.m2e.maven.runtime_3.9.900.20250220-2013\jars\maven-plugin-api-3.9.9.jar
2025-04-15 01:40:01,010 [Worker-8: Launching Executing clean in D__AgadgoanApplication_DevoteeApplicationBackend] INFO  o.eclipse.m2e.core.internal.Bundles - 	Entry: C:\Users\Admin\.p2\pool\plugins\org.eclipse.m2e.maven.runtime_3.9.900.20250220-2013\jars\maven-repository-metadata-3.9.9.jar
2025-04-15 01:40:01,010 [Worker-8: Launching Executing clean in D__AgadgoanApplication_DevoteeApplicationBackend] INFO  o.eclipse.m2e.core.internal.Bundles - 	Entry: C:\Users\Admin\.p2\pool\plugins\org.eclipse.m2e.maven.runtime_3.9.900.20250220-2013\jars\maven-resolver-api-1.9.22.jar
2025-04-15 01:40:01,010 [Worker-8: Launching Executing clean in D__AgadgoanApplication_DevoteeApplicationBackend] INFO  o.eclipse.m2e.core.internal.Bundles - 	Entry: C:\Users\Admin\.p2\pool\plugins\org.eclipse.m2e.maven.runtime_3.9.900.20250220-2013\jars\maven-resolver-connector-basic-1.9.22.jar
2025-04-15 01:40:01,011 [Worker-8: Launching Executing clean in D__AgadgoanApplication_DevoteeApplicationBackend] INFO  o.eclipse.m2e.core.internal.Bundles - 	Entry: C:\Users\Admin\.p2\pool\plugins\org.eclipse.m2e.maven.runtime_3.9.900.20250220-2013\jars\maven-resolver-impl-1.9.22.jar
2025-04-15 01:40:01,011 [Worker-8: Launching Executing clean in D__AgadgoanApplication_DevoteeApplicationBackend] INFO  o.eclipse.m2e.core.internal.Bundles - 	Entry: C:\Users\Admin\.p2\pool\plugins\org.eclipse.m2e.maven.runtime_3.9.900.20250220-2013\jars\maven-resolver-named-locks-1.9.22.jar
2025-04-15 01:40:01,011 [Worker-8: Launching Executing clean in D__AgadgoanApplication_DevoteeApplicationBackend] INFO  o.eclipse.m2e.core.internal.Bundles - 	Entry: C:\Users\Admin\.p2\pool\plugins\org.eclipse.m2e.maven.runtime_3.9.900.20250220-2013\jars\maven-resolver-provider-3.9.9.jar
2025-04-15 01:40:01,011 [Worker-8: Launching Executing clean in D__AgadgoanApplication_DevoteeApplicationBackend] INFO  o.eclipse.m2e.core.internal.Bundles - 	Entry: C:\Users\Admin\.p2\pool\plugins\org.eclipse.m2e.maven.runtime_3.9.900.20250220-2013\jars\maven-resolver-spi-1.9.22.jar
2025-04-15 01:40:01,012 [Worker-8: Launching Executing clean in D__AgadgoanApplication_DevoteeApplicationBackend] INFO  o.eclipse.m2e.core.internal.Bundles - 	Entry: C:\Users\Admin\.p2\pool\plugins\org.eclipse.m2e.maven.runtime_3.9.900.20250220-2013\jars\maven-resolver-transport-file-1.9.22.jar
2025-04-15 01:40:01,012 [Worker-8: Launching Executing clean in D__AgadgoanApplication_DevoteeApplicationBackend] INFO  o.eclipse.m2e.core.internal.Bundles - 	Entry: C:\Users\Admin\.p2\pool\plugins\org.eclipse.m2e.maven.runtime_3.9.900.20250220-2013\jars\maven-resolver-transport-http-1.9.22.jar
2025-04-15 01:40:01,012 [Worker-8: Launching Executing clean in D__AgadgoanApplication_DevoteeApplicationBackend] INFO  o.eclipse.m2e.core.internal.Bundles - 	Entry: C:\Users\Admin\.p2\pool\plugins\org.eclipse.m2e.maven.runtime_3.9.900.20250220-2013\jars\maven-resolver-transport-wagon-1.9.22.jar
2025-04-15 01:40:01,013 [Worker-8: Launching Executing clean in D__AgadgoanApplication_DevoteeApplicationBackend] INFO  o.eclipse.m2e.core.internal.Bundles - 	Entry: C:\Users\Admin\.p2\pool\plugins\org.eclipse.m2e.maven.runtime_3.9.900.20250220-2013\jars\maven-resolver-util-1.9.22.jar
2025-04-15 01:40:01,013 [Worker-8: Launching Executing clean in D__AgadgoanApplication_DevoteeApplicationBackend] INFO  o.eclipse.m2e.core.internal.Bundles - 	Entry: C:\Users\Admin\.p2\pool\plugins\org.eclipse.m2e.maven.runtime_3.9.900.20250220-2013\jars\maven-settings-3.9.9.jar
2025-04-15 01:40:01,013 [Worker-8: Launching Executing clean in D__AgadgoanApplication_DevoteeApplicationBackend] INFO  o.eclipse.m2e.core.internal.Bundles - 	Entry: C:\Users\Admin\.p2\pool\plugins\org.eclipse.m2e.maven.runtime_3.9.900.20250220-2013\jars\maven-settings-builder-3.9.9.jar
2025-04-15 01:40:01,013 [Worker-8: Launching Executing clean in D__AgadgoanApplication_DevoteeApplicationBackend] INFO  o.eclipse.m2e.core.internal.Bundles - 	Entry: C:\Users\Admin\.p2\pool\plugins\org.eclipse.m2e.maven.runtime_3.9.900.20250220-2013\jars\maven-shared-utils-3.4.2.jar
2025-04-15 01:40:01,014 [Worker-8: Launching Executing clean in D__AgadgoanApplication_DevoteeApplicationBackend] INFO  o.eclipse.m2e.core.internal.Bundles - 	Entry: C:\Users\Admin\.p2\pool\plugins\org.eclipse.m2e.maven.runtime_3.9.900.20250220-2013\jars\org.eclipse.sisu.inject-0.9.0.M3.jar
2025-04-15 01:40:01,014 [Worker-8: Launching Executing clean in D__AgadgoanApplication_DevoteeApplicationBackend] INFO  o.eclipse.m2e.core.internal.Bundles - 	Entry: C:\Users\Admin\.p2\pool\plugins\org.eclipse.m2e.maven.runtime_3.9.900.20250220-2013\jars\org.eclipse.sisu.plexus-0.9.0.M3.jar
2025-04-15 01:40:01,014 [Worker-8: Launching Executing clean in D__AgadgoanApplication_DevoteeApplicationBackend] INFO  o.eclipse.m2e.core.internal.Bundles - 	Entry: C:\Users\Admin\.p2\pool\plugins\org.eclipse.m2e.maven.runtime_3.9.900.20250220-2013\jars\plexus-build-api-0.0.7.jar
2025-04-15 01:40:01,015 [Worker-8: Launching Executing clean in D__AgadgoanApplication_DevoteeApplicationBackend] INFO  o.eclipse.m2e.core.internal.Bundles - 	Entry: C:\Users\Admin\.p2\pool\plugins\org.eclipse.m2e.maven.runtime_3.9.900.20250220-2013\jars\plexus-build-api-1.2.0.jar
2025-04-15 01:40:01,015 [Worker-8: Launching Executing clean in D__AgadgoanApplication_DevoteeApplicationBackend] INFO  o.eclipse.m2e.core.internal.Bundles - 	Entry: C:\Users\Admin\.p2\pool\plugins\org.eclipse.m2e.maven.runtime_3.9.900.20250220-2013\jars\plexus-cipher-2.0.jar
2025-04-15 01:40:01,015 [Worker-8: Launching Executing clean in D__AgadgoanApplication_DevoteeApplicationBackend] INFO  o.eclipse.m2e.core.internal.Bundles - 	Entry: C:\Users\Admin\.p2\pool\plugins\org.eclipse.m2e.maven.runtime_3.9.900.20250220-2013\jars\plexus-classworlds-2.8.0.jar
2025-04-15 01:40:01,015 [Worker-8: Launching Executing clean in D__AgadgoanApplication_DevoteeApplicationBackend] INFO  o.eclipse.m2e.core.internal.Bundles - 	Entry: C:\Users\Admin\.p2\pool\plugins\org.eclipse.m2e.maven.runtime_3.9.900.20250220-2013\jars\plexus-component-annotations-2.1.0.jar
2025-04-15 01:40:01,016 [Worker-8: Launching Executing clean in D__AgadgoanApplication_DevoteeApplicationBackend] INFO  o.eclipse.m2e.core.internal.Bundles - 	Entry: C:\Users\Admin\.p2\pool\plugins\org.eclipse.m2e.maven.runtime_3.9.900.20250220-2013\jars\plexus-interpolation-1.27.jar
2025-04-15 01:40:01,016 [Worker-8: Launching Executing clean in D__AgadgoanApplication_DevoteeApplicationBackend] INFO  o.eclipse.m2e.core.internal.Bundles - 	Entry: C:\Users\Admin\.p2\pool\plugins\org.eclipse.m2e.maven.runtime_3.9.900.20250220-2013\jars\plexus-sec-dispatcher-2.0.jar
2025-04-15 01:40:01,016 [Worker-8: Launching Executing clean in D__AgadgoanApplication_DevoteeApplicationBackend] INFO  o.eclipse.m2e.core.internal.Bundles - 	Entry: C:\Users\Admin\.p2\pool\plugins\org.eclipse.m2e.maven.runtime_3.9.900.20250220-2013\jars\plexus-utils-3.5.1.jar
2025-04-15 01:40:01,017 [Worker-8: Launching Executing clean in D__AgadgoanApplication_DevoteeApplicationBackend] INFO  o.eclipse.m2e.core.internal.Bundles - 	Entry: C:\Users\Admin\.p2\pool\plugins\org.eclipse.m2e.maven.runtime_3.9.900.20250220-2013\jars\plexus-xml-3.0.1.jar
2025-04-15 01:40:01,017 [Worker-8: Launching Executing clean in D__AgadgoanApplication_DevoteeApplicationBackend] INFO  o.eclipse.m2e.core.internal.Bundles - 	Entry: C:\Users\Admin\.p2\pool\plugins\org.eclipse.m2e.maven.runtime_3.9.900.20250220-2013\jars\wagon-file-3.5.3.jar
2025-04-15 01:40:01,018 [Worker-8: Launching Executing clean in D__AgadgoanApplication_DevoteeApplicationBackend] INFO  o.eclipse.m2e.core.internal.Bundles - 	Entry: C:\Users\Admin\.p2\pool\plugins\org.eclipse.m2e.maven.runtime_3.9.900.20250220-2013\jars\wagon-http-3.5.3.jar
2025-04-15 01:40:01,018 [Worker-8: Launching Executing clean in D__AgadgoanApplication_DevoteeApplicationBackend] INFO  o.eclipse.m2e.core.internal.Bundles - 	Entry: C:\Users\Admin\.p2\pool\plugins\org.eclipse.m2e.maven.runtime_3.9.900.20250220-2013\jars\wagon-http-shared-3.5.3.jar
2025-04-15 01:40:01,018 [Worker-8: Launching Executing clean in D__AgadgoanApplication_DevoteeApplicationBackend] INFO  o.eclipse.m2e.core.internal.Bundles - 	Entry: C:\Users\Admin\.p2\pool\plugins\org.eclipse.m2e.maven.runtime_3.9.900.20250220-2013\jars\wagon-provider-api-3.5.3.jar
2025-04-15 01:40:01,024 [Worker-8: Launching Executing clean in D__AgadgoanApplication_DevoteeApplicationBackend] INFO  o.eclipse.m2e.core.internal.Bundles - getClasspathEntries(Bundle=com.google.guava_33.4.0.jre [12])
2025-04-15 01:40:01,025 [Worker-8: Launching Executing clean in D__AgadgoanApplication_DevoteeApplicationBackend] INFO  o.eclipse.m2e.core.internal.Bundles - 	Entry: C:\Users\Admin\.p2\pool\plugins\com.google.guava_33.4.0.jre.jar
2025-04-15 01:40:01,025 [Worker-8: Launching Executing clean in D__AgadgoanApplication_DevoteeApplicationBackend] INFO  o.eclipse.m2e.core.internal.Bundles - getClasspathEntries(Bundle=slf4j.api_2.0.17 [589])
2025-04-15 01:40:01,026 [Worker-8: Launching Executing clean in D__AgadgoanApplication_DevoteeApplicationBackend] INFO  o.eclipse.m2e.core.internal.Bundles - 	Entry: C:\Users\Admin\.p2\pool\plugins\slf4j.api_2.0.17.jar
2025-04-15 01:40:01,026 [Worker-8: Launching Executing clean in D__AgadgoanApplication_DevoteeApplicationBackend] INFO  o.eclipse.m2e.core.internal.Bundles - getClasspathEntries(Bundle=jakarta.inject.jakarta.inject-api_1.0.5 [24])
2025-04-15 01:40:01,027 [Worker-8: Launching Executing clean in D__AgadgoanApplication_DevoteeApplicationBackend] INFO  o.eclipse.m2e.core.internal.Bundles - 	Entry: C:\Users\Admin\.p2\pool\plugins\jakarta.inject.jakarta.inject-api_1.0.5.jar
2025-04-15 01:40:01,027 [Worker-8: Launching Executing clean in D__AgadgoanApplication_DevoteeApplicationBackend] INFO  o.eclipse.m2e.core.internal.Bundles - getClasspathEntries(Bundle=jakarta.annotation-api_1.3.5 [22])
2025-04-15 01:40:01,028 [Worker-8: Launching Executing clean in D__AgadgoanApplication_DevoteeApplicationBackend] INFO  o.eclipse.m2e.core.internal.Bundles - 	Entry: C:\Users\Admin\.p2\pool\plugins\jakarta.annotation-api_1.3.5.jar
2025-04-15 01:40:01,029 [Worker-8: Launching Executing clean in D__AgadgoanApplication_DevoteeApplicationBackend] INFO  o.eclipse.m2e.core.internal.Bundles - getClasspathEntries(Bundle=org.apache.commons.cli_1.9.0 [48])
2025-04-15 01:40:01,030 [Worker-8: Launching Executing clean in D__AgadgoanApplication_DevoteeApplicationBackend] INFO  o.eclipse.m2e.core.internal.Bundles - 	Entry: C:\Users\Admin\.p2\pool\plugins\org.apache.commons.cli_1.9.0.jar
2025-04-15 01:40:01,030 [Worker-8: Launching Executing clean in D__AgadgoanApplication_DevoteeApplicationBackend] INFO  o.eclipse.m2e.core.internal.Bundles - getClasspathEntries(Bundle=org.apache.commons.commons-codec_1.16.0 [49])
2025-04-15 01:40:01,031 [Worker-8: Launching Executing clean in D__AgadgoanApplication_DevoteeApplicationBackend] INFO  o.eclipse.m2e.core.internal.Bundles - 	Entry: C:\Users\Admin\.p2\pool\plugins\org.apache.commons.commons-codec_1.16.0.jar
2025-04-15 01:40:01,031 [Worker-8: Launching Executing clean in D__AgadgoanApplication_DevoteeApplicationBackend] INFO  o.eclipse.m2e.core.internal.Bundles - getClasspathEntries(Bundle=com.google.guava.failureaccess_1.0.2 [13])
2025-04-15 01:40:01,032 [Worker-8: Launching Executing clean in D__AgadgoanApplication_DevoteeApplicationBackend] INFO  o.eclipse.m2e.core.internal.Bundles - 	Entry: C:\Users\Admin\.p2\pool\plugins\com.google.guava.failureaccess_1.0.2.jar
2025-04-15 01:40:01,038 [Worker-8: Launching Executing clean in D__AgadgoanApplication_DevoteeApplicationBackend] INFO  o.e.m.i.launch.MavenLaunchDelegate - Run build in "D:\AgadgoanApplication\DevoteeApplicationBackend":
2025-04-15 01:40:01,041 [Worker-8: Launching Executing clean in D__AgadgoanApplication_DevoteeApplicationBackend] INFO  o.e.m.i.launch.MavenLaunchDelegate -  mvn  -B -Dstyle.color=always clean
2025-04-15 01:40:05,581 [Worker-5: Building] INFO  o.a.m.s.f.DefaultMavenResourcesFiltering - Copying 1 resource from src\main\resources to target\classes
2025-04-15 01:40:05,586 [Worker-5: Building] INFO  o.a.m.s.f.DefaultMavenResourcesFiltering - Copying 0 resource from src\main\resources to target\classes
2025-04-15 01:40:05,592 [Worker-5: Building] INFO  o.a.m.s.f.DefaultMavenResourcesFiltering - skip non existing resourceDirectory D:\AgadgoanApplication\DevoteeApplicationBackend\src\test\resources
2025-04-15 01:40:48,355 [Worker-3: Launching Executing install in D__AgadgoanApplication_DevoteeApplicationBackend] INFO  o.eclipse.m2e.core.internal.Bundles - getClasspathEntries(Bundle=org.eclipse.m2e.maven.runtime_3.9.900.20250220-2013 [296])
2025-04-15 01:40:48,356 [Worker-3: Launching Executing install in D__AgadgoanApplication_DevoteeApplicationBackend] INFO  o.eclipse.m2e.core.internal.Bundles - 	Entry: C:\Users\Admin\.p2\pool\plugins\org.eclipse.m2e.maven.runtime_3.9.900.20250220-2013
2025-04-15 01:40:48,357 [Worker-3: Launching Executing install in D__AgadgoanApplication_DevoteeApplicationBackend] INFO  o.eclipse.m2e.core.internal.Bundles - 	Entry: C:\Users\Admin\.p2\pool\plugins\org.eclipse.m2e.maven.runtime_3.9.900.20250220-2013\jars\aopalliance-1.0.jar
2025-04-15 01:40:48,357 [Worker-3: Launching Executing install in D__AgadgoanApplication_DevoteeApplicationBackend] INFO  o.eclipse.m2e.core.internal.Bundles - 	Entry: C:\Users\Admin\.p2\pool\plugins\org.eclipse.m2e.maven.runtime_3.9.900.20250220-2013\jars\guice-5.1.0.jar
2025-04-15 01:40:48,357 [Worker-3: Launching Executing install in D__AgadgoanApplication_DevoteeApplicationBackend] INFO  o.eclipse.m2e.core.internal.Bundles - 	Entry: C:\Users\Admin\.p2\pool\plugins\org.eclipse.m2e.maven.runtime_3.9.900.20250220-2013\jars\httpclient-4.5.14.jar
2025-04-15 01:40:48,358 [Worker-3: Launching Executing install in D__AgadgoanApplication_DevoteeApplicationBackend] INFO  o.eclipse.m2e.core.internal.Bundles - 	Entry: C:\Users\Admin\.p2\pool\plugins\org.eclipse.m2e.maven.runtime_3.9.900.20250220-2013\jars\httpcore-4.4.16.jar
2025-04-15 01:40:48,358 [Worker-3: Launching Executing install in D__AgadgoanApplication_DevoteeApplicationBackend] INFO  o.eclipse.m2e.core.internal.Bundles - 	Entry: C:\Users\Admin\.p2\pool\plugins\org.eclipse.m2e.maven.runtime_3.9.900.20250220-2013\jars\jansi-2.4.1.jar
2025-04-15 01:40:48,358 [Worker-3: Launching Executing install in D__AgadgoanApplication_DevoteeApplicationBackend] INFO  o.eclipse.m2e.core.internal.Bundles - 	Entry: C:\Users\Admin\.p2\pool\plugins\org.eclipse.m2e.maven.runtime_3.9.900.20250220-2013\jars\jcl-over-slf4j-1.7.36.jar
2025-04-15 01:40:48,358 [Worker-3: Launching Executing install in D__AgadgoanApplication_DevoteeApplicationBackend] INFO  o.eclipse.m2e.core.internal.Bundles - 	Entry: C:\Users\Admin\.p2\pool\plugins\org.eclipse.m2e.maven.runtime_3.9.900.20250220-2013\jars\maven-artifact-3.9.9.jar
2025-04-15 01:40:48,359 [Worker-3: Launching Executing install in D__AgadgoanApplication_DevoteeApplicationBackend] INFO  o.eclipse.m2e.core.internal.Bundles - 	Entry: C:\Users\Admin\.p2\pool\plugins\org.eclipse.m2e.maven.runtime_3.9.900.20250220-2013\jars\maven-builder-support-3.9.9.jar
2025-04-15 01:40:48,360 [Worker-3: Launching Executing install in D__AgadgoanApplication_DevoteeApplicationBackend] INFO  o.eclipse.m2e.core.internal.Bundles - 	Entry: C:\Users\Admin\.p2\pool\plugins\org.eclipse.m2e.maven.runtime_3.9.900.20250220-2013\jars\maven-compat-3.9.9.jar
2025-04-15 01:40:48,360 [Worker-3: Launching Executing install in D__AgadgoanApplication_DevoteeApplicationBackend] INFO  o.eclipse.m2e.core.internal.Bundles - 	Entry: C:\Users\Admin\.p2\pool\plugins\org.eclipse.m2e.maven.runtime_3.9.900.20250220-2013\jars\maven-core-3.9.9.jar
2025-04-15 01:40:48,360 [Worker-3: Launching Executing install in D__AgadgoanApplication_DevoteeApplicationBackend] INFO  o.eclipse.m2e.core.internal.Bundles - 	Entry: C:\Users\Admin\.p2\pool\plugins\org.eclipse.m2e.maven.runtime_3.9.900.20250220-2013\jars\maven-embedder-3.9.9.jar
2025-04-15 01:40:48,361 [Worker-3: Launching Executing install in D__AgadgoanApplication_DevoteeApplicationBackend] INFO  o.eclipse.m2e.core.internal.Bundles - 	Entry: C:\Users\Admin\.p2\pool\plugins\org.eclipse.m2e.maven.runtime_3.9.900.20250220-2013\jars\maven-model-3.9.9.jar
2025-04-15 01:40:48,361 [Worker-3: Launching Executing install in D__AgadgoanApplication_DevoteeApplicationBackend] INFO  o.eclipse.m2e.core.internal.Bundles - 	Entry: C:\Users\Admin\.p2\pool\plugins\org.eclipse.m2e.maven.runtime_3.9.900.20250220-2013\jars\maven-model-builder-3.9.9.jar
2025-04-15 01:40:48,361 [Worker-3: Launching Executing install in D__AgadgoanApplication_DevoteeApplicationBackend] INFO  o.eclipse.m2e.core.internal.Bundles - 	Entry: C:\Users\Admin\.p2\pool\plugins\org.eclipse.m2e.maven.runtime_3.9.900.20250220-2013\jars\maven-plugin-api-3.9.9.jar
2025-04-15 01:40:48,361 [Worker-3: Launching Executing install in D__AgadgoanApplication_DevoteeApplicationBackend] INFO  o.eclipse.m2e.core.internal.Bundles - 	Entry: C:\Users\Admin\.p2\pool\plugins\org.eclipse.m2e.maven.runtime_3.9.900.20250220-2013\jars\maven-repository-metadata-3.9.9.jar
2025-04-15 01:40:48,361 [Worker-3: Launching Executing install in D__AgadgoanApplication_DevoteeApplicationBackend] INFO  o.eclipse.m2e.core.internal.Bundles - 	Entry: C:\Users\Admin\.p2\pool\plugins\org.eclipse.m2e.maven.runtime_3.9.900.20250220-2013\jars\maven-resolver-api-1.9.22.jar
2025-04-15 01:40:48,362 [Worker-3: Launching Executing install in D__AgadgoanApplication_DevoteeApplicationBackend] INFO  o.eclipse.m2e.core.internal.Bundles - 	Entry: C:\Users\Admin\.p2\pool\plugins\org.eclipse.m2e.maven.runtime_3.9.900.20250220-2013\jars\maven-resolver-connector-basic-1.9.22.jar
2025-04-15 01:40:48,362 [Worker-3: Launching Executing install in D__AgadgoanApplication_DevoteeApplicationBackend] INFO  o.eclipse.m2e.core.internal.Bundles - 	Entry: C:\Users\Admin\.p2\pool\plugins\org.eclipse.m2e.maven.runtime_3.9.900.20250220-2013\jars\maven-resolver-impl-1.9.22.jar
2025-04-15 01:40:48,362 [Worker-3: Launching Executing install in D__AgadgoanApplication_DevoteeApplicationBackend] INFO  o.eclipse.m2e.core.internal.Bundles - 	Entry: C:\Users\Admin\.p2\pool\plugins\org.eclipse.m2e.maven.runtime_3.9.900.20250220-2013\jars\maven-resolver-named-locks-1.9.22.jar
2025-04-15 01:40:48,363 [Worker-3: Launching Executing install in D__AgadgoanApplication_DevoteeApplicationBackend] INFO  o.eclipse.m2e.core.internal.Bundles - 	Entry: C:\Users\Admin\.p2\pool\plugins\org.eclipse.m2e.maven.runtime_3.9.900.20250220-2013\jars\maven-resolver-provider-3.9.9.jar
2025-04-15 01:40:48,363 [Worker-3: Launching Executing install in D__AgadgoanApplication_DevoteeApplicationBackend] INFO  o.eclipse.m2e.core.internal.Bundles - 	Entry: C:\Users\Admin\.p2\pool\plugins\org.eclipse.m2e.maven.runtime_3.9.900.20250220-2013\jars\maven-resolver-spi-1.9.22.jar
2025-04-15 01:40:48,364 [Worker-3: Launching Executing install in D__AgadgoanApplication_DevoteeApplicationBackend] INFO  o.eclipse.m2e.core.internal.Bundles - 	Entry: C:\Users\Admin\.p2\pool\plugins\org.eclipse.m2e.maven.runtime_3.9.900.20250220-2013\jars\maven-resolver-transport-file-1.9.22.jar
2025-04-15 01:40:48,364 [Worker-3: Launching Executing install in D__AgadgoanApplication_DevoteeApplicationBackend] INFO  o.eclipse.m2e.core.internal.Bundles - 	Entry: C:\Users\Admin\.p2\pool\plugins\org.eclipse.m2e.maven.runtime_3.9.900.20250220-2013\jars\maven-resolver-transport-http-1.9.22.jar
2025-04-15 01:40:48,364 [Worker-3: Launching Executing install in D__AgadgoanApplication_DevoteeApplicationBackend] INFO  o.eclipse.m2e.core.internal.Bundles - 	Entry: C:\Users\Admin\.p2\pool\plugins\org.eclipse.m2e.maven.runtime_3.9.900.20250220-2013\jars\maven-resolver-transport-wagon-1.9.22.jar
2025-04-15 01:40:48,370 [Worker-3: Launching Executing install in D__AgadgoanApplication_DevoteeApplicationBackend] INFO  o.eclipse.m2e.core.internal.Bundles - 	Entry: C:\Users\Admin\.p2\pool\plugins\org.eclipse.m2e.maven.runtime_3.9.900.20250220-2013\jars\maven-resolver-util-1.9.22.jar
2025-04-15 01:40:48,370 [Worker-3: Launching Executing install in D__AgadgoanApplication_DevoteeApplicationBackend] INFO  o.eclipse.m2e.core.internal.Bundles - 	Entry: C:\Users\Admin\.p2\pool\plugins\org.eclipse.m2e.maven.runtime_3.9.900.20250220-2013\jars\maven-settings-3.9.9.jar
2025-04-15 01:40:48,370 [Worker-3: Launching Executing install in D__AgadgoanApplication_DevoteeApplicationBackend] INFO  o.eclipse.m2e.core.internal.Bundles - 	Entry: C:\Users\Admin\.p2\pool\plugins\org.eclipse.m2e.maven.runtime_3.9.900.20250220-2013\jars\maven-settings-builder-3.9.9.jar
2025-04-15 01:40:48,371 [Worker-3: Launching Executing install in D__AgadgoanApplication_DevoteeApplicationBackend] INFO  o.eclipse.m2e.core.internal.Bundles - 	Entry: C:\Users\Admin\.p2\pool\plugins\org.eclipse.m2e.maven.runtime_3.9.900.20250220-2013\jars\maven-shared-utils-3.4.2.jar
2025-04-15 01:40:48,371 [Worker-3: Launching Executing install in D__AgadgoanApplication_DevoteeApplicationBackend] INFO  o.eclipse.m2e.core.internal.Bundles - 	Entry: C:\Users\Admin\.p2\pool\plugins\org.eclipse.m2e.maven.runtime_3.9.900.20250220-2013\jars\org.eclipse.sisu.inject-0.9.0.M3.jar
2025-04-15 01:40:48,371 [Worker-3: Launching Executing install in D__AgadgoanApplication_DevoteeApplicationBackend] INFO  o.eclipse.m2e.core.internal.Bundles - 	Entry: C:\Users\Admin\.p2\pool\plugins\org.eclipse.m2e.maven.runtime_3.9.900.20250220-2013\jars\org.eclipse.sisu.plexus-0.9.0.M3.jar
2025-04-15 01:40:48,372 [Worker-3: Launching Executing install in D__AgadgoanApplication_DevoteeApplicationBackend] INFO  o.eclipse.m2e.core.internal.Bundles - 	Entry: C:\Users\Admin\.p2\pool\plugins\org.eclipse.m2e.maven.runtime_3.9.900.20250220-2013\jars\plexus-build-api-0.0.7.jar
2025-04-15 01:40:48,372 [Worker-3: Launching Executing install in D__AgadgoanApplication_DevoteeApplicationBackend] INFO  o.eclipse.m2e.core.internal.Bundles - 	Entry: C:\Users\Admin\.p2\pool\plugins\org.eclipse.m2e.maven.runtime_3.9.900.20250220-2013\jars\plexus-build-api-1.2.0.jar
2025-04-15 01:40:48,372 [Worker-3: Launching Executing install in D__AgadgoanApplication_DevoteeApplicationBackend] INFO  o.eclipse.m2e.core.internal.Bundles - 	Entry: C:\Users\Admin\.p2\pool\plugins\org.eclipse.m2e.maven.runtime_3.9.900.20250220-2013\jars\plexus-cipher-2.0.jar
2025-04-15 01:40:48,373 [Worker-3: Launching Executing install in D__AgadgoanApplication_DevoteeApplicationBackend] INFO  o.eclipse.m2e.core.internal.Bundles - 	Entry: C:\Users\Admin\.p2\pool\plugins\org.eclipse.m2e.maven.runtime_3.9.900.20250220-2013\jars\plexus-classworlds-2.8.0.jar
2025-04-15 01:40:48,373 [Worker-3: Launching Executing install in D__AgadgoanApplication_DevoteeApplicationBackend] INFO  o.eclipse.m2e.core.internal.Bundles - 	Entry: C:\Users\Admin\.p2\pool\plugins\org.eclipse.m2e.maven.runtime_3.9.900.20250220-2013\jars\plexus-component-annotations-2.1.0.jar
2025-04-15 01:40:48,373 [Worker-3: Launching Executing install in D__AgadgoanApplication_DevoteeApplicationBackend] INFO  o.eclipse.m2e.core.internal.Bundles - 	Entry: C:\Users\Admin\.p2\pool\plugins\org.eclipse.m2e.maven.runtime_3.9.900.20250220-2013\jars\plexus-interpolation-1.27.jar
2025-04-15 01:40:48,374 [Worker-3: Launching Executing install in D__AgadgoanApplication_DevoteeApplicationBackend] INFO  o.eclipse.m2e.core.internal.Bundles - 	Entry: C:\Users\Admin\.p2\pool\plugins\org.eclipse.m2e.maven.runtime_3.9.900.20250220-2013\jars\plexus-sec-dispatcher-2.0.jar
2025-04-15 01:40:48,374 [Worker-3: Launching Executing install in D__AgadgoanApplication_DevoteeApplicationBackend] INFO  o.eclipse.m2e.core.internal.Bundles - 	Entry: C:\Users\Admin\.p2\pool\plugins\org.eclipse.m2e.maven.runtime_3.9.900.20250220-2013\jars\plexus-utils-3.5.1.jar
2025-04-15 01:40:48,374 [Worker-3: Launching Executing install in D__AgadgoanApplication_DevoteeApplicationBackend] INFO  o.eclipse.m2e.core.internal.Bundles - 	Entry: C:\Users\Admin\.p2\pool\plugins\org.eclipse.m2e.maven.runtime_3.9.900.20250220-2013\jars\plexus-xml-3.0.1.jar
2025-04-15 01:40:48,375 [Worker-3: Launching Executing install in D__AgadgoanApplication_DevoteeApplicationBackend] INFO  o.eclipse.m2e.core.internal.Bundles - 	Entry: C:\Users\Admin\.p2\pool\plugins\org.eclipse.m2e.maven.runtime_3.9.900.20250220-2013\jars\wagon-file-3.5.3.jar
2025-04-15 01:40:48,375 [Worker-3: Launching Executing install in D__AgadgoanApplication_DevoteeApplicationBackend] INFO  o.eclipse.m2e.core.internal.Bundles - 	Entry: C:\Users\Admin\.p2\pool\plugins\org.eclipse.m2e.maven.runtime_3.9.900.20250220-2013\jars\wagon-http-3.5.3.jar
2025-04-15 01:40:48,375 [Worker-3: Launching Executing install in D__AgadgoanApplication_DevoteeApplicationBackend] INFO  o.eclipse.m2e.core.internal.Bundles - 	Entry: C:\Users\Admin\.p2\pool\plugins\org.eclipse.m2e.maven.runtime_3.9.900.20250220-2013\jars\wagon-http-shared-3.5.3.jar
2025-04-15 01:40:48,376 [Worker-3: Launching Executing install in D__AgadgoanApplication_DevoteeApplicationBackend] INFO  o.eclipse.m2e.core.internal.Bundles - 	Entry: C:\Users\Admin\.p2\pool\plugins\org.eclipse.m2e.maven.runtime_3.9.900.20250220-2013\jars\wagon-provider-api-3.5.3.jar
2025-04-15 01:40:48,376 [Worker-3: Launching Executing install in D__AgadgoanApplication_DevoteeApplicationBackend] INFO  o.eclipse.m2e.core.internal.Bundles - getClasspathEntries(Bundle=com.google.guava_33.4.0.jre [12])
2025-04-15 01:40:48,377 [Worker-3: Launching Executing install in D__AgadgoanApplication_DevoteeApplicationBackend] INFO  o.eclipse.m2e.core.internal.Bundles - 	Entry: C:\Users\Admin\.p2\pool\plugins\com.google.guava_33.4.0.jre.jar
2025-04-15 01:40:48,377 [Worker-3: Launching Executing install in D__AgadgoanApplication_DevoteeApplicationBackend] INFO  o.eclipse.m2e.core.internal.Bundles - getClasspathEntries(Bundle=slf4j.api_2.0.17 [589])
2025-04-15 01:40:48,378 [Worker-3: Launching Executing install in D__AgadgoanApplication_DevoteeApplicationBackend] INFO  o.eclipse.m2e.core.internal.Bundles - 	Entry: C:\Users\Admin\.p2\pool\plugins\slf4j.api_2.0.17.jar
2025-04-15 01:40:48,378 [Worker-3: Launching Executing install in D__AgadgoanApplication_DevoteeApplicationBackend] INFO  o.eclipse.m2e.core.internal.Bundles - getClasspathEntries(Bundle=jakarta.inject.jakarta.inject-api_1.0.5 [24])
2025-04-15 01:40:48,379 [Worker-3: Launching Executing install in D__AgadgoanApplication_DevoteeApplicationBackend] INFO  o.eclipse.m2e.core.internal.Bundles - 	Entry: C:\Users\Admin\.p2\pool\plugins\jakarta.inject.jakarta.inject-api_1.0.5.jar
2025-04-15 01:40:48,379 [Worker-3: Launching Executing install in D__AgadgoanApplication_DevoteeApplicationBackend] INFO  o.eclipse.m2e.core.internal.Bundles - getClasspathEntries(Bundle=jakarta.annotation-api_1.3.5 [22])
2025-04-15 01:40:48,380 [Worker-3: Launching Executing install in D__AgadgoanApplication_DevoteeApplicationBackend] INFO  o.eclipse.m2e.core.internal.Bundles - 	Entry: C:\Users\Admin\.p2\pool\plugins\jakarta.annotation-api_1.3.5.jar
2025-04-15 01:40:48,380 [Worker-3: Launching Executing install in D__AgadgoanApplication_DevoteeApplicationBackend] INFO  o.eclipse.m2e.core.internal.Bundles - getClasspathEntries(Bundle=org.apache.commons.cli_1.9.0 [48])
2025-04-15 01:40:48,381 [Worker-3: Launching Executing install in D__AgadgoanApplication_DevoteeApplicationBackend] INFO  o.eclipse.m2e.core.internal.Bundles - 	Entry: C:\Users\Admin\.p2\pool\plugins\org.apache.commons.cli_1.9.0.jar
2025-04-15 01:40:48,381 [Worker-3: Launching Executing install in D__AgadgoanApplication_DevoteeApplicationBackend] INFO  o.eclipse.m2e.core.internal.Bundles - getClasspathEntries(Bundle=org.apache.commons.commons-codec_1.16.0 [49])
2025-04-15 01:40:48,382 [Worker-3: Launching Executing install in D__AgadgoanApplication_DevoteeApplicationBackend] INFO  o.eclipse.m2e.core.internal.Bundles - 	Entry: C:\Users\Admin\.p2\pool\plugins\org.apache.commons.commons-codec_1.16.0.jar
2025-04-15 01:40:48,383 [Worker-3: Launching Executing install in D__AgadgoanApplication_DevoteeApplicationBackend] INFO  o.eclipse.m2e.core.internal.Bundles - getClasspathEntries(Bundle=com.google.guava.failureaccess_1.0.2 [13])
2025-04-15 01:40:48,384 [Worker-3: Launching Executing install in D__AgadgoanApplication_DevoteeApplicationBackend] INFO  o.eclipse.m2e.core.internal.Bundles - 	Entry: C:\Users\Admin\.p2\pool\plugins\com.google.guava.failureaccess_1.0.2.jar
2025-04-15 01:40:48,386 [Worker-3: Launching Executing install in D__AgadgoanApplication_DevoteeApplicationBackend] INFO  o.e.m.i.launch.MavenLaunchDelegate - Run build in "D:\AgadgoanApplication\DevoteeApplicationBackend":
2025-04-15 01:40:48,386 [Worker-3: Launching Executing install in D__AgadgoanApplication_DevoteeApplicationBackend] INFO  o.e.m.i.launch.MavenLaunchDelegate -  mvn  -B -Dstyle.color=always install
2025-04-15 01:41:19,420 [Worker-3: Building] INFO  o.a.m.s.f.DefaultMavenResourcesFiltering - Copying 1 resource from src\main\resources to target\classes
2025-04-15 01:41:19,423 [Worker-3: Building] INFO  o.a.m.s.f.DefaultMavenResourcesFiltering - Copying 0 resource from src\main\resources to target\classes
2025-04-15 01:41:19,430 [Worker-3: Building] INFO  o.a.m.s.f.DefaultMavenResourcesFiltering - skip non existing resourceDirectory D:\AgadgoanApplication\DevoteeApplicationBackend\src\test\resources
2025-04-15 03:46:32,724 [Worker-0: Loading available Gradle versions] INFO  o.e.b.c.i.u.g.PublishedGradleVersions - Gradle version information cache is up-to-date. Trying to read.
2025-04-15 03:48:24,368 [Worker-10: Building] INFO  o.a.m.s.f.DefaultMavenResourcesFiltering - Copying 1 resource from src\main\resources to target\classes
2025-04-15 03:48:24,468 [Worker-10: Building] INFO  o.a.m.s.f.DefaultMavenResourcesFiltering - Copying 0 resource from src\main\resources to target\classes
2025-04-15 03:48:24,477 [Worker-10: Building] INFO  o.a.m.s.f.DefaultMavenResourcesFiltering - skip non existing resourceDirectory D:\AgadgoanApplication\DevoteeApplicationBackend\src\test\resources
2025-04-15 03:49:16,672 [Worker-11: Building] INFO  o.a.m.s.f.DefaultMavenResourcesFiltering - Copying 1 resource from src\main\resources to target\classes
2025-04-15 03:49:16,690 [Worker-11: Building] INFO  o.a.m.s.f.DefaultMavenResourcesFiltering - Copying 0 resource from src\main\resources to target\classes
2025-04-15 03:49:16,821 [Worker-11: Building] INFO  o.a.m.s.f.DefaultMavenResourcesFiltering - skip non existing resourceDirectory D:\AgadgoanApplication\DevoteeApplicationBackend\src\test\resources
2025-04-15 03:50:16,232 [Worker-4: Building] INFO  o.a.m.s.f.DefaultMavenResourcesFiltering - Copying 1 resource from src\main\resources to target\classes
2025-04-15 03:50:16,304 [Worker-4: Building] INFO  o.a.m.s.f.DefaultMavenResourcesFiltering - Copying 0 resource from src\main\resources to target\classes
2025-04-15 03:50:16,314 [Worker-4: Building] INFO  o.a.m.s.f.DefaultMavenResourcesFiltering - skip non existing resourceDirectory D:\AgadgoanApplication\DevoteeApplicationBackend\src\test\resources
2025-04-15 03:50:44,797 [Worker-7: Building] INFO  o.a.m.s.f.DefaultMavenResourcesFiltering - Copying 1 resource from src\main\resources to target\classes
2025-04-15 03:50:44,817 [Worker-7: Building] INFO  o.a.m.s.f.DefaultMavenResourcesFiltering - Copying 0 resource from src\main\resources to target\classes
2025-04-15 03:50:44,830 [Worker-7: Building] INFO  o.a.m.s.f.DefaultMavenResourcesFiltering - skip non existing resourceDirectory D:\AgadgoanApplication\DevoteeApplicationBackend\src\test\resources
2025-04-15 03:50:57,427 [Worker-11: Launching AgadgoanApplication - AgadgoanApplication] INFO  o.a.m.s.f.DefaultMavenResourcesFiltering - Copying 1 resource from src\main\resources to target\classes
2025-04-15 03:50:57,438 [Worker-11: Launching AgadgoanApplication - AgadgoanApplication] INFO  o.a.m.s.f.DefaultMavenResourcesFiltering - Copying 0 resource from src\main\resources to target\classes
2025-04-15 03:50:57,445 [Worker-11: Launching AgadgoanApplication - AgadgoanApplication] INFO  o.a.m.s.f.DefaultMavenResourcesFiltering - skip non existing resourceDirectory D:\AgadgoanApplication\DevoteeApplicationBackend\src\test\resources
2025-04-15 03:52:26,926 [Worker-2: Launching Executing clean in D__AgadgoanApplication_DevoteeApplicationBackend] INFO  o.eclipse.m2e.core.internal.Bundles - getClasspathEntries(Bundle=org.eclipse.m2e.maven.runtime_3.9.900.20250220-2013 [296])
2025-04-15 03:52:26,939 [Worker-2: Launching Executing clean in D__AgadgoanApplication_DevoteeApplicationBackend] INFO  o.eclipse.m2e.core.internal.Bundles - 	Entry: C:\Users\Admin\.p2\pool\plugins\org.eclipse.m2e.maven.runtime_3.9.900.20250220-2013
2025-04-15 03:52:26,940 [Worker-2: Launching Executing clean in D__AgadgoanApplication_DevoteeApplicationBackend] INFO  o.eclipse.m2e.core.internal.Bundles - 	Entry: C:\Users\Admin\.p2\pool\plugins\org.eclipse.m2e.maven.runtime_3.9.900.20250220-2013\jars\aopalliance-1.0.jar
2025-04-15 03:52:26,940 [Worker-2: Launching Executing clean in D__AgadgoanApplication_DevoteeApplicationBackend] INFO  o.eclipse.m2e.core.internal.Bundles - 	Entry: C:\Users\Admin\.p2\pool\plugins\org.eclipse.m2e.maven.runtime_3.9.900.20250220-2013\jars\guice-5.1.0.jar
2025-04-15 03:52:26,941 [Worker-2: Launching Executing clean in D__AgadgoanApplication_DevoteeApplicationBackend] INFO  o.eclipse.m2e.core.internal.Bundles - 	Entry: C:\Users\Admin\.p2\pool\plugins\org.eclipse.m2e.maven.runtime_3.9.900.20250220-2013\jars\httpclient-4.5.14.jar
2025-04-15 03:52:26,941 [Worker-2: Launching Executing clean in D__AgadgoanApplication_DevoteeApplicationBackend] INFO  o.eclipse.m2e.core.internal.Bundles - 	Entry: C:\Users\Admin\.p2\pool\plugins\org.eclipse.m2e.maven.runtime_3.9.900.20250220-2013\jars\httpcore-4.4.16.jar
2025-04-15 03:52:26,941 [Worker-2: Launching Executing clean in D__AgadgoanApplication_DevoteeApplicationBackend] INFO  o.eclipse.m2e.core.internal.Bundles - 	Entry: C:\Users\Admin\.p2\pool\plugins\org.eclipse.m2e.maven.runtime_3.9.900.20250220-2013\jars\jansi-2.4.1.jar
2025-04-15 03:52:26,942 [Worker-2: Launching Executing clean in D__AgadgoanApplication_DevoteeApplicationBackend] INFO  o.eclipse.m2e.core.internal.Bundles - 	Entry: C:\Users\Admin\.p2\pool\plugins\org.eclipse.m2e.maven.runtime_3.9.900.20250220-2013\jars\jcl-over-slf4j-1.7.36.jar
2025-04-15 03:52:26,942 [Worker-2: Launching Executing clean in D__AgadgoanApplication_DevoteeApplicationBackend] INFO  o.eclipse.m2e.core.internal.Bundles - 	Entry: C:\Users\Admin\.p2\pool\plugins\org.eclipse.m2e.maven.runtime_3.9.900.20250220-2013\jars\maven-artifact-3.9.9.jar
2025-04-15 03:52:26,942 [Worker-2: Launching Executing clean in D__AgadgoanApplication_DevoteeApplicationBackend] INFO  o.eclipse.m2e.core.internal.Bundles - 	Entry: C:\Users\Admin\.p2\pool\plugins\org.eclipse.m2e.maven.runtime_3.9.900.20250220-2013\jars\maven-builder-support-3.9.9.jar
2025-04-15 03:52:26,943 [Worker-2: Launching Executing clean in D__AgadgoanApplication_DevoteeApplicationBackend] INFO  o.eclipse.m2e.core.internal.Bundles - 	Entry: C:\Users\Admin\.p2\pool\plugins\org.eclipse.m2e.maven.runtime_3.9.900.20250220-2013\jars\maven-compat-3.9.9.jar
2025-04-15 03:52:26,943 [Worker-2: Launching Executing clean in D__AgadgoanApplication_DevoteeApplicationBackend] INFO  o.eclipse.m2e.core.internal.Bundles - 	Entry: C:\Users\Admin\.p2\pool\plugins\org.eclipse.m2e.maven.runtime_3.9.900.20250220-2013\jars\maven-core-3.9.9.jar
2025-04-15 03:52:26,943 [Worker-2: Launching Executing clean in D__AgadgoanApplication_DevoteeApplicationBackend] INFO  o.eclipse.m2e.core.internal.Bundles - 	Entry: C:\Users\Admin\.p2\pool\plugins\org.eclipse.m2e.maven.runtime_3.9.900.20250220-2013\jars\maven-embedder-3.9.9.jar
2025-04-15 03:52:26,943 [Worker-2: Launching Executing clean in D__AgadgoanApplication_DevoteeApplicationBackend] INFO  o.eclipse.m2e.core.internal.Bundles - 	Entry: C:\Users\Admin\.p2\pool\plugins\org.eclipse.m2e.maven.runtime_3.9.900.20250220-2013\jars\maven-model-3.9.9.jar
2025-04-15 03:52:26,944 [Worker-2: Launching Executing clean in D__AgadgoanApplication_DevoteeApplicationBackend] INFO  o.eclipse.m2e.core.internal.Bundles - 	Entry: C:\Users\Admin\.p2\pool\plugins\org.eclipse.m2e.maven.runtime_3.9.900.20250220-2013\jars\maven-model-builder-3.9.9.jar
2025-04-15 03:52:26,944 [Worker-2: Launching Executing clean in D__AgadgoanApplication_DevoteeApplicationBackend] INFO  o.eclipse.m2e.core.internal.Bundles - 	Entry: C:\Users\Admin\.p2\pool\plugins\org.eclipse.m2e.maven.runtime_3.9.900.20250220-2013\jars\maven-plugin-api-3.9.9.jar
2025-04-15 03:52:26,944 [Worker-2: Launching Executing clean in D__AgadgoanApplication_DevoteeApplicationBackend] INFO  o.eclipse.m2e.core.internal.Bundles - 	Entry: C:\Users\Admin\.p2\pool\plugins\org.eclipse.m2e.maven.runtime_3.9.900.20250220-2013\jars\maven-repository-metadata-3.9.9.jar
2025-04-15 03:52:26,944 [Worker-2: Launching Executing clean in D__AgadgoanApplication_DevoteeApplicationBackend] INFO  o.eclipse.m2e.core.internal.Bundles - 	Entry: C:\Users\Admin\.p2\pool\plugins\org.eclipse.m2e.maven.runtime_3.9.900.20250220-2013\jars\maven-resolver-api-1.9.22.jar
2025-04-15 03:52:26,945 [Worker-2: Launching Executing clean in D__AgadgoanApplication_DevoteeApplicationBackend] INFO  o.eclipse.m2e.core.internal.Bundles - 	Entry: C:\Users\Admin\.p2\pool\plugins\org.eclipse.m2e.maven.runtime_3.9.900.20250220-2013\jars\maven-resolver-connector-basic-1.9.22.jar
2025-04-15 03:52:26,945 [Worker-2: Launching Executing clean in D__AgadgoanApplication_DevoteeApplicationBackend] INFO  o.eclipse.m2e.core.internal.Bundles - 	Entry: C:\Users\Admin\.p2\pool\plugins\org.eclipse.m2e.maven.runtime_3.9.900.20250220-2013\jars\maven-resolver-impl-1.9.22.jar
2025-04-15 03:52:26,945 [Worker-2: Launching Executing clean in D__AgadgoanApplication_DevoteeApplicationBackend] INFO  o.eclipse.m2e.core.internal.Bundles - 	Entry: C:\Users\Admin\.p2\pool\plugins\org.eclipse.m2e.maven.runtime_3.9.900.20250220-2013\jars\maven-resolver-named-locks-1.9.22.jar
2025-04-15 03:52:26,945 [Worker-2: Launching Executing clean in D__AgadgoanApplication_DevoteeApplicationBackend] INFO  o.eclipse.m2e.core.internal.Bundles - 	Entry: C:\Users\Admin\.p2\pool\plugins\org.eclipse.m2e.maven.runtime_3.9.900.20250220-2013\jars\maven-resolver-provider-3.9.9.jar
2025-04-15 03:52:26,946 [Worker-2: Launching Executing clean in D__AgadgoanApplication_DevoteeApplicationBackend] INFO  o.eclipse.m2e.core.internal.Bundles - 	Entry: C:\Users\Admin\.p2\pool\plugins\org.eclipse.m2e.maven.runtime_3.9.900.20250220-2013\jars\maven-resolver-spi-1.9.22.jar
2025-04-15 03:52:26,947 [Worker-2: Launching Executing clean in D__AgadgoanApplication_DevoteeApplicationBackend] INFO  o.eclipse.m2e.core.internal.Bundles - 	Entry: C:\Users\Admin\.p2\pool\plugins\org.eclipse.m2e.maven.runtime_3.9.900.20250220-2013\jars\maven-resolver-transport-file-1.9.22.jar
2025-04-15 03:52:26,948 [Worker-2: Launching Executing clean in D__AgadgoanApplication_DevoteeApplicationBackend] INFO  o.eclipse.m2e.core.internal.Bundles - 	Entry: C:\Users\Admin\.p2\pool\plugins\org.eclipse.m2e.maven.runtime_3.9.900.20250220-2013\jars\maven-resolver-transport-http-1.9.22.jar
2025-04-15 03:52:26,949 [Worker-2: Launching Executing clean in D__AgadgoanApplication_DevoteeApplicationBackend] INFO  o.eclipse.m2e.core.internal.Bundles - 	Entry: C:\Users\Admin\.p2\pool\plugins\org.eclipse.m2e.maven.runtime_3.9.900.20250220-2013\jars\maven-resolver-transport-wagon-1.9.22.jar
2025-04-15 03:52:26,949 [Worker-2: Launching Executing clean in D__AgadgoanApplication_DevoteeApplicationBackend] INFO  o.eclipse.m2e.core.internal.Bundles - 	Entry: C:\Users\Admin\.p2\pool\plugins\org.eclipse.m2e.maven.runtime_3.9.900.20250220-2013\jars\maven-resolver-util-1.9.22.jar
2025-04-15 03:52:26,950 [Worker-2: Launching Executing clean in D__AgadgoanApplication_DevoteeApplicationBackend] INFO  o.eclipse.m2e.core.internal.Bundles - 	Entry: C:\Users\Admin\.p2\pool\plugins\org.eclipse.m2e.maven.runtime_3.9.900.20250220-2013\jars\maven-settings-3.9.9.jar
2025-04-15 03:52:26,950 [Worker-2: Launching Executing clean in D__AgadgoanApplication_DevoteeApplicationBackend] INFO  o.eclipse.m2e.core.internal.Bundles - 	Entry: C:\Users\Admin\.p2\pool\plugins\org.eclipse.m2e.maven.runtime_3.9.900.20250220-2013\jars\maven-settings-builder-3.9.9.jar
2025-04-15 03:52:26,950 [Worker-2: Launching Executing clean in D__AgadgoanApplication_DevoteeApplicationBackend] INFO  o.eclipse.m2e.core.internal.Bundles - 	Entry: C:\Users\Admin\.p2\pool\plugins\org.eclipse.m2e.maven.runtime_3.9.900.20250220-2013\jars\maven-shared-utils-3.4.2.jar
2025-04-15 03:52:26,951 [Worker-2: Launching Executing clean in D__AgadgoanApplication_DevoteeApplicationBackend] INFO  o.eclipse.m2e.core.internal.Bundles - 	Entry: C:\Users\Admin\.p2\pool\plugins\org.eclipse.m2e.maven.runtime_3.9.900.20250220-2013\jars\org.eclipse.sisu.inject-0.9.0.M3.jar
2025-04-15 03:52:26,951 [Worker-2: Launching Executing clean in D__AgadgoanApplication_DevoteeApplicationBackend] INFO  o.eclipse.m2e.core.internal.Bundles - 	Entry: C:\Users\Admin\.p2\pool\plugins\org.eclipse.m2e.maven.runtime_3.9.900.20250220-2013\jars\org.eclipse.sisu.plexus-0.9.0.M3.jar
2025-04-15 03:52:26,951 [Worker-2: Launching Executing clean in D__AgadgoanApplication_DevoteeApplicationBackend] INFO  o.eclipse.m2e.core.internal.Bundles - 	Entry: C:\Users\Admin\.p2\pool\plugins\org.eclipse.m2e.maven.runtime_3.9.900.20250220-2013\jars\plexus-build-api-0.0.7.jar
2025-04-15 03:52:26,953 [Worker-2: Launching Executing clean in D__AgadgoanApplication_DevoteeApplicationBackend] INFO  o.eclipse.m2e.core.internal.Bundles - 	Entry: C:\Users\Admin\.p2\pool\plugins\org.eclipse.m2e.maven.runtime_3.9.900.20250220-2013\jars\plexus-build-api-1.2.0.jar
2025-04-15 03:52:26,954 [Worker-2: Launching Executing clean in D__AgadgoanApplication_DevoteeApplicationBackend] INFO  o.eclipse.m2e.core.internal.Bundles - 	Entry: C:\Users\Admin\.p2\pool\plugins\org.eclipse.m2e.maven.runtime_3.9.900.20250220-2013\jars\plexus-cipher-2.0.jar
2025-04-15 03:52:26,954 [Worker-2: Launching Executing clean in D__AgadgoanApplication_DevoteeApplicationBackend] INFO  o.eclipse.m2e.core.internal.Bundles - 	Entry: C:\Users\Admin\.p2\pool\plugins\org.eclipse.m2e.maven.runtime_3.9.900.20250220-2013\jars\plexus-classworlds-2.8.0.jar
2025-04-15 03:52:26,954 [Worker-2: Launching Executing clean in D__AgadgoanApplication_DevoteeApplicationBackend] INFO  o.eclipse.m2e.core.internal.Bundles - 	Entry: C:\Users\Admin\.p2\pool\plugins\org.eclipse.m2e.maven.runtime_3.9.900.20250220-2013\jars\plexus-component-annotations-2.1.0.jar
2025-04-15 03:52:26,954 [Worker-2: Launching Executing clean in D__AgadgoanApplication_DevoteeApplicationBackend] INFO  o.eclipse.m2e.core.internal.Bundles - 	Entry: C:\Users\Admin\.p2\pool\plugins\org.eclipse.m2e.maven.runtime_3.9.900.20250220-2013\jars\plexus-interpolation-1.27.jar
2025-04-15 03:52:26,956 [Worker-2: Launching Executing clean in D__AgadgoanApplication_DevoteeApplicationBackend] INFO  o.eclipse.m2e.core.internal.Bundles - 	Entry: C:\Users\Admin\.p2\pool\plugins\org.eclipse.m2e.maven.runtime_3.9.900.20250220-2013\jars\plexus-sec-dispatcher-2.0.jar
2025-04-15 03:52:26,957 [Worker-2: Launching Executing clean in D__AgadgoanApplication_DevoteeApplicationBackend] INFO  o.eclipse.m2e.core.internal.Bundles - 	Entry: C:\Users\Admin\.p2\pool\plugins\org.eclipse.m2e.maven.runtime_3.9.900.20250220-2013\jars\plexus-utils-3.5.1.jar
2025-04-15 03:52:26,957 [Worker-2: Launching Executing clean in D__AgadgoanApplication_DevoteeApplicationBackend] INFO  o.eclipse.m2e.core.internal.Bundles - 	Entry: C:\Users\Admin\.p2\pool\plugins\org.eclipse.m2e.maven.runtime_3.9.900.20250220-2013\jars\plexus-xml-3.0.1.jar
2025-04-15 03:52:26,957 [Worker-2: Launching Executing clean in D__AgadgoanApplication_DevoteeApplicationBackend] INFO  o.eclipse.m2e.core.internal.Bundles - 	Entry: C:\Users\Admin\.p2\pool\plugins\org.eclipse.m2e.maven.runtime_3.9.900.20250220-2013\jars\wagon-file-3.5.3.jar
2025-04-15 03:52:26,957 [Worker-2: Launching Executing clean in D__AgadgoanApplication_DevoteeApplicationBackend] INFO  o.eclipse.m2e.core.internal.Bundles - 	Entry: C:\Users\Admin\.p2\pool\plugins\org.eclipse.m2e.maven.runtime_3.9.900.20250220-2013\jars\wagon-http-3.5.3.jar
2025-04-15 03:52:26,958 [Worker-2: Launching Executing clean in D__AgadgoanApplication_DevoteeApplicationBackend] INFO  o.eclipse.m2e.core.internal.Bundles - 	Entry: C:\Users\Admin\.p2\pool\plugins\org.eclipse.m2e.maven.runtime_3.9.900.20250220-2013\jars\wagon-http-shared-3.5.3.jar
2025-04-15 03:52:26,959 [Worker-2: Launching Executing clean in D__AgadgoanApplication_DevoteeApplicationBackend] INFO  o.eclipse.m2e.core.internal.Bundles - 	Entry: C:\Users\Admin\.p2\pool\plugins\org.eclipse.m2e.maven.runtime_3.9.900.20250220-2013\jars\wagon-provider-api-3.5.3.jar
2025-04-15 03:52:26,967 [Worker-2: Launching Executing clean in D__AgadgoanApplication_DevoteeApplicationBackend] INFO  o.eclipse.m2e.core.internal.Bundles - getClasspathEntries(Bundle=com.google.guava_33.4.0.jre [12])
2025-04-15 03:52:26,969 [Worker-2: Launching Executing clean in D__AgadgoanApplication_DevoteeApplicationBackend] INFO  o.eclipse.m2e.core.internal.Bundles - 	Entry: C:\Users\Admin\.p2\pool\plugins\com.google.guava_33.4.0.jre.jar
2025-04-15 03:52:26,969 [Worker-2: Launching Executing clean in D__AgadgoanApplication_DevoteeApplicationBackend] INFO  o.eclipse.m2e.core.internal.Bundles - getClasspathEntries(Bundle=slf4j.api_2.0.17 [589])
2025-04-15 03:52:26,970 [Worker-2: Launching Executing clean in D__AgadgoanApplication_DevoteeApplicationBackend] INFO  o.eclipse.m2e.core.internal.Bundles - 	Entry: C:\Users\Admin\.p2\pool\plugins\slf4j.api_2.0.17.jar
2025-04-15 03:52:26,970 [Worker-2: Launching Executing clean in D__AgadgoanApplication_DevoteeApplicationBackend] INFO  o.eclipse.m2e.core.internal.Bundles - getClasspathEntries(Bundle=jakarta.inject.jakarta.inject-api_1.0.5 [24])
2025-04-15 03:52:26,973 [Worker-2: Launching Executing clean in D__AgadgoanApplication_DevoteeApplicationBackend] INFO  o.eclipse.m2e.core.internal.Bundles - 	Entry: C:\Users\Admin\.p2\pool\plugins\jakarta.inject.jakarta.inject-api_1.0.5.jar
2025-04-15 03:52:26,974 [Worker-2: Launching Executing clean in D__AgadgoanApplication_DevoteeApplicationBackend] INFO  o.eclipse.m2e.core.internal.Bundles - getClasspathEntries(Bundle=jakarta.annotation-api_1.3.5 [22])
2025-04-15 03:52:26,975 [Worker-2: Launching Executing clean in D__AgadgoanApplication_DevoteeApplicationBackend] INFO  o.eclipse.m2e.core.internal.Bundles - 	Entry: C:\Users\Admin\.p2\pool\plugins\jakarta.annotation-api_1.3.5.jar
2025-04-15 03:52:26,977 [Worker-2: Launching Executing clean in D__AgadgoanApplication_DevoteeApplicationBackend] INFO  o.eclipse.m2e.core.internal.Bundles - getClasspathEntries(Bundle=org.apache.commons.cli_1.9.0 [48])
2025-04-15 03:52:26,978 [Worker-2: Launching Executing clean in D__AgadgoanApplication_DevoteeApplicationBackend] INFO  o.eclipse.m2e.core.internal.Bundles - 	Entry: C:\Users\Admin\.p2\pool\plugins\org.apache.commons.cli_1.9.0.jar
2025-04-15 03:52:26,978 [Worker-2: Launching Executing clean in D__AgadgoanApplication_DevoteeApplicationBackend] INFO  o.eclipse.m2e.core.internal.Bundles - getClasspathEntries(Bundle=org.apache.commons.commons-codec_1.16.0 [49])
2025-04-15 03:52:26,979 [Worker-2: Launching Executing clean in D__AgadgoanApplication_DevoteeApplicationBackend] INFO  o.eclipse.m2e.core.internal.Bundles - 	Entry: C:\Users\Admin\.p2\pool\plugins\org.apache.commons.commons-codec_1.16.0.jar
2025-04-15 03:52:26,980 [Worker-2: Launching Executing clean in D__AgadgoanApplication_DevoteeApplicationBackend] INFO  o.eclipse.m2e.core.internal.Bundles - getClasspathEntries(Bundle=com.google.guava.failureaccess_1.0.2 [13])
2025-04-15 03:52:26,980 [Worker-2: Launching Executing clean in D__AgadgoanApplication_DevoteeApplicationBackend] INFO  o.eclipse.m2e.core.internal.Bundles - 	Entry: C:\Users\Admin\.p2\pool\plugins\com.google.guava.failureaccess_1.0.2.jar
2025-04-15 03:52:26,994 [Worker-2: Launching Executing clean in D__AgadgoanApplication_DevoteeApplicationBackend] INFO  o.e.m.i.launch.MavenLaunchDelegate - Run build in "D:\AgadgoanApplication\DevoteeApplicationBackend":
2025-04-15 03:52:26,996 [Worker-2: Launching Executing clean in D__AgadgoanApplication_DevoteeApplicationBackend] INFO  o.e.m.i.launch.MavenLaunchDelegate -  mvn  -B -Dstyle.color=always clean
2025-04-15 03:52:35,545 [Worker-1: Building] INFO  o.a.m.s.f.DefaultMavenResourcesFiltering - Copying 1 resource from src\main\resources to target\classes
2025-04-15 03:52:35,565 [Worker-1: Building] INFO  o.a.m.s.f.DefaultMavenResourcesFiltering - Copying 0 resource from src\main\resources to target\classes
2025-04-15 03:52:35,571 [Worker-1: Building] INFO  o.a.m.s.f.DefaultMavenResourcesFiltering - skip non existing resourceDirectory D:\AgadgoanApplication\DevoteeApplicationBackend\src\test\resources
2025-04-15 03:52:54,781 [Worker-14: Launching Executing install in D__AgadgoanApplication_DevoteeApplicationBackend] INFO  o.eclipse.m2e.core.internal.Bundles - getClasspathEntries(Bundle=org.eclipse.m2e.maven.runtime_3.9.900.20250220-2013 [296])
2025-04-15 03:52:54,784 [Worker-14: Launching Executing install in D__AgadgoanApplication_DevoteeApplicationBackend] INFO  o.eclipse.m2e.core.internal.Bundles - 	Entry: C:\Users\Admin\.p2\pool\plugins\org.eclipse.m2e.maven.runtime_3.9.900.20250220-2013
2025-04-15 03:52:54,784 [Worker-14: Launching Executing install in D__AgadgoanApplication_DevoteeApplicationBackend] INFO  o.eclipse.m2e.core.internal.Bundles - 	Entry: C:\Users\Admin\.p2\pool\plugins\org.eclipse.m2e.maven.runtime_3.9.900.20250220-2013\jars\aopalliance-1.0.jar
2025-04-15 03:52:54,784 [Worker-14: Launching Executing install in D__AgadgoanApplication_DevoteeApplicationBackend] INFO  o.eclipse.m2e.core.internal.Bundles - 	Entry: C:\Users\Admin\.p2\pool\plugins\org.eclipse.m2e.maven.runtime_3.9.900.20250220-2013\jars\guice-5.1.0.jar
2025-04-15 03:52:54,785 [Worker-14: Launching Executing install in D__AgadgoanApplication_DevoteeApplicationBackend] INFO  o.eclipse.m2e.core.internal.Bundles - 	Entry: C:\Users\Admin\.p2\pool\plugins\org.eclipse.m2e.maven.runtime_3.9.900.20250220-2013\jars\httpclient-4.5.14.jar
2025-04-15 03:52:54,785 [Worker-14: Launching Executing install in D__AgadgoanApplication_DevoteeApplicationBackend] INFO  o.eclipse.m2e.core.internal.Bundles - 	Entry: C:\Users\Admin\.p2\pool\plugins\org.eclipse.m2e.maven.runtime_3.9.900.20250220-2013\jars\httpcore-4.4.16.jar
2025-04-15 03:52:54,785 [Worker-14: Launching Executing install in D__AgadgoanApplication_DevoteeApplicationBackend] INFO  o.eclipse.m2e.core.internal.Bundles - 	Entry: C:\Users\Admin\.p2\pool\plugins\org.eclipse.m2e.maven.runtime_3.9.900.20250220-2013\jars\jansi-2.4.1.jar
2025-04-15 03:52:54,785 [Worker-14: Launching Executing install in D__AgadgoanApplication_DevoteeApplicationBackend] INFO  o.eclipse.m2e.core.internal.Bundles - 	Entry: C:\Users\Admin\.p2\pool\plugins\org.eclipse.m2e.maven.runtime_3.9.900.20250220-2013\jars\jcl-over-slf4j-1.7.36.jar
2025-04-15 03:52:54,786 [Worker-14: Launching Executing install in D__AgadgoanApplication_DevoteeApplicationBackend] INFO  o.eclipse.m2e.core.internal.Bundles - 	Entry: C:\Users\Admin\.p2\pool\plugins\org.eclipse.m2e.maven.runtime_3.9.900.20250220-2013\jars\maven-artifact-3.9.9.jar
2025-04-15 03:52:54,786 [Worker-14: Launching Executing install in D__AgadgoanApplication_DevoteeApplicationBackend] INFO  o.eclipse.m2e.core.internal.Bundles - 	Entry: C:\Users\Admin\.p2\pool\plugins\org.eclipse.m2e.maven.runtime_3.9.900.20250220-2013\jars\maven-builder-support-3.9.9.jar
2025-04-15 03:52:54,786 [Worker-14: Launching Executing install in D__AgadgoanApplication_DevoteeApplicationBackend] INFO  o.eclipse.m2e.core.internal.Bundles - 	Entry: C:\Users\Admin\.p2\pool\plugins\org.eclipse.m2e.maven.runtime_3.9.900.20250220-2013\jars\maven-compat-3.9.9.jar
2025-04-15 03:52:54,787 [Worker-14: Launching Executing install in D__AgadgoanApplication_DevoteeApplicationBackend] INFO  o.eclipse.m2e.core.internal.Bundles - 	Entry: C:\Users\Admin\.p2\pool\plugins\org.eclipse.m2e.maven.runtime_3.9.900.20250220-2013\jars\maven-core-3.9.9.jar
2025-04-15 03:52:54,787 [Worker-14: Launching Executing install in D__AgadgoanApplication_DevoteeApplicationBackend] INFO  o.eclipse.m2e.core.internal.Bundles - 	Entry: C:\Users\Admin\.p2\pool\plugins\org.eclipse.m2e.maven.runtime_3.9.900.20250220-2013\jars\maven-embedder-3.9.9.jar
2025-04-15 03:52:54,787 [Worker-14: Launching Executing install in D__AgadgoanApplication_DevoteeApplicationBackend] INFO  o.eclipse.m2e.core.internal.Bundles - 	Entry: C:\Users\Admin\.p2\pool\plugins\org.eclipse.m2e.maven.runtime_3.9.900.20250220-2013\jars\maven-model-3.9.9.jar
2025-04-15 03:52:54,788 [Worker-14: Launching Executing install in D__AgadgoanApplication_DevoteeApplicationBackend] INFO  o.eclipse.m2e.core.internal.Bundles - 	Entry: C:\Users\Admin\.p2\pool\plugins\org.eclipse.m2e.maven.runtime_3.9.900.20250220-2013\jars\maven-model-builder-3.9.9.jar
2025-04-15 03:52:54,788 [Worker-14: Launching Executing install in D__AgadgoanApplication_DevoteeApplicationBackend] INFO  o.eclipse.m2e.core.internal.Bundles - 	Entry: C:\Users\Admin\.p2\pool\plugins\org.eclipse.m2e.maven.runtime_3.9.900.20250220-2013\jars\maven-plugin-api-3.9.9.jar
2025-04-15 03:52:54,788 [Worker-14: Launching Executing install in D__AgadgoanApplication_DevoteeApplicationBackend] INFO  o.eclipse.m2e.core.internal.Bundles - 	Entry: C:\Users\Admin\.p2\pool\plugins\org.eclipse.m2e.maven.runtime_3.9.900.20250220-2013\jars\maven-repository-metadata-3.9.9.jar
2025-04-15 03:52:54,790 [Worker-14: Launching Executing install in D__AgadgoanApplication_DevoteeApplicationBackend] INFO  o.eclipse.m2e.core.internal.Bundles - 	Entry: C:\Users\Admin\.p2\pool\plugins\org.eclipse.m2e.maven.runtime_3.9.900.20250220-2013\jars\maven-resolver-api-1.9.22.jar
2025-04-15 03:52:54,791 [Worker-14: Launching Executing install in D__AgadgoanApplication_DevoteeApplicationBackend] INFO  o.eclipse.m2e.core.internal.Bundles - 	Entry: C:\Users\Admin\.p2\pool\plugins\org.eclipse.m2e.maven.runtime_3.9.900.20250220-2013\jars\maven-resolver-connector-basic-1.9.22.jar
2025-04-15 03:52:54,791 [Worker-14: Launching Executing install in D__AgadgoanApplication_DevoteeApplicationBackend] INFO  o.eclipse.m2e.core.internal.Bundles - 	Entry: C:\Users\Admin\.p2\pool\plugins\org.eclipse.m2e.maven.runtime_3.9.900.20250220-2013\jars\maven-resolver-impl-1.9.22.jar
2025-04-15 03:52:54,791 [Worker-14: Launching Executing install in D__AgadgoanApplication_DevoteeApplicationBackend] INFO  o.eclipse.m2e.core.internal.Bundles - 	Entry: C:\Users\Admin\.p2\pool\plugins\org.eclipse.m2e.maven.runtime_3.9.900.20250220-2013\jars\maven-resolver-named-locks-1.9.22.jar
2025-04-15 03:52:54,793 [Worker-14: Launching Executing install in D__AgadgoanApplication_DevoteeApplicationBackend] INFO  o.eclipse.m2e.core.internal.Bundles - 	Entry: C:\Users\Admin\.p2\pool\plugins\org.eclipse.m2e.maven.runtime_3.9.900.20250220-2013\jars\maven-resolver-provider-3.9.9.jar
2025-04-15 03:52:54,793 [Worker-14: Launching Executing install in D__AgadgoanApplication_DevoteeApplicationBackend] INFO  o.eclipse.m2e.core.internal.Bundles - 	Entry: C:\Users\Admin\.p2\pool\plugins\org.eclipse.m2e.maven.runtime_3.9.900.20250220-2013\jars\maven-resolver-spi-1.9.22.jar
2025-04-15 03:52:54,793 [Worker-14: Launching Executing install in D__AgadgoanApplication_DevoteeApplicationBackend] INFO  o.eclipse.m2e.core.internal.Bundles - 	Entry: C:\Users\Admin\.p2\pool\plugins\org.eclipse.m2e.maven.runtime_3.9.900.20250220-2013\jars\maven-resolver-transport-file-1.9.22.jar
2025-04-15 03:52:54,794 [Worker-14: Launching Executing install in D__AgadgoanApplication_DevoteeApplicationBackend] INFO  o.eclipse.m2e.core.internal.Bundles - 	Entry: C:\Users\Admin\.p2\pool\plugins\org.eclipse.m2e.maven.runtime_3.9.900.20250220-2013\jars\maven-resolver-transport-http-1.9.22.jar
2025-04-15 03:52:54,794 [Worker-14: Launching Executing install in D__AgadgoanApplication_DevoteeApplicationBackend] INFO  o.eclipse.m2e.core.internal.Bundles - 	Entry: C:\Users\Admin\.p2\pool\plugins\org.eclipse.m2e.maven.runtime_3.9.900.20250220-2013\jars\maven-resolver-transport-wagon-1.9.22.jar
2025-04-15 03:52:54,794 [Worker-14: Launching Executing install in D__AgadgoanApplication_DevoteeApplicationBackend] INFO  o.eclipse.m2e.core.internal.Bundles - 	Entry: C:\Users\Admin\.p2\pool\plugins\org.eclipse.m2e.maven.runtime_3.9.900.20250220-2013\jars\maven-resolver-util-1.9.22.jar
2025-04-15 03:52:54,794 [Worker-14: Launching Executing install in D__AgadgoanApplication_DevoteeApplicationBackend] INFO  o.eclipse.m2e.core.internal.Bundles - 	Entry: C:\Users\Admin\.p2\pool\plugins\org.eclipse.m2e.maven.runtime_3.9.900.20250220-2013\jars\maven-settings-3.9.9.jar
2025-04-15 03:52:54,795 [Worker-14: Launching Executing install in D__AgadgoanApplication_DevoteeApplicationBackend] INFO  o.eclipse.m2e.core.internal.Bundles - 	Entry: C:\Users\Admin\.p2\pool\plugins\org.eclipse.m2e.maven.runtime_3.9.900.20250220-2013\jars\maven-settings-builder-3.9.9.jar
2025-04-15 03:52:54,795 [Worker-14: Launching Executing install in D__AgadgoanApplication_DevoteeApplicationBackend] INFO  o.eclipse.m2e.core.internal.Bundles - 	Entry: C:\Users\Admin\.p2\pool\plugins\org.eclipse.m2e.maven.runtime_3.9.900.20250220-2013\jars\maven-shared-utils-3.4.2.jar
2025-04-15 03:52:54,795 [Worker-14: Launching Executing install in D__AgadgoanApplication_DevoteeApplicationBackend] INFO  o.eclipse.m2e.core.internal.Bundles - 	Entry: C:\Users\Admin\.p2\pool\plugins\org.eclipse.m2e.maven.runtime_3.9.900.20250220-2013\jars\org.eclipse.sisu.inject-0.9.0.M3.jar
2025-04-15 03:52:54,795 [Worker-14: Launching Executing install in D__AgadgoanApplication_DevoteeApplicationBackend] INFO  o.eclipse.m2e.core.internal.Bundles - 	Entry: C:\Users\Admin\.p2\pool\plugins\org.eclipse.m2e.maven.runtime_3.9.900.20250220-2013\jars\org.eclipse.sisu.plexus-0.9.0.M3.jar
2025-04-15 03:52:54,796 [Worker-14: Launching Executing install in D__AgadgoanApplication_DevoteeApplicationBackend] INFO  o.eclipse.m2e.core.internal.Bundles - 	Entry: C:\Users\Admin\.p2\pool\plugins\org.eclipse.m2e.maven.runtime_3.9.900.20250220-2013\jars\plexus-build-api-0.0.7.jar
2025-04-15 03:52:54,797 [Worker-14: Launching Executing install in D__AgadgoanApplication_DevoteeApplicationBackend] INFO  o.eclipse.m2e.core.internal.Bundles - 	Entry: C:\Users\Admin\.p2\pool\plugins\org.eclipse.m2e.maven.runtime_3.9.900.20250220-2013\jars\plexus-build-api-1.2.0.jar
2025-04-15 03:52:54,797 [Worker-14: Launching Executing install in D__AgadgoanApplication_DevoteeApplicationBackend] INFO  o.eclipse.m2e.core.internal.Bundles - 	Entry: C:\Users\Admin\.p2\pool\plugins\org.eclipse.m2e.maven.runtime_3.9.900.20250220-2013\jars\plexus-cipher-2.0.jar
2025-04-15 03:52:54,798 [Worker-14: Launching Executing install in D__AgadgoanApplication_DevoteeApplicationBackend] INFO  o.eclipse.m2e.core.internal.Bundles - 	Entry: C:\Users\Admin\.p2\pool\plugins\org.eclipse.m2e.maven.runtime_3.9.900.20250220-2013\jars\plexus-classworlds-2.8.0.jar
2025-04-15 03:52:54,798 [Worker-14: Launching Executing install in D__AgadgoanApplication_DevoteeApplicationBackend] INFO  o.eclipse.m2e.core.internal.Bundles - 	Entry: C:\Users\Admin\.p2\pool\plugins\org.eclipse.m2e.maven.runtime_3.9.900.20250220-2013\jars\plexus-component-annotations-2.1.0.jar
2025-04-15 03:52:54,798 [Worker-14: Launching Executing install in D__AgadgoanApplication_DevoteeApplicationBackend] INFO  o.eclipse.m2e.core.internal.Bundles - 	Entry: C:\Users\Admin\.p2\pool\plugins\org.eclipse.m2e.maven.runtime_3.9.900.20250220-2013\jars\plexus-interpolation-1.27.jar
2025-04-15 03:52:54,800 [Worker-14: Launching Executing install in D__AgadgoanApplication_DevoteeApplicationBackend] INFO  o.eclipse.m2e.core.internal.Bundles - 	Entry: C:\Users\Admin\.p2\pool\plugins\org.eclipse.m2e.maven.runtime_3.9.900.20250220-2013\jars\plexus-sec-dispatcher-2.0.jar
2025-04-15 03:52:54,802 [Worker-14: Launching Executing install in D__AgadgoanApplication_DevoteeApplicationBackend] INFO  o.eclipse.m2e.core.internal.Bundles - 	Entry: C:\Users\Admin\.p2\pool\plugins\org.eclipse.m2e.maven.runtime_3.9.900.20250220-2013\jars\plexus-utils-3.5.1.jar
2025-04-15 03:52:54,802 [Worker-14: Launching Executing install in D__AgadgoanApplication_DevoteeApplicationBackend] INFO  o.eclipse.m2e.core.internal.Bundles - 	Entry: C:\Users\Admin\.p2\pool\plugins\org.eclipse.m2e.maven.runtime_3.9.900.20250220-2013\jars\plexus-xml-3.0.1.jar
2025-04-15 03:52:54,802 [Worker-14: Launching Executing install in D__AgadgoanApplication_DevoteeApplicationBackend] INFO  o.eclipse.m2e.core.internal.Bundles - 	Entry: C:\Users\Admin\.p2\pool\plugins\org.eclipse.m2e.maven.runtime_3.9.900.20250220-2013\jars\wagon-file-3.5.3.jar
2025-04-15 03:52:54,803 [Worker-14: Launching Executing install in D__AgadgoanApplication_DevoteeApplicationBackend] INFO  o.eclipse.m2e.core.internal.Bundles - 	Entry: C:\Users\Admin\.p2\pool\plugins\org.eclipse.m2e.maven.runtime_3.9.900.20250220-2013\jars\wagon-http-3.5.3.jar
2025-04-15 03:52:54,804 [Worker-14: Launching Executing install in D__AgadgoanApplication_DevoteeApplicationBackend] INFO  o.eclipse.m2e.core.internal.Bundles - 	Entry: C:\Users\Admin\.p2\pool\plugins\org.eclipse.m2e.maven.runtime_3.9.900.20250220-2013\jars\wagon-http-shared-3.5.3.jar
2025-04-15 03:52:54,804 [Worker-14: Launching Executing install in D__AgadgoanApplication_DevoteeApplicationBackend] INFO  o.eclipse.m2e.core.internal.Bundles - 	Entry: C:\Users\Admin\.p2\pool\plugins\org.eclipse.m2e.maven.runtime_3.9.900.20250220-2013\jars\wagon-provider-api-3.5.3.jar
2025-04-15 03:52:54,805 [Worker-14: Launching Executing install in D__AgadgoanApplication_DevoteeApplicationBackend] INFO  o.eclipse.m2e.core.internal.Bundles - getClasspathEntries(Bundle=com.google.guava_33.4.0.jre [12])
2025-04-15 03:52:54,806 [Worker-14: Launching Executing install in D__AgadgoanApplication_DevoteeApplicationBackend] INFO  o.eclipse.m2e.core.internal.Bundles - 	Entry: C:\Users\Admin\.p2\pool\plugins\com.google.guava_33.4.0.jre.jar
2025-04-15 03:52:54,806 [Worker-14: Launching Executing install in D__AgadgoanApplication_DevoteeApplicationBackend] INFO  o.eclipse.m2e.core.internal.Bundles - getClasspathEntries(Bundle=slf4j.api_2.0.17 [589])
2025-04-15 03:52:54,807 [Worker-14: Launching Executing install in D__AgadgoanApplication_DevoteeApplicationBackend] INFO  o.eclipse.m2e.core.internal.Bundles - 	Entry: C:\Users\Admin\.p2\pool\plugins\slf4j.api_2.0.17.jar
2025-04-15 03:52:54,807 [Worker-14: Launching Executing install in D__AgadgoanApplication_DevoteeApplicationBackend] INFO  o.eclipse.m2e.core.internal.Bundles - getClasspathEntries(Bundle=jakarta.inject.jakarta.inject-api_1.0.5 [24])
2025-04-15 03:52:54,808 [Worker-14: Launching Executing install in D__AgadgoanApplication_DevoteeApplicationBackend] INFO  o.eclipse.m2e.core.internal.Bundles - 	Entry: C:\Users\Admin\.p2\pool\plugins\jakarta.inject.jakarta.inject-api_1.0.5.jar
2025-04-15 03:52:54,808 [Worker-14: Launching Executing install in D__AgadgoanApplication_DevoteeApplicationBackend] INFO  o.eclipse.m2e.core.internal.Bundles - getClasspathEntries(Bundle=jakarta.annotation-api_1.3.5 [22])
2025-04-15 03:52:54,809 [Worker-14: Launching Executing install in D__AgadgoanApplication_DevoteeApplicationBackend] INFO  o.eclipse.m2e.core.internal.Bundles - 	Entry: C:\Users\Admin\.p2\pool\plugins\jakarta.annotation-api_1.3.5.jar
2025-04-15 03:52:54,809 [Worker-14: Launching Executing install in D__AgadgoanApplication_DevoteeApplicationBackend] INFO  o.eclipse.m2e.core.internal.Bundles - getClasspathEntries(Bundle=org.apache.commons.cli_1.9.0 [48])
2025-04-15 03:52:54,810 [Worker-14: Launching Executing install in D__AgadgoanApplication_DevoteeApplicationBackend] INFO  o.eclipse.m2e.core.internal.Bundles - 	Entry: C:\Users\Admin\.p2\pool\plugins\org.apache.commons.cli_1.9.0.jar
2025-04-15 03:52:54,810 [Worker-14: Launching Executing install in D__AgadgoanApplication_DevoteeApplicationBackend] INFO  o.eclipse.m2e.core.internal.Bundles - getClasspathEntries(Bundle=org.apache.commons.commons-codec_1.16.0 [49])
2025-04-15 03:52:54,811 [Worker-14: Launching Executing install in D__AgadgoanApplication_DevoteeApplicationBackend] INFO  o.eclipse.m2e.core.internal.Bundles - 	Entry: C:\Users\Admin\.p2\pool\plugins\org.apache.commons.commons-codec_1.16.0.jar
2025-04-15 03:52:54,811 [Worker-14: Launching Executing install in D__AgadgoanApplication_DevoteeApplicationBackend] INFO  o.eclipse.m2e.core.internal.Bundles - getClasspathEntries(Bundle=com.google.guava.failureaccess_1.0.2 [13])
2025-04-15 03:52:54,813 [Worker-14: Launching Executing install in D__AgadgoanApplication_DevoteeApplicationBackend] INFO  o.eclipse.m2e.core.internal.Bundles - 	Entry: C:\Users\Admin\.p2\pool\plugins\com.google.guava.failureaccess_1.0.2.jar
2025-04-15 03:52:54,815 [Worker-14: Launching Executing install in D__AgadgoanApplication_DevoteeApplicationBackend] INFO  o.e.m.i.launch.MavenLaunchDelegate - Run build in "D:\AgadgoanApplication\DevoteeApplicationBackend":
2025-04-15 03:52:54,815 [Worker-14: Launching Executing install in D__AgadgoanApplication_DevoteeApplicationBackend] INFO  o.e.m.i.launch.MavenLaunchDelegate -  mvn  -B -Dstyle.color=always install
2025-04-15 03:53:39,940 [Worker-11: Building] INFO  o.a.m.s.f.DefaultMavenResourcesFiltering - Copying 1 resource from src\main\resources to target\classes
2025-04-15 03:53:39,944 [Worker-11: Building] INFO  o.a.m.s.f.DefaultMavenResourcesFiltering - Copying 0 resource from src\main\resources to target\classes
2025-04-15 03:53:39,950 [Worker-11: Building] INFO  o.a.m.s.f.DefaultMavenResourcesFiltering - skip non existing resourceDirectory D:\AgadgoanApplication\DevoteeApplicationBackend\src\test\resources
2025-04-15 12:17:44,362 [Worker-3: Loading available Gradle versions] INFO  o.e.b.c.i.u.g.PublishedGradleVersions - Gradle version information cache is up-to-date. Trying to read.
2025-04-15 12:18:11,243 [Worker-8: Launching AgadgoanApplication - AgadgoanApplication] INFO  o.a.m.s.f.DefaultMavenResourcesFiltering - Copying 1 resource from src\main\resources to target\classes
2025-04-15 12:18:11,283 [Worker-8: Launching AgadgoanApplication - AgadgoanApplication] INFO  o.a.m.s.f.DefaultMavenResourcesFiltering - Copying 0 resource from src\main\resources to target\classes
2025-04-15 12:18:11,295 [Worker-8: Launching AgadgoanApplication - AgadgoanApplication] INFO  o.a.m.s.f.DefaultMavenResourcesFiltering - skip non existing resourceDirectory D:\AgadgoanApplication\DevoteeApplicationBackend\src\test\resources
2025-04-15 12:35:25,976 [Worker-7: Building] INFO  o.a.m.s.f.DefaultMavenResourcesFiltering - Copying 1 resource from src\main\resources to target\classes
2025-04-15 12:35:26,001 [Worker-7: Building] INFO  o.a.m.s.f.DefaultMavenResourcesFiltering - Copying 0 resource from src\main\resources to target\classes
2025-04-15 12:35:26,012 [Worker-7: Building] INFO  o.a.m.s.f.DefaultMavenResourcesFiltering - skip non existing resourceDirectory D:\AgadgoanApplication\DevoteeApplicationBackend\src\test\resources
2025-04-15 12:35:52,365 [Worker-18: Building] INFO  o.a.m.s.f.DefaultMavenResourcesFiltering - Copying 1 resource from src\main\resources to target\classes
2025-04-15 12:35:52,373 [Worker-18: Building] INFO  o.a.m.s.f.DefaultMavenResourcesFiltering - Copying 0 resource from src\main\resources to target\classes
2025-04-15 12:35:52,379 [Worker-18: Building] INFO  o.a.m.s.f.DefaultMavenResourcesFiltering - skip non existing resourceDirectory D:\AgadgoanApplication\DevoteeApplicationBackend\src\test\resources
2025-04-15 12:37:08,260 [Worker-12: Building] INFO  o.a.m.s.f.DefaultMavenResourcesFiltering - Copying 1 resource from src\main\resources to target\classes
2025-04-15 12:37:08,271 [Worker-12: Building] INFO  o.a.m.s.f.DefaultMavenResourcesFiltering - Copying 0 resource from src\main\resources to target\classes
2025-04-15 12:37:08,388 [Worker-12: Building] INFO  o.a.m.s.f.DefaultMavenResourcesFiltering - skip non existing resourceDirectory D:\AgadgoanApplication\DevoteeApplicationBackend\src\test\resources
2025-04-15 12:37:21,194 [Worker-17: Building] INFO  o.a.m.s.f.DefaultMavenResourcesFiltering - Copying 1 resource from src\main\resources to target\classes
2025-04-15 12:37:21,229 [Worker-17: Building] INFO  o.a.m.s.f.DefaultMavenResourcesFiltering - Copying 0 resource from src\main\resources to target\classes
2025-04-15 12:37:21,235 [Worker-17: Building] INFO  o.a.m.s.f.DefaultMavenResourcesFiltering - skip non existing resourceDirectory D:\AgadgoanApplication\DevoteeApplicationBackend\src\test\resources
2025-04-15 12:37:27,041 [Worker-8: Building] INFO  o.a.m.s.f.DefaultMavenResourcesFiltering - Copying 1 resource from src\main\resources to target\classes
2025-04-15 12:37:27,048 [Worker-8: Building] INFO  o.a.m.s.f.DefaultMavenResourcesFiltering - Copying 0 resource from src\main\resources to target\classes
2025-04-15 12:37:27,078 [Worker-8: Building] INFO  o.a.m.s.f.DefaultMavenResourcesFiltering - skip non existing resourceDirectory D:\AgadgoanApplication\DevoteeApplicationBackend\src\test\resources
2025-04-15 12:37:43,691 [Worker-21: Building] INFO  o.a.m.s.f.DefaultMavenResourcesFiltering - Copying 1 resource from src\main\resources to target\classes
2025-04-15 12:37:43,739 [Worker-21: Building] INFO  o.a.m.s.f.DefaultMavenResourcesFiltering - Copying 0 resource from src\main\resources to target\classes
2025-04-15 12:37:43,756 [Worker-21: Building] INFO  o.a.m.s.f.DefaultMavenResourcesFiltering - skip non existing resourceDirectory D:\AgadgoanApplication\DevoteeApplicationBackend\src\test\resources
2025-04-15 12:38:17,159 [Worker-15: Launching Executing clean in D__AgadgoanApplication_DevoteeApplicationBackend] INFO  o.eclipse.m2e.core.internal.Bundles - getClasspathEntries(Bundle=org.eclipse.m2e.maven.runtime_3.9.900.20250220-2013 [296])
2025-04-15 12:38:17,163 [Worker-15: Launching Executing clean in D__AgadgoanApplication_DevoteeApplicationBackend] INFO  o.eclipse.m2e.core.internal.Bundles - 	Entry: C:\Users\Admin\.p2\pool\plugins\org.eclipse.m2e.maven.runtime_3.9.900.20250220-2013
2025-04-15 12:38:17,163 [Worker-15: Launching Executing clean in D__AgadgoanApplication_DevoteeApplicationBackend] INFO  o.eclipse.m2e.core.internal.Bundles - 	Entry: C:\Users\Admin\.p2\pool\plugins\org.eclipse.m2e.maven.runtime_3.9.900.20250220-2013\jars\aopalliance-1.0.jar
2025-04-15 12:38:17,164 [Worker-15: Launching Executing clean in D__AgadgoanApplication_DevoteeApplicationBackend] INFO  o.eclipse.m2e.core.internal.Bundles - 	Entry: C:\Users\Admin\.p2\pool\plugins\org.eclipse.m2e.maven.runtime_3.9.900.20250220-2013\jars\guice-5.1.0.jar
2025-04-15 12:38:17,165 [Worker-15: Launching Executing clean in D__AgadgoanApplication_DevoteeApplicationBackend] INFO  o.eclipse.m2e.core.internal.Bundles - 	Entry: C:\Users\Admin\.p2\pool\plugins\org.eclipse.m2e.maven.runtime_3.9.900.20250220-2013\jars\httpclient-4.5.14.jar
2025-04-15 12:38:17,166 [Worker-15: Launching Executing clean in D__AgadgoanApplication_DevoteeApplicationBackend] INFO  o.eclipse.m2e.core.internal.Bundles - 	Entry: C:\Users\Admin\.p2\pool\plugins\org.eclipse.m2e.maven.runtime_3.9.900.20250220-2013\jars\httpcore-4.4.16.jar
2025-04-15 12:38:17,166 [Worker-15: Launching Executing clean in D__AgadgoanApplication_DevoteeApplicationBackend] INFO  o.eclipse.m2e.core.internal.Bundles - 	Entry: C:\Users\Admin\.p2\pool\plugins\org.eclipse.m2e.maven.runtime_3.9.900.20250220-2013\jars\jansi-2.4.1.jar
2025-04-15 12:38:17,167 [Worker-15: Launching Executing clean in D__AgadgoanApplication_DevoteeApplicationBackend] INFO  o.eclipse.m2e.core.internal.Bundles - 	Entry: C:\Users\Admin\.p2\pool\plugins\org.eclipse.m2e.maven.runtime_3.9.900.20250220-2013\jars\jcl-over-slf4j-1.7.36.jar
2025-04-15 12:38:17,167 [Worker-15: Launching Executing clean in D__AgadgoanApplication_DevoteeApplicationBackend] INFO  o.eclipse.m2e.core.internal.Bundles - 	Entry: C:\Users\Admin\.p2\pool\plugins\org.eclipse.m2e.maven.runtime_3.9.900.20250220-2013\jars\maven-artifact-3.9.9.jar
2025-04-15 12:38:17,167 [Worker-15: Launching Executing clean in D__AgadgoanApplication_DevoteeApplicationBackend] INFO  o.eclipse.m2e.core.internal.Bundles - 	Entry: C:\Users\Admin\.p2\pool\plugins\org.eclipse.m2e.maven.runtime_3.9.900.20250220-2013\jars\maven-builder-support-3.9.9.jar
2025-04-15 12:38:17,168 [Worker-15: Launching Executing clean in D__AgadgoanApplication_DevoteeApplicationBackend] INFO  o.eclipse.m2e.core.internal.Bundles - 	Entry: C:\Users\Admin\.p2\pool\plugins\org.eclipse.m2e.maven.runtime_3.9.900.20250220-2013\jars\maven-compat-3.9.9.jar
2025-04-15 12:38:17,168 [Worker-15: Launching Executing clean in D__AgadgoanApplication_DevoteeApplicationBackend] INFO  o.eclipse.m2e.core.internal.Bundles - 	Entry: C:\Users\Admin\.p2\pool\plugins\org.eclipse.m2e.maven.runtime_3.9.900.20250220-2013\jars\maven-core-3.9.9.jar
2025-04-15 12:38:17,168 [Worker-15: Launching Executing clean in D__AgadgoanApplication_DevoteeApplicationBackend] INFO  o.eclipse.m2e.core.internal.Bundles - 	Entry: C:\Users\Admin\.p2\pool\plugins\org.eclipse.m2e.maven.runtime_3.9.900.20250220-2013\jars\maven-embedder-3.9.9.jar
2025-04-15 12:38:17,168 [Worker-15: Launching Executing clean in D__AgadgoanApplication_DevoteeApplicationBackend] INFO  o.eclipse.m2e.core.internal.Bundles - 	Entry: C:\Users\Admin\.p2\pool\plugins\org.eclipse.m2e.maven.runtime_3.9.900.20250220-2013\jars\maven-model-3.9.9.jar
2025-04-15 12:38:17,169 [Worker-15: Launching Executing clean in D__AgadgoanApplication_DevoteeApplicationBackend] INFO  o.eclipse.m2e.core.internal.Bundles - 	Entry: C:\Users\Admin\.p2\pool\plugins\org.eclipse.m2e.maven.runtime_3.9.900.20250220-2013\jars\maven-model-builder-3.9.9.jar
2025-04-15 12:38:17,170 [Worker-15: Launching Executing clean in D__AgadgoanApplication_DevoteeApplicationBackend] INFO  o.eclipse.m2e.core.internal.Bundles - 	Entry: C:\Users\Admin\.p2\pool\plugins\org.eclipse.m2e.maven.runtime_3.9.900.20250220-2013\jars\maven-plugin-api-3.9.9.jar
2025-04-15 12:38:17,170 [Worker-15: Launching Executing clean in D__AgadgoanApplication_DevoteeApplicationBackend] INFO  o.eclipse.m2e.core.internal.Bundles - 	Entry: C:\Users\Admin\.p2\pool\plugins\org.eclipse.m2e.maven.runtime_3.9.900.20250220-2013\jars\maven-repository-metadata-3.9.9.jar
2025-04-15 12:38:17,170 [Worker-15: Launching Executing clean in D__AgadgoanApplication_DevoteeApplicationBackend] INFO  o.eclipse.m2e.core.internal.Bundles - 	Entry: C:\Users\Admin\.p2\pool\plugins\org.eclipse.m2e.maven.runtime_3.9.900.20250220-2013\jars\maven-resolver-api-1.9.22.jar
2025-04-15 12:38:17,171 [Worker-15: Launching Executing clean in D__AgadgoanApplication_DevoteeApplicationBackend] INFO  o.eclipse.m2e.core.internal.Bundles - 	Entry: C:\Users\Admin\.p2\pool\plugins\org.eclipse.m2e.maven.runtime_3.9.900.20250220-2013\jars\maven-resolver-connector-basic-1.9.22.jar
2025-04-15 12:38:17,171 [Worker-15: Launching Executing clean in D__AgadgoanApplication_DevoteeApplicationBackend] INFO  o.eclipse.m2e.core.internal.Bundles - 	Entry: C:\Users\Admin\.p2\pool\plugins\org.eclipse.m2e.maven.runtime_3.9.900.20250220-2013\jars\maven-resolver-impl-1.9.22.jar
2025-04-15 12:38:17,171 [Worker-15: Launching Executing clean in D__AgadgoanApplication_DevoteeApplicationBackend] INFO  o.eclipse.m2e.core.internal.Bundles - 	Entry: C:\Users\Admin\.p2\pool\plugins\org.eclipse.m2e.maven.runtime_3.9.900.20250220-2013\jars\maven-resolver-named-locks-1.9.22.jar
2025-04-15 12:38:17,172 [Worker-15: Launching Executing clean in D__AgadgoanApplication_DevoteeApplicationBackend] INFO  o.eclipse.m2e.core.internal.Bundles - 	Entry: C:\Users\Admin\.p2\pool\plugins\org.eclipse.m2e.maven.runtime_3.9.900.20250220-2013\jars\maven-resolver-provider-3.9.9.jar
2025-04-15 12:38:17,173 [Worker-15: Launching Executing clean in D__AgadgoanApplication_DevoteeApplicationBackend] INFO  o.eclipse.m2e.core.internal.Bundles - 	Entry: C:\Users\Admin\.p2\pool\plugins\org.eclipse.m2e.maven.runtime_3.9.900.20250220-2013\jars\maven-resolver-spi-1.9.22.jar
2025-04-15 12:38:17,173 [Worker-15: Launching Executing clean in D__AgadgoanApplication_DevoteeApplicationBackend] INFO  o.eclipse.m2e.core.internal.Bundles - 	Entry: C:\Users\Admin\.p2\pool\plugins\org.eclipse.m2e.maven.runtime_3.9.900.20250220-2013\jars\maven-resolver-transport-file-1.9.22.jar
2025-04-15 12:38:17,174 [Worker-15: Launching Executing clean in D__AgadgoanApplication_DevoteeApplicationBackend] INFO  o.eclipse.m2e.core.internal.Bundles - 	Entry: C:\Users\Admin\.p2\pool\plugins\org.eclipse.m2e.maven.runtime_3.9.900.20250220-2013\jars\maven-resolver-transport-http-1.9.22.jar
2025-04-15 12:38:17,174 [Worker-15: Launching Executing clean in D__AgadgoanApplication_DevoteeApplicationBackend] INFO  o.eclipse.m2e.core.internal.Bundles - 	Entry: C:\Users\Admin\.p2\pool\plugins\org.eclipse.m2e.maven.runtime_3.9.900.20250220-2013\jars\maven-resolver-transport-wagon-1.9.22.jar
2025-04-15 12:38:17,174 [Worker-15: Launching Executing clean in D__AgadgoanApplication_DevoteeApplicationBackend] INFO  o.eclipse.m2e.core.internal.Bundles - 	Entry: C:\Users\Admin\.p2\pool\plugins\org.eclipse.m2e.maven.runtime_3.9.900.20250220-2013\jars\maven-resolver-util-1.9.22.jar
2025-04-15 12:38:17,174 [Worker-15: Launching Executing clean in D__AgadgoanApplication_DevoteeApplicationBackend] INFO  o.eclipse.m2e.core.internal.Bundles - 	Entry: C:\Users\Admin\.p2\pool\plugins\org.eclipse.m2e.maven.runtime_3.9.900.20250220-2013\jars\maven-settings-3.9.9.jar
2025-04-15 12:38:17,175 [Worker-15: Launching Executing clean in D__AgadgoanApplication_DevoteeApplicationBackend] INFO  o.eclipse.m2e.core.internal.Bundles - 	Entry: C:\Users\Admin\.p2\pool\plugins\org.eclipse.m2e.maven.runtime_3.9.900.20250220-2013\jars\maven-settings-builder-3.9.9.jar
2025-04-15 12:38:17,176 [Worker-15: Launching Executing clean in D__AgadgoanApplication_DevoteeApplicationBackend] INFO  o.eclipse.m2e.core.internal.Bundles - 	Entry: C:\Users\Admin\.p2\pool\plugins\org.eclipse.m2e.maven.runtime_3.9.900.20250220-2013\jars\maven-shared-utils-3.4.2.jar
2025-04-15 12:38:17,176 [Worker-15: Launching Executing clean in D__AgadgoanApplication_DevoteeApplicationBackend] INFO  o.eclipse.m2e.core.internal.Bundles - 	Entry: C:\Users\Admin\.p2\pool\plugins\org.eclipse.m2e.maven.runtime_3.9.900.20250220-2013\jars\org.eclipse.sisu.inject-0.9.0.M3.jar
2025-04-15 12:38:17,176 [Worker-15: Launching Executing clean in D__AgadgoanApplication_DevoteeApplicationBackend] INFO  o.eclipse.m2e.core.internal.Bundles - 	Entry: C:\Users\Admin\.p2\pool\plugins\org.eclipse.m2e.maven.runtime_3.9.900.20250220-2013\jars\org.eclipse.sisu.plexus-0.9.0.M3.jar
2025-04-15 12:38:17,176 [Worker-15: Launching Executing clean in D__AgadgoanApplication_DevoteeApplicationBackend] INFO  o.eclipse.m2e.core.internal.Bundles - 	Entry: C:\Users\Admin\.p2\pool\plugins\org.eclipse.m2e.maven.runtime_3.9.900.20250220-2013\jars\plexus-build-api-0.0.7.jar
2025-04-15 12:38:17,177 [Worker-15: Launching Executing clean in D__AgadgoanApplication_DevoteeApplicationBackend] INFO  o.eclipse.m2e.core.internal.Bundles - 	Entry: C:\Users\Admin\.p2\pool\plugins\org.eclipse.m2e.maven.runtime_3.9.900.20250220-2013\jars\plexus-build-api-1.2.0.jar
2025-04-15 12:38:17,177 [Worker-15: Launching Executing clean in D__AgadgoanApplication_DevoteeApplicationBackend] INFO  o.eclipse.m2e.core.internal.Bundles - 	Entry: C:\Users\Admin\.p2\pool\plugins\org.eclipse.m2e.maven.runtime_3.9.900.20250220-2013\jars\plexus-cipher-2.0.jar
2025-04-15 12:38:17,177 [Worker-15: Launching Executing clean in D__AgadgoanApplication_DevoteeApplicationBackend] INFO  o.eclipse.m2e.core.internal.Bundles - 	Entry: C:\Users\Admin\.p2\pool\plugins\org.eclipse.m2e.maven.runtime_3.9.900.20250220-2013\jars\plexus-classworlds-2.8.0.jar
2025-04-15 12:38:17,178 [Worker-15: Launching Executing clean in D__AgadgoanApplication_DevoteeApplicationBackend] INFO  o.eclipse.m2e.core.internal.Bundles - 	Entry: C:\Users\Admin\.p2\pool\plugins\org.eclipse.m2e.maven.runtime_3.9.900.20250220-2013\jars\plexus-component-annotations-2.1.0.jar
2025-04-15 12:38:17,178 [Worker-15: Launching Executing clean in D__AgadgoanApplication_DevoteeApplicationBackend] INFO  o.eclipse.m2e.core.internal.Bundles - 	Entry: C:\Users\Admin\.p2\pool\plugins\org.eclipse.m2e.maven.runtime_3.9.900.20250220-2013\jars\plexus-interpolation-1.27.jar
2025-04-15 12:38:17,178 [Worker-15: Launching Executing clean in D__AgadgoanApplication_DevoteeApplicationBackend] INFO  o.eclipse.m2e.core.internal.Bundles - 	Entry: C:\Users\Admin\.p2\pool\plugins\org.eclipse.m2e.maven.runtime_3.9.900.20250220-2013\jars\plexus-sec-dispatcher-2.0.jar
2025-04-15 12:38:17,179 [Worker-15: Launching Executing clean in D__AgadgoanApplication_DevoteeApplicationBackend] INFO  o.eclipse.m2e.core.internal.Bundles - 	Entry: C:\Users\Admin\.p2\pool\plugins\org.eclipse.m2e.maven.runtime_3.9.900.20250220-2013\jars\plexus-utils-3.5.1.jar
2025-04-15 12:38:17,179 [Worker-15: Launching Executing clean in D__AgadgoanApplication_DevoteeApplicationBackend] INFO  o.eclipse.m2e.core.internal.Bundles - 	Entry: C:\Users\Admin\.p2\pool\plugins\org.eclipse.m2e.maven.runtime_3.9.900.20250220-2013\jars\plexus-xml-3.0.1.jar
2025-04-15 12:38:17,179 [Worker-15: Launching Executing clean in D__AgadgoanApplication_DevoteeApplicationBackend] INFO  o.eclipse.m2e.core.internal.Bundles - 	Entry: C:\Users\Admin\.p2\pool\plugins\org.eclipse.m2e.maven.runtime_3.9.900.20250220-2013\jars\wagon-file-3.5.3.jar
2025-04-15 12:38:17,184 [Worker-15: Launching Executing clean in D__AgadgoanApplication_DevoteeApplicationBackend] INFO  o.eclipse.m2e.core.internal.Bundles - 	Entry: C:\Users\Admin\.p2\pool\plugins\org.eclipse.m2e.maven.runtime_3.9.900.20250220-2013\jars\wagon-http-3.5.3.jar
2025-04-15 12:38:17,184 [Worker-15: Launching Executing clean in D__AgadgoanApplication_DevoteeApplicationBackend] INFO  o.eclipse.m2e.core.internal.Bundles - 	Entry: C:\Users\Admin\.p2\pool\plugins\org.eclipse.m2e.maven.runtime_3.9.900.20250220-2013\jars\wagon-http-shared-3.5.3.jar
2025-04-15 12:38:17,184 [Worker-15: Launching Executing clean in D__AgadgoanApplication_DevoteeApplicationBackend] INFO  o.eclipse.m2e.core.internal.Bundles - 	Entry: C:\Users\Admin\.p2\pool\plugins\org.eclipse.m2e.maven.runtime_3.9.900.20250220-2013\jars\wagon-provider-api-3.5.3.jar
2025-04-15 12:38:17,187 [Worker-15: Launching Executing clean in D__AgadgoanApplication_DevoteeApplicationBackend] INFO  o.eclipse.m2e.core.internal.Bundles - getClasspathEntries(Bundle=com.google.guava_33.4.0.jre [12])
2025-04-15 12:38:17,189 [Worker-15: Launching Executing clean in D__AgadgoanApplication_DevoteeApplicationBackend] INFO  o.eclipse.m2e.core.internal.Bundles - 	Entry: C:\Users\Admin\.p2\pool\plugins\com.google.guava_33.4.0.jre.jar
2025-04-15 12:38:17,189 [Worker-15: Launching Executing clean in D__AgadgoanApplication_DevoteeApplicationBackend] INFO  o.eclipse.m2e.core.internal.Bundles - getClasspathEntries(Bundle=slf4j.api_2.0.17 [589])
2025-04-15 12:38:17,190 [Worker-15: Launching Executing clean in D__AgadgoanApplication_DevoteeApplicationBackend] INFO  o.eclipse.m2e.core.internal.Bundles - 	Entry: C:\Users\Admin\.p2\pool\plugins\slf4j.api_2.0.17.jar
2025-04-15 12:38:17,190 [Worker-15: Launching Executing clean in D__AgadgoanApplication_DevoteeApplicationBackend] INFO  o.eclipse.m2e.core.internal.Bundles - getClasspathEntries(Bundle=jakarta.inject.jakarta.inject-api_1.0.5 [24])
2025-04-15 12:38:17,191 [Worker-15: Launching Executing clean in D__AgadgoanApplication_DevoteeApplicationBackend] INFO  o.eclipse.m2e.core.internal.Bundles - 	Entry: C:\Users\Admin\.p2\pool\plugins\jakarta.inject.jakarta.inject-api_1.0.5.jar
2025-04-15 12:38:17,191 [Worker-15: Launching Executing clean in D__AgadgoanApplication_DevoteeApplicationBackend] INFO  o.eclipse.m2e.core.internal.Bundles - getClasspathEntries(Bundle=jakarta.annotation-api_1.3.5 [22])
2025-04-15 12:38:17,192 [Worker-15: Launching Executing clean in D__AgadgoanApplication_DevoteeApplicationBackend] INFO  o.eclipse.m2e.core.internal.Bundles - 	Entry: C:\Users\Admin\.p2\pool\plugins\jakarta.annotation-api_1.3.5.jar
2025-04-15 12:38:17,192 [Worker-15: Launching Executing clean in D__AgadgoanApplication_DevoteeApplicationBackend] INFO  o.eclipse.m2e.core.internal.Bundles - getClasspathEntries(Bundle=org.apache.commons.cli_1.9.0 [48])
2025-04-15 12:38:17,193 [Worker-15: Launching Executing clean in D__AgadgoanApplication_DevoteeApplicationBackend] INFO  o.eclipse.m2e.core.internal.Bundles - 	Entry: C:\Users\Admin\.p2\pool\plugins\org.apache.commons.cli_1.9.0.jar
2025-04-15 12:38:17,193 [Worker-15: Launching Executing clean in D__AgadgoanApplication_DevoteeApplicationBackend] INFO  o.eclipse.m2e.core.internal.Bundles - getClasspathEntries(Bundle=org.apache.commons.commons-codec_1.16.0 [49])
2025-04-15 12:38:17,194 [Worker-15: Launching Executing clean in D__AgadgoanApplication_DevoteeApplicationBackend] INFO  o.eclipse.m2e.core.internal.Bundles - 	Entry: C:\Users\Admin\.p2\pool\plugins\org.apache.commons.commons-codec_1.16.0.jar
2025-04-15 12:38:17,194 [Worker-15: Launching Executing clean in D__AgadgoanApplication_DevoteeApplicationBackend] INFO  o.eclipse.m2e.core.internal.Bundles - getClasspathEntries(Bundle=com.google.guava.failureaccess_1.0.2 [13])
2025-04-15 12:38:17,195 [Worker-15: Launching Executing clean in D__AgadgoanApplication_DevoteeApplicationBackend] INFO  o.eclipse.m2e.core.internal.Bundles - 	Entry: C:\Users\Admin\.p2\pool\plugins\com.google.guava.failureaccess_1.0.2.jar
2025-04-15 12:38:17,254 [Worker-15: Launching Executing clean in D__AgadgoanApplication_DevoteeApplicationBackend] INFO  o.e.m.i.launch.MavenLaunchDelegate - Run build in "D:\AgadgoanApplication\DevoteeApplicationBackend":
2025-04-15 12:38:17,256 [Worker-15: Launching Executing clean in D__AgadgoanApplication_DevoteeApplicationBackend] INFO  o.e.m.i.launch.MavenLaunchDelegate -  mvn  -B -Dstyle.color=always clean
2025-04-15 12:38:22,742 [Worker-5: Building] INFO  o.a.m.s.f.DefaultMavenResourcesFiltering - Copying 1 resource from src\main\resources to target\classes
2025-04-15 12:38:22,747 [Worker-5: Building] INFO  o.a.m.s.f.DefaultMavenResourcesFiltering - Copying 0 resource from src\main\resources to target\classes
2025-04-15 12:38:22,753 [Worker-5: Building] INFO  o.a.m.s.f.DefaultMavenResourcesFiltering - skip non existing resourceDirectory D:\AgadgoanApplication\DevoteeApplicationBackend\src\test\resources
2025-04-15 12:38:37,838 [Worker-5: Launching Executing install in D__AgadgoanApplication_DevoteeApplicationBackend] INFO  o.eclipse.m2e.core.internal.Bundles - getClasspathEntries(Bundle=org.eclipse.m2e.maven.runtime_3.9.900.20250220-2013 [296])
2025-04-15 12:38:37,838 [Worker-5: Launching Executing install in D__AgadgoanApplication_DevoteeApplicationBackend] INFO  o.eclipse.m2e.core.internal.Bundles - 	Entry: C:\Users\Admin\.p2\pool\plugins\org.eclipse.m2e.maven.runtime_3.9.900.20250220-2013
2025-04-15 12:38:37,839 [Worker-5: Launching Executing install in D__AgadgoanApplication_DevoteeApplicationBackend] INFO  o.eclipse.m2e.core.internal.Bundles - 	Entry: C:\Users\Admin\.p2\pool\plugins\org.eclipse.m2e.maven.runtime_3.9.900.20250220-2013\jars\aopalliance-1.0.jar
2025-04-15 12:38:37,839 [Worker-5: Launching Executing install in D__AgadgoanApplication_DevoteeApplicationBackend] INFO  o.eclipse.m2e.core.internal.Bundles - 	Entry: C:\Users\Admin\.p2\pool\plugins\org.eclipse.m2e.maven.runtime_3.9.900.20250220-2013\jars\guice-5.1.0.jar
2025-04-15 12:38:37,839 [Worker-5: Launching Executing install in D__AgadgoanApplication_DevoteeApplicationBackend] INFO  o.eclipse.m2e.core.internal.Bundles - 	Entry: C:\Users\Admin\.p2\pool\plugins\org.eclipse.m2e.maven.runtime_3.9.900.20250220-2013\jars\httpclient-4.5.14.jar
2025-04-15 12:38:37,839 [Worker-5: Launching Executing install in D__AgadgoanApplication_DevoteeApplicationBackend] INFO  o.eclipse.m2e.core.internal.Bundles - 	Entry: C:\Users\Admin\.p2\pool\plugins\org.eclipse.m2e.maven.runtime_3.9.900.20250220-2013\jars\httpcore-4.4.16.jar
2025-04-15 12:38:37,839 [Worker-5: Launching Executing install in D__AgadgoanApplication_DevoteeApplicationBackend] INFO  o.eclipse.m2e.core.internal.Bundles - 	Entry: C:\Users\Admin\.p2\pool\plugins\org.eclipse.m2e.maven.runtime_3.9.900.20250220-2013\jars\jansi-2.4.1.jar
2025-04-15 12:38:37,839 [Worker-5: Launching Executing install in D__AgadgoanApplication_DevoteeApplicationBackend] INFO  o.eclipse.m2e.core.internal.Bundles - 	Entry: C:\Users\Admin\.p2\pool\plugins\org.eclipse.m2e.maven.runtime_3.9.900.20250220-2013\jars\jcl-over-slf4j-1.7.36.jar
2025-04-15 12:38:37,839 [Worker-5: Launching Executing install in D__AgadgoanApplication_DevoteeApplicationBackend] INFO  o.eclipse.m2e.core.internal.Bundles - 	Entry: C:\Users\Admin\.p2\pool\plugins\org.eclipse.m2e.maven.runtime_3.9.900.20250220-2013\jars\maven-artifact-3.9.9.jar
2025-04-15 12:38:37,840 [Worker-5: Launching Executing install in D__AgadgoanApplication_DevoteeApplicationBackend] INFO  o.eclipse.m2e.core.internal.Bundles - 	Entry: C:\Users\Admin\.p2\pool\plugins\org.eclipse.m2e.maven.runtime_3.9.900.20250220-2013\jars\maven-builder-support-3.9.9.jar
2025-04-15 12:38:37,840 [Worker-5: Launching Executing install in D__AgadgoanApplication_DevoteeApplicationBackend] INFO  o.eclipse.m2e.core.internal.Bundles - 	Entry: C:\Users\Admin\.p2\pool\plugins\org.eclipse.m2e.maven.runtime_3.9.900.20250220-2013\jars\maven-compat-3.9.9.jar
2025-04-15 12:38:37,840 [Worker-5: Launching Executing install in D__AgadgoanApplication_DevoteeApplicationBackend] INFO  o.eclipse.m2e.core.internal.Bundles - 	Entry: C:\Users\Admin\.p2\pool\plugins\org.eclipse.m2e.maven.runtime_3.9.900.20250220-2013\jars\maven-core-3.9.9.jar
2025-04-15 12:38:37,840 [Worker-5: Launching Executing install in D__AgadgoanApplication_DevoteeApplicationBackend] INFO  o.eclipse.m2e.core.internal.Bundles - 	Entry: C:\Users\Admin\.p2\pool\plugins\org.eclipse.m2e.maven.runtime_3.9.900.20250220-2013\jars\maven-embedder-3.9.9.jar
2025-04-15 12:38:37,840 [Worker-5: Launching Executing install in D__AgadgoanApplication_DevoteeApplicationBackend] INFO  o.eclipse.m2e.core.internal.Bundles - 	Entry: C:\Users\Admin\.p2\pool\plugins\org.eclipse.m2e.maven.runtime_3.9.900.20250220-2013\jars\maven-model-3.9.9.jar
2025-04-15 12:38:37,840 [Worker-5: Launching Executing install in D__AgadgoanApplication_DevoteeApplicationBackend] INFO  o.eclipse.m2e.core.internal.Bundles - 	Entry: C:\Users\Admin\.p2\pool\plugins\org.eclipse.m2e.maven.runtime_3.9.900.20250220-2013\jars\maven-model-builder-3.9.9.jar
2025-04-15 12:38:37,841 [Worker-5: Launching Executing install in D__AgadgoanApplication_DevoteeApplicationBackend] INFO  o.eclipse.m2e.core.internal.Bundles - 	Entry: C:\Users\Admin\.p2\pool\plugins\org.eclipse.m2e.maven.runtime_3.9.900.20250220-2013\jars\maven-plugin-api-3.9.9.jar
2025-04-15 12:38:37,841 [Worker-5: Launching Executing install in D__AgadgoanApplication_DevoteeApplicationBackend] INFO  o.eclipse.m2e.core.internal.Bundles - 	Entry: C:\Users\Admin\.p2\pool\plugins\org.eclipse.m2e.maven.runtime_3.9.900.20250220-2013\jars\maven-repository-metadata-3.9.9.jar
2025-04-15 12:38:37,841 [Worker-5: Launching Executing install in D__AgadgoanApplication_DevoteeApplicationBackend] INFO  o.eclipse.m2e.core.internal.Bundles - 	Entry: C:\Users\Admin\.p2\pool\plugins\org.eclipse.m2e.maven.runtime_3.9.900.20250220-2013\jars\maven-resolver-api-1.9.22.jar
2025-04-15 12:38:37,841 [Worker-5: Launching Executing install in D__AgadgoanApplication_DevoteeApplicationBackend] INFO  o.eclipse.m2e.core.internal.Bundles - 	Entry: C:\Users\Admin\.p2\pool\plugins\org.eclipse.m2e.maven.runtime_3.9.900.20250220-2013\jars\maven-resolver-connector-basic-1.9.22.jar
2025-04-15 12:38:37,841 [Worker-5: Launching Executing install in D__AgadgoanApplication_DevoteeApplicationBackend] INFO  o.eclipse.m2e.core.internal.Bundles - 	Entry: C:\Users\Admin\.p2\pool\plugins\org.eclipse.m2e.maven.runtime_3.9.900.20250220-2013\jars\maven-resolver-impl-1.9.22.jar
2025-04-15 12:38:37,842 [Worker-5: Launching Executing install in D__AgadgoanApplication_DevoteeApplicationBackend] INFO  o.eclipse.m2e.core.internal.Bundles - 	Entry: C:\Users\Admin\.p2\pool\plugins\org.eclipse.m2e.maven.runtime_3.9.900.20250220-2013\jars\maven-resolver-named-locks-1.9.22.jar
2025-04-15 12:38:37,842 [Worker-5: Launching Executing install in D__AgadgoanApplication_DevoteeApplicationBackend] INFO  o.eclipse.m2e.core.internal.Bundles - 	Entry: C:\Users\Admin\.p2\pool\plugins\org.eclipse.m2e.maven.runtime_3.9.900.20250220-2013\jars\maven-resolver-provider-3.9.9.jar
2025-04-15 12:38:37,842 [Worker-5: Launching Executing install in D__AgadgoanApplication_DevoteeApplicationBackend] INFO  o.eclipse.m2e.core.internal.Bundles - 	Entry: C:\Users\Admin\.p2\pool\plugins\org.eclipse.m2e.maven.runtime_3.9.900.20250220-2013\jars\maven-resolver-spi-1.9.22.jar
2025-04-15 12:38:37,842 [Worker-5: Launching Executing install in D__AgadgoanApplication_DevoteeApplicationBackend] INFO  o.eclipse.m2e.core.internal.Bundles - 	Entry: C:\Users\Admin\.p2\pool\plugins\org.eclipse.m2e.maven.runtime_3.9.900.20250220-2013\jars\maven-resolver-transport-file-1.9.22.jar
2025-04-15 12:38:37,842 [Worker-5: Launching Executing install in D__AgadgoanApplication_DevoteeApplicationBackend] INFO  o.eclipse.m2e.core.internal.Bundles - 	Entry: C:\Users\Admin\.p2\pool\plugins\org.eclipse.m2e.maven.runtime_3.9.900.20250220-2013\jars\maven-resolver-transport-http-1.9.22.jar
2025-04-15 12:38:37,843 [Worker-5: Launching Executing install in D__AgadgoanApplication_DevoteeApplicationBackend] INFO  o.eclipse.m2e.core.internal.Bundles - 	Entry: C:\Users\Admin\.p2\pool\plugins\org.eclipse.m2e.maven.runtime_3.9.900.20250220-2013\jars\maven-resolver-transport-wagon-1.9.22.jar
2025-04-15 12:38:37,843 [Worker-5: Launching Executing install in D__AgadgoanApplication_DevoteeApplicationBackend] INFO  o.eclipse.m2e.core.internal.Bundles - 	Entry: C:\Users\Admin\.p2\pool\plugins\org.eclipse.m2e.maven.runtime_3.9.900.20250220-2013\jars\maven-resolver-util-1.9.22.jar
2025-04-15 12:38:37,843 [Worker-5: Launching Executing install in D__AgadgoanApplication_DevoteeApplicationBackend] INFO  o.eclipse.m2e.core.internal.Bundles - 	Entry: C:\Users\Admin\.p2\pool\plugins\org.eclipse.m2e.maven.runtime_3.9.900.20250220-2013\jars\maven-settings-3.9.9.jar
2025-04-15 12:38:37,843 [Worker-5: Launching Executing install in D__AgadgoanApplication_DevoteeApplicationBackend] INFO  o.eclipse.m2e.core.internal.Bundles - 	Entry: C:\Users\Admin\.p2\pool\plugins\org.eclipse.m2e.maven.runtime_3.9.900.20250220-2013\jars\maven-settings-builder-3.9.9.jar
2025-04-15 12:38:37,844 [Worker-5: Launching Executing install in D__AgadgoanApplication_DevoteeApplicationBackend] INFO  o.eclipse.m2e.core.internal.Bundles - 	Entry: C:\Users\Admin\.p2\pool\plugins\org.eclipse.m2e.maven.runtime_3.9.900.20250220-2013\jars\maven-shared-utils-3.4.2.jar
2025-04-15 12:38:37,844 [Worker-5: Launching Executing install in D__AgadgoanApplication_DevoteeApplicationBackend] INFO  o.eclipse.m2e.core.internal.Bundles - 	Entry: C:\Users\Admin\.p2\pool\plugins\org.eclipse.m2e.maven.runtime_3.9.900.20250220-2013\jars\org.eclipse.sisu.inject-0.9.0.M3.jar
2025-04-15 12:38:37,844 [Worker-5: Launching Executing install in D__AgadgoanApplication_DevoteeApplicationBackend] INFO  o.eclipse.m2e.core.internal.Bundles - 	Entry: C:\Users\Admin\.p2\pool\plugins\org.eclipse.m2e.maven.runtime_3.9.900.20250220-2013\jars\org.eclipse.sisu.plexus-0.9.0.M3.jar
2025-04-15 12:38:37,844 [Worker-5: Launching Executing install in D__AgadgoanApplication_DevoteeApplicationBackend] INFO  o.eclipse.m2e.core.internal.Bundles - 	Entry: C:\Users\Admin\.p2\pool\plugins\org.eclipse.m2e.maven.runtime_3.9.900.20250220-2013\jars\plexus-build-api-0.0.7.jar
2025-04-15 12:38:37,845 [Worker-5: Launching Executing install in D__AgadgoanApplication_DevoteeApplicationBackend] INFO  o.eclipse.m2e.core.internal.Bundles - 	Entry: C:\Users\Admin\.p2\pool\plugins\org.eclipse.m2e.maven.runtime_3.9.900.20250220-2013\jars\plexus-build-api-1.2.0.jar
2025-04-15 12:38:37,845 [Worker-5: Launching Executing install in D__AgadgoanApplication_DevoteeApplicationBackend] INFO  o.eclipse.m2e.core.internal.Bundles - 	Entry: C:\Users\Admin\.p2\pool\plugins\org.eclipse.m2e.maven.runtime_3.9.900.20250220-2013\jars\plexus-cipher-2.0.jar
2025-04-15 12:38:37,845 [Worker-5: Launching Executing install in D__AgadgoanApplication_DevoteeApplicationBackend] INFO  o.eclipse.m2e.core.internal.Bundles - 	Entry: C:\Users\Admin\.p2\pool\plugins\org.eclipse.m2e.maven.runtime_3.9.900.20250220-2013\jars\plexus-classworlds-2.8.0.jar
2025-04-15 12:38:37,846 [Worker-5: Launching Executing install in D__AgadgoanApplication_DevoteeApplicationBackend] INFO  o.eclipse.m2e.core.internal.Bundles - 	Entry: C:\Users\Admin\.p2\pool\plugins\org.eclipse.m2e.maven.runtime_3.9.900.20250220-2013\jars\plexus-component-annotations-2.1.0.jar
2025-04-15 12:38:37,846 [Worker-5: Launching Executing install in D__AgadgoanApplication_DevoteeApplicationBackend] INFO  o.eclipse.m2e.core.internal.Bundles - 	Entry: C:\Users\Admin\.p2\pool\plugins\org.eclipse.m2e.maven.runtime_3.9.900.20250220-2013\jars\plexus-interpolation-1.27.jar
2025-04-15 12:38:37,846 [Worker-5: Launching Executing install in D__AgadgoanApplication_DevoteeApplicationBackend] INFO  o.eclipse.m2e.core.internal.Bundles - 	Entry: C:\Users\Admin\.p2\pool\plugins\org.eclipse.m2e.maven.runtime_3.9.900.20250220-2013\jars\plexus-sec-dispatcher-2.0.jar
2025-04-15 12:38:37,848 [Worker-5: Launching Executing install in D__AgadgoanApplication_DevoteeApplicationBackend] INFO  o.eclipse.m2e.core.internal.Bundles - 	Entry: C:\Users\Admin\.p2\pool\plugins\org.eclipse.m2e.maven.runtime_3.9.900.20250220-2013\jars\plexus-utils-3.5.1.jar
2025-04-15 12:38:37,849 [Worker-5: Launching Executing install in D__AgadgoanApplication_DevoteeApplicationBackend] INFO  o.eclipse.m2e.core.internal.Bundles - 	Entry: C:\Users\Admin\.p2\pool\plugins\org.eclipse.m2e.maven.runtime_3.9.900.20250220-2013\jars\plexus-xml-3.0.1.jar
2025-04-15 12:38:37,849 [Worker-5: Launching Executing install in D__AgadgoanApplication_DevoteeApplicationBackend] INFO  o.eclipse.m2e.core.internal.Bundles - 	Entry: C:\Users\Admin\.p2\pool\plugins\org.eclipse.m2e.maven.runtime_3.9.900.20250220-2013\jars\wagon-file-3.5.3.jar
2025-04-15 12:38:37,850 [Worker-5: Launching Executing install in D__AgadgoanApplication_DevoteeApplicationBackend] INFO  o.eclipse.m2e.core.internal.Bundles - 	Entry: C:\Users\Admin\.p2\pool\plugins\org.eclipse.m2e.maven.runtime_3.9.900.20250220-2013\jars\wagon-http-3.5.3.jar
2025-04-15 12:38:37,850 [Worker-5: Launching Executing install in D__AgadgoanApplication_DevoteeApplicationBackend] INFO  o.eclipse.m2e.core.internal.Bundles - 	Entry: C:\Users\Admin\.p2\pool\plugins\org.eclipse.m2e.maven.runtime_3.9.900.20250220-2013\jars\wagon-http-shared-3.5.3.jar
2025-04-15 12:38:37,851 [Worker-5: Launching Executing install in D__AgadgoanApplication_DevoteeApplicationBackend] INFO  o.eclipse.m2e.core.internal.Bundles - 	Entry: C:\Users\Admin\.p2\pool\plugins\org.eclipse.m2e.maven.runtime_3.9.900.20250220-2013\jars\wagon-provider-api-3.5.3.jar
2025-04-15 12:38:37,851 [Worker-5: Launching Executing install in D__AgadgoanApplication_DevoteeApplicationBackend] INFO  o.eclipse.m2e.core.internal.Bundles - getClasspathEntries(Bundle=com.google.guava_33.4.0.jre [12])
2025-04-15 12:38:37,852 [Worker-5: Launching Executing install in D__AgadgoanApplication_DevoteeApplicationBackend] INFO  o.eclipse.m2e.core.internal.Bundles - 	Entry: C:\Users\Admin\.p2\pool\plugins\com.google.guava_33.4.0.jre.jar
2025-04-15 12:38:37,852 [Worker-5: Launching Executing install in D__AgadgoanApplication_DevoteeApplicationBackend] INFO  o.eclipse.m2e.core.internal.Bundles - getClasspathEntries(Bundle=slf4j.api_2.0.17 [589])
2025-04-15 12:38:37,853 [Worker-5: Launching Executing install in D__AgadgoanApplication_DevoteeApplicationBackend] INFO  o.eclipse.m2e.core.internal.Bundles - 	Entry: C:\Users\Admin\.p2\pool\plugins\slf4j.api_2.0.17.jar
2025-04-15 12:38:37,853 [Worker-5: Launching Executing install in D__AgadgoanApplication_DevoteeApplicationBackend] INFO  o.eclipse.m2e.core.internal.Bundles - getClasspathEntries(Bundle=jakarta.inject.jakarta.inject-api_1.0.5 [24])
2025-04-15 12:38:37,853 [Worker-5: Launching Executing install in D__AgadgoanApplication_DevoteeApplicationBackend] INFO  o.eclipse.m2e.core.internal.Bundles - 	Entry: C:\Users\Admin\.p2\pool\plugins\jakarta.inject.jakarta.inject-api_1.0.5.jar
2025-04-15 12:38:37,853 [Worker-5: Launching Executing install in D__AgadgoanApplication_DevoteeApplicationBackend] INFO  o.eclipse.m2e.core.internal.Bundles - getClasspathEntries(Bundle=jakarta.annotation-api_1.3.5 [22])
2025-04-15 12:38:37,854 [Worker-5: Launching Executing install in D__AgadgoanApplication_DevoteeApplicationBackend] INFO  o.eclipse.m2e.core.internal.Bundles - 	Entry: C:\Users\Admin\.p2\pool\plugins\jakarta.annotation-api_1.3.5.jar
2025-04-15 12:38:37,854 [Worker-5: Launching Executing install in D__AgadgoanApplication_DevoteeApplicationBackend] INFO  o.eclipse.m2e.core.internal.Bundles - getClasspathEntries(Bundle=org.apache.commons.cli_1.9.0 [48])
2025-04-15 12:38:37,855 [Worker-5: Launching Executing install in D__AgadgoanApplication_DevoteeApplicationBackend] INFO  o.eclipse.m2e.core.internal.Bundles - 	Entry: C:\Users\Admin\.p2\pool\plugins\org.apache.commons.cli_1.9.0.jar
2025-04-15 12:38:37,855 [Worker-5: Launching Executing install in D__AgadgoanApplication_DevoteeApplicationBackend] INFO  o.eclipse.m2e.core.internal.Bundles - getClasspathEntries(Bundle=org.apache.commons.commons-codec_1.16.0 [49])
2025-04-15 12:38:37,855 [Worker-5: Launching Executing install in D__AgadgoanApplication_DevoteeApplicationBackend] INFO  o.eclipse.m2e.core.internal.Bundles - 	Entry: C:\Users\Admin\.p2\pool\plugins\org.apache.commons.commons-codec_1.16.0.jar
2025-04-15 12:38:37,856 [Worker-5: Launching Executing install in D__AgadgoanApplication_DevoteeApplicationBackend] INFO  o.eclipse.m2e.core.internal.Bundles - getClasspathEntries(Bundle=com.google.guava.failureaccess_1.0.2 [13])
2025-04-15 12:38:37,856 [Worker-5: Launching Executing install in D__AgadgoanApplication_DevoteeApplicationBackend] INFO  o.eclipse.m2e.core.internal.Bundles - 	Entry: C:\Users\Admin\.p2\pool\plugins\com.google.guava.failureaccess_1.0.2.jar
2025-04-15 12:38:37,857 [Worker-5: Launching Executing install in D__AgadgoanApplication_DevoteeApplicationBackend] INFO  o.e.m.i.launch.MavenLaunchDelegate - Run build in "D:\AgadgoanApplication\DevoteeApplicationBackend":
2025-04-15 12:38:37,858 [Worker-5: Launching Executing install in D__AgadgoanApplication_DevoteeApplicationBackend] INFO  o.e.m.i.launch.MavenLaunchDelegate -  mvn  -B -Dstyle.color=always install
2025-04-15 12:39:12,385 [Worker-8: Building] INFO  o.a.m.s.f.DefaultMavenResourcesFiltering - Copying 1 resource from src\main\resources to target\classes
2025-04-15 12:39:12,389 [Worker-8: Building] INFO  o.a.m.s.f.DefaultMavenResourcesFiltering - Copying 0 resource from src\main\resources to target\classes
2025-04-15 12:39:12,395 [Worker-8: Building] INFO  o.a.m.s.f.DefaultMavenResourcesFiltering - skip non existing resourceDirectory D:\AgadgoanApplication\DevoteeApplicationBackend\src\test\resources
2025-04-15 12:44:35,973 [Worker-25: Building] INFO  o.a.m.s.f.DefaultMavenResourcesFiltering - Copying 1 resource from src\main\resources to target\classes
2025-04-15 12:44:35,985 [Worker-25: Building] INFO  o.a.m.s.f.DefaultMavenResourcesFiltering - Copying 0 resource from src\main\resources to target\classes
2025-04-15 12:44:35,991 [Worker-25: Building] INFO  o.a.m.s.f.DefaultMavenResourcesFiltering - skip non existing resourceDirectory D:\AgadgoanApplication\DevoteeApplicationBackend\src\test\resources
2025-04-15 12:44:53,683 [Worker-25: Building] INFO  o.a.m.s.f.DefaultMavenResourcesFiltering - Copying 1 resource from src\main\resources to target\classes
2025-04-15 12:44:53,690 [Worker-25: Building] INFO  o.a.m.s.f.DefaultMavenResourcesFiltering - Copying 0 resource from src\main\resources to target\classes
2025-04-15 12:44:53,698 [Worker-25: Building] INFO  o.a.m.s.f.DefaultMavenResourcesFiltering - skip non existing resourceDirectory D:\AgadgoanApplication\DevoteeApplicationBackend\src\test\resources
2025-04-15 12:45:01,270 [Worker-0: Building] INFO  o.a.m.s.f.DefaultMavenResourcesFiltering - Copying 1 resource from src\main\resources to target\classes
2025-04-15 12:45:01,300 [Worker-0: Building] INFO  o.a.m.s.f.DefaultMavenResourcesFiltering - Copying 0 resource from src\main\resources to target\classes
2025-04-15 12:45:01,305 [Worker-0: Building] INFO  o.a.m.s.f.DefaultMavenResourcesFiltering - skip non existing resourceDirectory D:\AgadgoanApplication\DevoteeApplicationBackend\src\test\resources
2025-04-15 12:54:32,126 [Worker-28: Building] INFO  o.a.m.s.f.DefaultMavenResourcesFiltering - Copying 1 resource from src\main\resources to target\classes
2025-04-15 12:54:32,140 [Worker-28: Building] INFO  o.a.m.s.f.DefaultMavenResourcesFiltering - Copying 0 resource from src\main\resources to target\classes
2025-04-15 12:54:32,146 [Worker-28: Building] INFO  o.a.m.s.f.DefaultMavenResourcesFiltering - skip non existing resourceDirectory D:\AgadgoanApplication\DevoteeApplicationBackend\src\test\resources
2025-04-15 12:54:39,111 [Worker-28: Building] INFO  o.a.m.s.f.DefaultMavenResourcesFiltering - Copying 1 resource from src\main\resources to target\classes
2025-04-15 12:54:39,119 [Worker-28: Building] INFO  o.a.m.s.f.DefaultMavenResourcesFiltering - Copying 0 resource from src\main\resources to target\classes
2025-04-15 12:54:39,124 [Worker-28: Building] INFO  o.a.m.s.f.DefaultMavenResourcesFiltering - skip non existing resourceDirectory D:\AgadgoanApplication\DevoteeApplicationBackend\src\test\resources
2025-04-15 12:54:49,028 [Worker-30: Launching Executing install in D__AgadgoanApplication_DevoteeApplicationBackend] INFO  o.eclipse.m2e.core.internal.Bundles - getClasspathEntries(Bundle=org.eclipse.m2e.maven.runtime_3.9.900.20250220-2013 [296])
2025-04-15 12:54:49,029 [Worker-30: Launching Executing install in D__AgadgoanApplication_DevoteeApplicationBackend] INFO  o.eclipse.m2e.core.internal.Bundles - 	Entry: C:\Users\Admin\.p2\pool\plugins\org.eclipse.m2e.maven.runtime_3.9.900.20250220-2013
2025-04-15 12:54:49,030 [Worker-30: Launching Executing install in D__AgadgoanApplication_DevoteeApplicationBackend] INFO  o.eclipse.m2e.core.internal.Bundles - 	Entry: C:\Users\Admin\.p2\pool\plugins\org.eclipse.m2e.maven.runtime_3.9.900.20250220-2013\jars\aopalliance-1.0.jar
2025-04-15 12:54:49,030 [Worker-30: Launching Executing install in D__AgadgoanApplication_DevoteeApplicationBackend] INFO  o.eclipse.m2e.core.internal.Bundles - 	Entry: C:\Users\Admin\.p2\pool\plugins\org.eclipse.m2e.maven.runtime_3.9.900.20250220-2013\jars\guice-5.1.0.jar
2025-04-15 12:54:49,030 [Worker-30: Launching Executing install in D__AgadgoanApplication_DevoteeApplicationBackend] INFO  o.eclipse.m2e.core.internal.Bundles - 	Entry: C:\Users\Admin\.p2\pool\plugins\org.eclipse.m2e.maven.runtime_3.9.900.20250220-2013\jars\httpclient-4.5.14.jar
2025-04-15 12:54:49,031 [Worker-30: Launching Executing install in D__AgadgoanApplication_DevoteeApplicationBackend] INFO  o.eclipse.m2e.core.internal.Bundles - 	Entry: C:\Users\Admin\.p2\pool\plugins\org.eclipse.m2e.maven.runtime_3.9.900.20250220-2013\jars\httpcore-4.4.16.jar
2025-04-15 12:54:49,031 [Worker-30: Launching Executing install in D__AgadgoanApplication_DevoteeApplicationBackend] INFO  o.eclipse.m2e.core.internal.Bundles - 	Entry: C:\Users\Admin\.p2\pool\plugins\org.eclipse.m2e.maven.runtime_3.9.900.20250220-2013\jars\jansi-2.4.1.jar
2025-04-15 12:54:49,031 [Worker-30: Launching Executing install in D__AgadgoanApplication_DevoteeApplicationBackend] INFO  o.eclipse.m2e.core.internal.Bundles - 	Entry: C:\Users\Admin\.p2\pool\plugins\org.eclipse.m2e.maven.runtime_3.9.900.20250220-2013\jars\jcl-over-slf4j-1.7.36.jar
2025-04-15 12:54:49,031 [Worker-30: Launching Executing install in D__AgadgoanApplication_DevoteeApplicationBackend] INFO  o.eclipse.m2e.core.internal.Bundles - 	Entry: C:\Users\Admin\.p2\pool\plugins\org.eclipse.m2e.maven.runtime_3.9.900.20250220-2013\jars\maven-artifact-3.9.9.jar
2025-04-15 12:54:49,032 [Worker-30: Launching Executing install in D__AgadgoanApplication_DevoteeApplicationBackend] INFO  o.eclipse.m2e.core.internal.Bundles - 	Entry: C:\Users\Admin\.p2\pool\plugins\org.eclipse.m2e.maven.runtime_3.9.900.20250220-2013\jars\maven-builder-support-3.9.9.jar
2025-04-15 12:54:49,032 [Worker-30: Launching Executing install in D__AgadgoanApplication_DevoteeApplicationBackend] INFO  o.eclipse.m2e.core.internal.Bundles - 	Entry: C:\Users\Admin\.p2\pool\plugins\org.eclipse.m2e.maven.runtime_3.9.900.20250220-2013\jars\maven-compat-3.9.9.jar
2025-04-15 12:54:49,033 [Worker-30: Launching Executing install in D__AgadgoanApplication_DevoteeApplicationBackend] INFO  o.eclipse.m2e.core.internal.Bundles - 	Entry: C:\Users\Admin\.p2\pool\plugins\org.eclipse.m2e.maven.runtime_3.9.900.20250220-2013\jars\maven-core-3.9.9.jar
2025-04-15 12:54:49,033 [Worker-30: Launching Executing install in D__AgadgoanApplication_DevoteeApplicationBackend] INFO  o.eclipse.m2e.core.internal.Bundles - 	Entry: C:\Users\Admin\.p2\pool\plugins\org.eclipse.m2e.maven.runtime_3.9.900.20250220-2013\jars\maven-embedder-3.9.9.jar
2025-04-15 12:54:49,033 [Worker-30: Launching Executing install in D__AgadgoanApplication_DevoteeApplicationBackend] INFO  o.eclipse.m2e.core.internal.Bundles - 	Entry: C:\Users\Admin\.p2\pool\plugins\org.eclipse.m2e.maven.runtime_3.9.900.20250220-2013\jars\maven-model-3.9.9.jar
2025-04-15 12:54:49,034 [Worker-30: Launching Executing install in D__AgadgoanApplication_DevoteeApplicationBackend] INFO  o.eclipse.m2e.core.internal.Bundles - 	Entry: C:\Users\Admin\.p2\pool\plugins\org.eclipse.m2e.maven.runtime_3.9.900.20250220-2013\jars\maven-model-builder-3.9.9.jar
2025-04-15 12:54:49,034 [Worker-30: Launching Executing install in D__AgadgoanApplication_DevoteeApplicationBackend] INFO  o.eclipse.m2e.core.internal.Bundles - 	Entry: C:\Users\Admin\.p2\pool\plugins\org.eclipse.m2e.maven.runtime_3.9.900.20250220-2013\jars\maven-plugin-api-3.9.9.jar
2025-04-15 12:54:49,034 [Worker-30: Launching Executing install in D__AgadgoanApplication_DevoteeApplicationBackend] INFO  o.eclipse.m2e.core.internal.Bundles - 	Entry: C:\Users\Admin\.p2\pool\plugins\org.eclipse.m2e.maven.runtime_3.9.900.20250220-2013\jars\maven-repository-metadata-3.9.9.jar
2025-04-15 12:54:49,035 [Worker-30: Launching Executing install in D__AgadgoanApplication_DevoteeApplicationBackend] INFO  o.eclipse.m2e.core.internal.Bundles - 	Entry: C:\Users\Admin\.p2\pool\plugins\org.eclipse.m2e.maven.runtime_3.9.900.20250220-2013\jars\maven-resolver-api-1.9.22.jar
2025-04-15 12:54:49,035 [Worker-30: Launching Executing install in D__AgadgoanApplication_DevoteeApplicationBackend] INFO  o.eclipse.m2e.core.internal.Bundles - 	Entry: C:\Users\Admin\.p2\pool\plugins\org.eclipse.m2e.maven.runtime_3.9.900.20250220-2013\jars\maven-resolver-connector-basic-1.9.22.jar
2025-04-15 12:54:49,036 [Worker-30: Launching Executing install in D__AgadgoanApplication_DevoteeApplicationBackend] INFO  o.eclipse.m2e.core.internal.Bundles - 	Entry: C:\Users\Admin\.p2\pool\plugins\org.eclipse.m2e.maven.runtime_3.9.900.20250220-2013\jars\maven-resolver-impl-1.9.22.jar
2025-04-15 12:54:49,036 [Worker-30: Launching Executing install in D__AgadgoanApplication_DevoteeApplicationBackend] INFO  o.eclipse.m2e.core.internal.Bundles - 	Entry: C:\Users\Admin\.p2\pool\plugins\org.eclipse.m2e.maven.runtime_3.9.900.20250220-2013\jars\maven-resolver-named-locks-1.9.22.jar
2025-04-15 12:54:49,037 [Worker-30: Launching Executing install in D__AgadgoanApplication_DevoteeApplicationBackend] INFO  o.eclipse.m2e.core.internal.Bundles - 	Entry: C:\Users\Admin\.p2\pool\plugins\org.eclipse.m2e.maven.runtime_3.9.900.20250220-2013\jars\maven-resolver-provider-3.9.9.jar
2025-04-15 12:54:49,038 [Worker-30: Launching Executing install in D__AgadgoanApplication_DevoteeApplicationBackend] INFO  o.eclipse.m2e.core.internal.Bundles - 	Entry: C:\Users\Admin\.p2\pool\plugins\org.eclipse.m2e.maven.runtime_3.9.900.20250220-2013\jars\maven-resolver-spi-1.9.22.jar
2025-04-15 12:54:49,038 [Worker-30: Launching Executing install in D__AgadgoanApplication_DevoteeApplicationBackend] INFO  o.eclipse.m2e.core.internal.Bundles - 	Entry: C:\Users\Admin\.p2\pool\plugins\org.eclipse.m2e.maven.runtime_3.9.900.20250220-2013\jars\maven-resolver-transport-file-1.9.22.jar
2025-04-15 12:54:49,039 [Worker-30: Launching Executing install in D__AgadgoanApplication_DevoteeApplicationBackend] INFO  o.eclipse.m2e.core.internal.Bundles - 	Entry: C:\Users\Admin\.p2\pool\plugins\org.eclipse.m2e.maven.runtime_3.9.900.20250220-2013\jars\maven-resolver-transport-http-1.9.22.jar
2025-04-15 12:54:49,039 [Worker-30: Launching Executing install in D__AgadgoanApplication_DevoteeApplicationBackend] INFO  o.eclipse.m2e.core.internal.Bundles - 	Entry: C:\Users\Admin\.p2\pool\plugins\org.eclipse.m2e.maven.runtime_3.9.900.20250220-2013\jars\maven-resolver-transport-wagon-1.9.22.jar
2025-04-15 12:54:49,040 [Worker-30: Launching Executing install in D__AgadgoanApplication_DevoteeApplicationBackend] INFO  o.eclipse.m2e.core.internal.Bundles - 	Entry: C:\Users\Admin\.p2\pool\plugins\org.eclipse.m2e.maven.runtime_3.9.900.20250220-2013\jars\maven-resolver-util-1.9.22.jar
2025-04-15 12:54:49,040 [Worker-30: Launching Executing install in D__AgadgoanApplication_DevoteeApplicationBackend] INFO  o.eclipse.m2e.core.internal.Bundles - 	Entry: C:\Users\Admin\.p2\pool\plugins\org.eclipse.m2e.maven.runtime_3.9.900.20250220-2013\jars\maven-settings-3.9.9.jar
2025-04-15 12:54:49,041 [Worker-30: Launching Executing install in D__AgadgoanApplication_DevoteeApplicationBackend] INFO  o.eclipse.m2e.core.internal.Bundles - 	Entry: C:\Users\Admin\.p2\pool\plugins\org.eclipse.m2e.maven.runtime_3.9.900.20250220-2013\jars\maven-settings-builder-3.9.9.jar
2025-04-15 12:54:49,041 [Worker-30: Launching Executing install in D__AgadgoanApplication_DevoteeApplicationBackend] INFO  o.eclipse.m2e.core.internal.Bundles - 	Entry: C:\Users\Admin\.p2\pool\plugins\org.eclipse.m2e.maven.runtime_3.9.900.20250220-2013\jars\maven-shared-utils-3.4.2.jar
2025-04-15 12:54:49,042 [Worker-30: Launching Executing install in D__AgadgoanApplication_DevoteeApplicationBackend] INFO  o.eclipse.m2e.core.internal.Bundles - 	Entry: C:\Users\Admin\.p2\pool\plugins\org.eclipse.m2e.maven.runtime_3.9.900.20250220-2013\jars\org.eclipse.sisu.inject-0.9.0.M3.jar
2025-04-15 12:54:49,042 [Worker-30: Launching Executing install in D__AgadgoanApplication_DevoteeApplicationBackend] INFO  o.eclipse.m2e.core.internal.Bundles - 	Entry: C:\Users\Admin\.p2\pool\plugins\org.eclipse.m2e.maven.runtime_3.9.900.20250220-2013\jars\org.eclipse.sisu.plexus-0.9.0.M3.jar
2025-04-15 12:54:49,042 [Worker-30: Launching Executing install in D__AgadgoanApplication_DevoteeApplicationBackend] INFO  o.eclipse.m2e.core.internal.Bundles - 	Entry: C:\Users\Admin\.p2\pool\plugins\org.eclipse.m2e.maven.runtime_3.9.900.20250220-2013\jars\plexus-build-api-0.0.7.jar
2025-04-15 12:54:49,043 [Worker-30: Launching Executing install in D__AgadgoanApplication_DevoteeApplicationBackend] INFO  o.eclipse.m2e.core.internal.Bundles - 	Entry: C:\Users\Admin\.p2\pool\plugins\org.eclipse.m2e.maven.runtime_3.9.900.20250220-2013\jars\plexus-build-api-1.2.0.jar
2025-04-15 12:54:49,043 [Worker-30: Launching Executing install in D__AgadgoanApplication_DevoteeApplicationBackend] INFO  o.eclipse.m2e.core.internal.Bundles - 	Entry: C:\Users\Admin\.p2\pool\plugins\org.eclipse.m2e.maven.runtime_3.9.900.20250220-2013\jars\plexus-cipher-2.0.jar
2025-04-15 12:54:49,044 [Worker-30: Launching Executing install in D__AgadgoanApplication_DevoteeApplicationBackend] INFO  o.eclipse.m2e.core.internal.Bundles - 	Entry: C:\Users\Admin\.p2\pool\plugins\org.eclipse.m2e.maven.runtime_3.9.900.20250220-2013\jars\plexus-classworlds-2.8.0.jar
2025-04-15 12:54:49,044 [Worker-30: Launching Executing install in D__AgadgoanApplication_DevoteeApplicationBackend] INFO  o.eclipse.m2e.core.internal.Bundles - 	Entry: C:\Users\Admin\.p2\pool\plugins\org.eclipse.m2e.maven.runtime_3.9.900.20250220-2013\jars\plexus-component-annotations-2.1.0.jar
2025-04-15 12:54:49,044 [Worker-30: Launching Executing install in D__AgadgoanApplication_DevoteeApplicationBackend] INFO  o.eclipse.m2e.core.internal.Bundles - 	Entry: C:\Users\Admin\.p2\pool\plugins\org.eclipse.m2e.maven.runtime_3.9.900.20250220-2013\jars\plexus-interpolation-1.27.jar
2025-04-15 12:54:49,045 [Worker-30: Launching Executing install in D__AgadgoanApplication_DevoteeApplicationBackend] INFO  o.eclipse.m2e.core.internal.Bundles - 	Entry: C:\Users\Admin\.p2\pool\plugins\org.eclipse.m2e.maven.runtime_3.9.900.20250220-2013\jars\plexus-sec-dispatcher-2.0.jar
2025-04-15 12:54:49,045 [Worker-30: Launching Executing install in D__AgadgoanApplication_DevoteeApplicationBackend] INFO  o.eclipse.m2e.core.internal.Bundles - 	Entry: C:\Users\Admin\.p2\pool\plugins\org.eclipse.m2e.maven.runtime_3.9.900.20250220-2013\jars\plexus-utils-3.5.1.jar
2025-04-15 12:54:49,045 [Worker-30: Launching Executing install in D__AgadgoanApplication_DevoteeApplicationBackend] INFO  o.eclipse.m2e.core.internal.Bundles - 	Entry: C:\Users\Admin\.p2\pool\plugins\org.eclipse.m2e.maven.runtime_3.9.900.20250220-2013\jars\plexus-xml-3.0.1.jar
2025-04-15 12:54:49,046 [Worker-30: Launching Executing install in D__AgadgoanApplication_DevoteeApplicationBackend] INFO  o.eclipse.m2e.core.internal.Bundles - 	Entry: C:\Users\Admin\.p2\pool\plugins\org.eclipse.m2e.maven.runtime_3.9.900.20250220-2013\jars\wagon-file-3.5.3.jar
2025-04-15 12:54:49,046 [Worker-30: Launching Executing install in D__AgadgoanApplication_DevoteeApplicationBackend] INFO  o.eclipse.m2e.core.internal.Bundles - 	Entry: C:\Users\Admin\.p2\pool\plugins\org.eclipse.m2e.maven.runtime_3.9.900.20250220-2013\jars\wagon-http-3.5.3.jar
2025-04-15 12:54:49,046 [Worker-30: Launching Executing install in D__AgadgoanApplication_DevoteeApplicationBackend] INFO  o.eclipse.m2e.core.internal.Bundles - 	Entry: C:\Users\Admin\.p2\pool\plugins\org.eclipse.m2e.maven.runtime_3.9.900.20250220-2013\jars\wagon-http-shared-3.5.3.jar
2025-04-15 12:54:49,047 [Worker-30: Launching Executing install in D__AgadgoanApplication_DevoteeApplicationBackend] INFO  o.eclipse.m2e.core.internal.Bundles - 	Entry: C:\Users\Admin\.p2\pool\plugins\org.eclipse.m2e.maven.runtime_3.9.900.20250220-2013\jars\wagon-provider-api-3.5.3.jar
2025-04-15 12:54:49,048 [Worker-30: Launching Executing install in D__AgadgoanApplication_DevoteeApplicationBackend] INFO  o.eclipse.m2e.core.internal.Bundles - getClasspathEntries(Bundle=com.google.guava_33.4.0.jre [12])
2025-04-15 12:54:49,049 [Worker-30: Launching Executing install in D__AgadgoanApplication_DevoteeApplicationBackend] INFO  o.eclipse.m2e.core.internal.Bundles - 	Entry: C:\Users\Admin\.p2\pool\plugins\com.google.guava_33.4.0.jre.jar
2025-04-15 12:54:49,050 [Worker-30: Launching Executing install in D__AgadgoanApplication_DevoteeApplicationBackend] INFO  o.eclipse.m2e.core.internal.Bundles - getClasspathEntries(Bundle=slf4j.api_2.0.17 [589])
2025-04-15 12:54:49,051 [Worker-30: Launching Executing install in D__AgadgoanApplication_DevoteeApplicationBackend] INFO  o.eclipse.m2e.core.internal.Bundles - 	Entry: C:\Users\Admin\.p2\pool\plugins\slf4j.api_2.0.17.jar
2025-04-15 12:54:49,051 [Worker-30: Launching Executing install in D__AgadgoanApplication_DevoteeApplicationBackend] INFO  o.eclipse.m2e.core.internal.Bundles - getClasspathEntries(Bundle=jakarta.inject.jakarta.inject-api_1.0.5 [24])
2025-04-15 12:54:49,053 [Worker-30: Launching Executing install in D__AgadgoanApplication_DevoteeApplicationBackend] INFO  o.eclipse.m2e.core.internal.Bundles - 	Entry: C:\Users\Admin\.p2\pool\plugins\jakarta.inject.jakarta.inject-api_1.0.5.jar
2025-04-15 12:54:49,054 [Worker-30: Launching Executing install in D__AgadgoanApplication_DevoteeApplicationBackend] INFO  o.eclipse.m2e.core.internal.Bundles - getClasspathEntries(Bundle=jakarta.annotation-api_1.3.5 [22])
2025-04-15 12:54:49,054 [Worker-30: Launching Executing install in D__AgadgoanApplication_DevoteeApplicationBackend] INFO  o.eclipse.m2e.core.internal.Bundles - 	Entry: C:\Users\Admin\.p2\pool\plugins\jakarta.annotation-api_1.3.5.jar
2025-04-15 12:54:49,055 [Worker-30: Launching Executing install in D__AgadgoanApplication_DevoteeApplicationBackend] INFO  o.eclipse.m2e.core.internal.Bundles - getClasspathEntries(Bundle=org.apache.commons.cli_1.9.0 [48])
2025-04-15 12:54:49,056 [Worker-30: Launching Executing install in D__AgadgoanApplication_DevoteeApplicationBackend] INFO  o.eclipse.m2e.core.internal.Bundles - 	Entry: C:\Users\Admin\.p2\pool\plugins\org.apache.commons.cli_1.9.0.jar
2025-04-15 12:54:49,056 [Worker-30: Launching Executing install in D__AgadgoanApplication_DevoteeApplicationBackend] INFO  o.eclipse.m2e.core.internal.Bundles - getClasspathEntries(Bundle=org.apache.commons.commons-codec_1.16.0 [49])
2025-04-15 12:54:49,057 [Worker-30: Launching Executing install in D__AgadgoanApplication_DevoteeApplicationBackend] INFO  o.eclipse.m2e.core.internal.Bundles - 	Entry: C:\Users\Admin\.p2\pool\plugins\org.apache.commons.commons-codec_1.16.0.jar
2025-04-15 12:54:49,057 [Worker-30: Launching Executing install in D__AgadgoanApplication_DevoteeApplicationBackend] INFO  o.eclipse.m2e.core.internal.Bundles - getClasspathEntries(Bundle=com.google.guava.failureaccess_1.0.2 [13])
2025-04-15 12:54:49,058 [Worker-30: Launching Executing install in D__AgadgoanApplication_DevoteeApplicationBackend] INFO  o.eclipse.m2e.core.internal.Bundles - 	Entry: C:\Users\Admin\.p2\pool\plugins\com.google.guava.failureaccess_1.0.2.jar
2025-04-15 12:54:49,060 [Worker-30: Launching Executing install in D__AgadgoanApplication_DevoteeApplicationBackend] INFO  o.e.m.i.launch.MavenLaunchDelegate - Run build in "D:\AgadgoanApplication\DevoteeApplicationBackend":
2025-04-15 12:54:49,060 [Worker-30: Launching Executing install in D__AgadgoanApplication_DevoteeApplicationBackend] INFO  o.e.m.i.launch.MavenLaunchDelegate -  mvn  -B -Dstyle.color=always install
2025-04-15 12:59:40,914 [Worker-28: Building] INFO  o.a.m.s.f.DefaultMavenResourcesFiltering - Copying 1 resource from src\main\resources to target\classes
2025-04-15 12:59:40,928 [Worker-28: Building] INFO  o.a.m.s.f.DefaultMavenResourcesFiltering - Copying 0 resource from src\main\resources to target\classes
2025-04-15 12:59:40,934 [Worker-28: Building] INFO  o.a.m.s.f.DefaultMavenResourcesFiltering - skip non existing resourceDirectory D:\AgadgoanApplication\DevoteeApplicationBackend\src\test\resources
2025-04-15 13:18:13,433 [Worker-29: Building] INFO  o.a.m.s.f.DefaultMavenResourcesFiltering - Copying 1 resource from src\main\resources to target\classes
2025-04-15 13:18:13,453 [Worker-29: Building] INFO  o.a.m.s.f.DefaultMavenResourcesFiltering - Copying 0 resource from src\main\resources to target\classes
2025-04-15 13:18:13,458 [Worker-29: Building] INFO  o.a.m.s.f.DefaultMavenResourcesFiltering - skip non existing resourceDirectory D:\AgadgoanApplication\DevoteeApplicationBackend\src\test\resources
2025-04-15 13:18:19,279 [Worker-30: Building] INFO  o.a.m.s.f.DefaultMavenResourcesFiltering - Copying 1 resource from src\main\resources to target\classes
2025-04-15 13:18:19,287 [Worker-30: Building] INFO  o.a.m.s.f.DefaultMavenResourcesFiltering - Copying 0 resource from src\main\resources to target\classes
2025-04-15 13:18:19,293 [Worker-30: Building] INFO  o.a.m.s.f.DefaultMavenResourcesFiltering - skip non existing resourceDirectory D:\AgadgoanApplication\DevoteeApplicationBackend\src\test\resources
2025-04-15 13:18:33,350 [Worker-1: Launching Executing install in D__AgadgoanApplication_DevoteeApplicationBackend] INFO  o.eclipse.m2e.core.internal.Bundles - getClasspathEntries(Bundle=org.eclipse.m2e.maven.runtime_3.9.900.20250220-2013 [296])
2025-04-15 13:18:33,351 [Worker-1: Launching Executing install in D__AgadgoanApplication_DevoteeApplicationBackend] INFO  o.eclipse.m2e.core.internal.Bundles - 	Entry: C:\Users\Admin\.p2\pool\plugins\org.eclipse.m2e.maven.runtime_3.9.900.20250220-2013
2025-04-15 13:18:33,352 [Worker-1: Launching Executing install in D__AgadgoanApplication_DevoteeApplicationBackend] INFO  o.eclipse.m2e.core.internal.Bundles - 	Entry: C:\Users\Admin\.p2\pool\plugins\org.eclipse.m2e.maven.runtime_3.9.900.20250220-2013\jars\aopalliance-1.0.jar
2025-04-15 13:18:33,352 [Worker-1: Launching Executing install in D__AgadgoanApplication_DevoteeApplicationBackend] INFO  o.eclipse.m2e.core.internal.Bundles - 	Entry: C:\Users\Admin\.p2\pool\plugins\org.eclipse.m2e.maven.runtime_3.9.900.20250220-2013\jars\guice-5.1.0.jar
2025-04-15 13:18:33,353 [Worker-1: Launching Executing install in D__AgadgoanApplication_DevoteeApplicationBackend] INFO  o.eclipse.m2e.core.internal.Bundles - 	Entry: C:\Users\Admin\.p2\pool\plugins\org.eclipse.m2e.maven.runtime_3.9.900.20250220-2013\jars\httpclient-4.5.14.jar
2025-04-15 13:18:33,353 [Worker-1: Launching Executing install in D__AgadgoanApplication_DevoteeApplicationBackend] INFO  o.eclipse.m2e.core.internal.Bundles - 	Entry: C:\Users\Admin\.p2\pool\plugins\org.eclipse.m2e.maven.runtime_3.9.900.20250220-2013\jars\httpcore-4.4.16.jar
2025-04-15 13:18:33,353 [Worker-1: Launching Executing install in D__AgadgoanApplication_DevoteeApplicationBackend] INFO  o.eclipse.m2e.core.internal.Bundles - 	Entry: C:\Users\Admin\.p2\pool\plugins\org.eclipse.m2e.maven.runtime_3.9.900.20250220-2013\jars\jansi-2.4.1.jar
2025-04-15 13:18:33,354 [Worker-1: Launching Executing install in D__AgadgoanApplication_DevoteeApplicationBackend] INFO  o.eclipse.m2e.core.internal.Bundles - 	Entry: C:\Users\Admin\.p2\pool\plugins\org.eclipse.m2e.maven.runtime_3.9.900.20250220-2013\jars\jcl-over-slf4j-1.7.36.jar
2025-04-15 13:18:33,354 [Worker-1: Launching Executing install in D__AgadgoanApplication_DevoteeApplicationBackend] INFO  o.eclipse.m2e.core.internal.Bundles - 	Entry: C:\Users\Admin\.p2\pool\plugins\org.eclipse.m2e.maven.runtime_3.9.900.20250220-2013\jars\maven-artifact-3.9.9.jar
2025-04-15 13:18:33,354 [Worker-1: Launching Executing install in D__AgadgoanApplication_DevoteeApplicationBackend] INFO  o.eclipse.m2e.core.internal.Bundles - 	Entry: C:\Users\Admin\.p2\pool\plugins\org.eclipse.m2e.maven.runtime_3.9.900.20250220-2013\jars\maven-builder-support-3.9.9.jar
2025-04-15 13:18:33,355 [Worker-1: Launching Executing install in D__AgadgoanApplication_DevoteeApplicationBackend] INFO  o.eclipse.m2e.core.internal.Bundles - 	Entry: C:\Users\Admin\.p2\pool\plugins\org.eclipse.m2e.maven.runtime_3.9.900.20250220-2013\jars\maven-compat-3.9.9.jar
2025-04-15 13:18:33,355 [Worker-1: Launching Executing install in D__AgadgoanApplication_DevoteeApplicationBackend] INFO  o.eclipse.m2e.core.internal.Bundles - 	Entry: C:\Users\Admin\.p2\pool\plugins\org.eclipse.m2e.maven.runtime_3.9.900.20250220-2013\jars\maven-core-3.9.9.jar
2025-04-15 13:18:33,355 [Worker-1: Launching Executing install in D__AgadgoanApplication_DevoteeApplicationBackend] INFO  o.eclipse.m2e.core.internal.Bundles - 	Entry: C:\Users\Admin\.p2\pool\plugins\org.eclipse.m2e.maven.runtime_3.9.900.20250220-2013\jars\maven-embedder-3.9.9.jar
2025-04-15 13:18:33,355 [Worker-1: Launching Executing install in D__AgadgoanApplication_DevoteeApplicationBackend] INFO  o.eclipse.m2e.core.internal.Bundles - 	Entry: C:\Users\Admin\.p2\pool\plugins\org.eclipse.m2e.maven.runtime_3.9.900.20250220-2013\jars\maven-model-3.9.9.jar
2025-04-15 13:18:33,356 [Worker-1: Launching Executing install in D__AgadgoanApplication_DevoteeApplicationBackend] INFO  o.eclipse.m2e.core.internal.Bundles - 	Entry: C:\Users\Admin\.p2\pool\plugins\org.eclipse.m2e.maven.runtime_3.9.900.20250220-2013\jars\maven-model-builder-3.9.9.jar
2025-04-15 13:18:33,356 [Worker-1: Launching Executing install in D__AgadgoanApplication_DevoteeApplicationBackend] INFO  o.eclipse.m2e.core.internal.Bundles - 	Entry: C:\Users\Admin\.p2\pool\plugins\org.eclipse.m2e.maven.runtime_3.9.900.20250220-2013\jars\maven-plugin-api-3.9.9.jar
2025-04-15 13:18:33,357 [Worker-1: Launching Executing install in D__AgadgoanApplication_DevoteeApplicationBackend] INFO  o.eclipse.m2e.core.internal.Bundles - 	Entry: C:\Users\Admin\.p2\pool\plugins\org.eclipse.m2e.maven.runtime_3.9.900.20250220-2013\jars\maven-repository-metadata-3.9.9.jar
2025-04-15 13:18:33,357 [Worker-1: Launching Executing install in D__AgadgoanApplication_DevoteeApplicationBackend] INFO  o.eclipse.m2e.core.internal.Bundles - 	Entry: C:\Users\Admin\.p2\pool\plugins\org.eclipse.m2e.maven.runtime_3.9.900.20250220-2013\jars\maven-resolver-api-1.9.22.jar
2025-04-15 13:18:33,357 [Worker-1: Launching Executing install in D__AgadgoanApplication_DevoteeApplicationBackend] INFO  o.eclipse.m2e.core.internal.Bundles - 	Entry: C:\Users\Admin\.p2\pool\plugins\org.eclipse.m2e.maven.runtime_3.9.900.20250220-2013\jars\maven-resolver-connector-basic-1.9.22.jar
2025-04-15 13:18:33,358 [Worker-1: Launching Executing install in D__AgadgoanApplication_DevoteeApplicationBackend] INFO  o.eclipse.m2e.core.internal.Bundles - 	Entry: C:\Users\Admin\.p2\pool\plugins\org.eclipse.m2e.maven.runtime_3.9.900.20250220-2013\jars\maven-resolver-impl-1.9.22.jar
2025-04-15 13:18:33,358 [Worker-1: Launching Executing install in D__AgadgoanApplication_DevoteeApplicationBackend] INFO  o.eclipse.m2e.core.internal.Bundles - 	Entry: C:\Users\Admin\.p2\pool\plugins\org.eclipse.m2e.maven.runtime_3.9.900.20250220-2013\jars\maven-resolver-named-locks-1.9.22.jar
2025-04-15 13:18:33,359 [Worker-1: Launching Executing install in D__AgadgoanApplication_DevoteeApplicationBackend] INFO  o.eclipse.m2e.core.internal.Bundles - 	Entry: C:\Users\Admin\.p2\pool\plugins\org.eclipse.m2e.maven.runtime_3.9.900.20250220-2013\jars\maven-resolver-provider-3.9.9.jar
2025-04-15 13:18:33,359 [Worker-1: Launching Executing install in D__AgadgoanApplication_DevoteeApplicationBackend] INFO  o.eclipse.m2e.core.internal.Bundles - 	Entry: C:\Users\Admin\.p2\pool\plugins\org.eclipse.m2e.maven.runtime_3.9.900.20250220-2013\jars\maven-resolver-spi-1.9.22.jar
2025-04-15 13:18:33,359 [Worker-1: Launching Executing install in D__AgadgoanApplication_DevoteeApplicationBackend] INFO  o.eclipse.m2e.core.internal.Bundles - 	Entry: C:\Users\Admin\.p2\pool\plugins\org.eclipse.m2e.maven.runtime_3.9.900.20250220-2013\jars\maven-resolver-transport-file-1.9.22.jar
2025-04-15 13:18:33,359 [Worker-1: Launching Executing install in D__AgadgoanApplication_DevoteeApplicationBackend] INFO  o.eclipse.m2e.core.internal.Bundles - 	Entry: C:\Users\Admin\.p2\pool\plugins\org.eclipse.m2e.maven.runtime_3.9.900.20250220-2013\jars\maven-resolver-transport-http-1.9.22.jar
2025-04-15 13:18:33,360 [Worker-1: Launching Executing install in D__AgadgoanApplication_DevoteeApplicationBackend] INFO  o.eclipse.m2e.core.internal.Bundles - 	Entry: C:\Users\Admin\.p2\pool\plugins\org.eclipse.m2e.maven.runtime_3.9.900.20250220-2013\jars\maven-resolver-transport-wagon-1.9.22.jar
2025-04-15 13:18:33,360 [Worker-1: Launching Executing install in D__AgadgoanApplication_DevoteeApplicationBackend] INFO  o.eclipse.m2e.core.internal.Bundles - 	Entry: C:\Users\Admin\.p2\pool\plugins\org.eclipse.m2e.maven.runtime_3.9.900.20250220-2013\jars\maven-resolver-util-1.9.22.jar
2025-04-15 13:18:33,360 [Worker-1: Launching Executing install in D__AgadgoanApplication_DevoteeApplicationBackend] INFO  o.eclipse.m2e.core.internal.Bundles - 	Entry: C:\Users\Admin\.p2\pool\plugins\org.eclipse.m2e.maven.runtime_3.9.900.20250220-2013\jars\maven-settings-3.9.9.jar
2025-04-15 13:18:33,360 [Worker-1: Launching Executing install in D__AgadgoanApplication_DevoteeApplicationBackend] INFO  o.eclipse.m2e.core.internal.Bundles - 	Entry: C:\Users\Admin\.p2\pool\plugins\org.eclipse.m2e.maven.runtime_3.9.900.20250220-2013\jars\maven-settings-builder-3.9.9.jar
2025-04-15 13:18:33,360 [Worker-1: Launching Executing install in D__AgadgoanApplication_DevoteeApplicationBackend] INFO  o.eclipse.m2e.core.internal.Bundles - 	Entry: C:\Users\Admin\.p2\pool\plugins\org.eclipse.m2e.maven.runtime_3.9.900.20250220-2013\jars\maven-shared-utils-3.4.2.jar
2025-04-15 13:18:33,361 [Worker-1: Launching Executing install in D__AgadgoanApplication_DevoteeApplicationBackend] INFO  o.eclipse.m2e.core.internal.Bundles - 	Entry: C:\Users\Admin\.p2\pool\plugins\org.eclipse.m2e.maven.runtime_3.9.900.20250220-2013\jars\org.eclipse.sisu.inject-0.9.0.M3.jar
2025-04-15 13:18:33,361 [Worker-1: Launching Executing install in D__AgadgoanApplication_DevoteeApplicationBackend] INFO  o.eclipse.m2e.core.internal.Bundles - 	Entry: C:\Users\Admin\.p2\pool\plugins\org.eclipse.m2e.maven.runtime_3.9.900.20250220-2013\jars\org.eclipse.sisu.plexus-0.9.0.M3.jar
2025-04-15 13:18:33,361 [Worker-1: Launching Executing install in D__AgadgoanApplication_DevoteeApplicationBackend] INFO  o.eclipse.m2e.core.internal.Bundles - 	Entry: C:\Users\Admin\.p2\pool\plugins\org.eclipse.m2e.maven.runtime_3.9.900.20250220-2013\jars\plexus-build-api-0.0.7.jar
2025-04-15 13:18:33,361 [Worker-1: Launching Executing install in D__AgadgoanApplication_DevoteeApplicationBackend] INFO  o.eclipse.m2e.core.internal.Bundles - 	Entry: C:\Users\Admin\.p2\pool\plugins\org.eclipse.m2e.maven.runtime_3.9.900.20250220-2013\jars\plexus-build-api-1.2.0.jar
2025-04-15 13:18:33,362 [Worker-1: Launching Executing install in D__AgadgoanApplication_DevoteeApplicationBackend] INFO  o.eclipse.m2e.core.internal.Bundles - 	Entry: C:\Users\Admin\.p2\pool\plugins\org.eclipse.m2e.maven.runtime_3.9.900.20250220-2013\jars\plexus-cipher-2.0.jar
2025-04-15 13:18:33,362 [Worker-1: Launching Executing install in D__AgadgoanApplication_DevoteeApplicationBackend] INFO  o.eclipse.m2e.core.internal.Bundles - 	Entry: C:\Users\Admin\.p2\pool\plugins\org.eclipse.m2e.maven.runtime_3.9.900.20250220-2013\jars\plexus-classworlds-2.8.0.jar
2025-04-15 13:18:33,362 [Worker-1: Launching Executing install in D__AgadgoanApplication_DevoteeApplicationBackend] INFO  o.eclipse.m2e.core.internal.Bundles - 	Entry: C:\Users\Admin\.p2\pool\plugins\org.eclipse.m2e.maven.runtime_3.9.900.20250220-2013\jars\plexus-component-annotations-2.1.0.jar
2025-04-15 13:18:33,362 [Worker-1: Launching Executing install in D__AgadgoanApplication_DevoteeApplicationBackend] INFO  o.eclipse.m2e.core.internal.Bundles - 	Entry: C:\Users\Admin\.p2\pool\plugins\org.eclipse.m2e.maven.runtime_3.9.900.20250220-2013\jars\plexus-interpolation-1.27.jar
2025-04-15 13:18:33,362 [Worker-1: Launching Executing install in D__AgadgoanApplication_DevoteeApplicationBackend] INFO  o.eclipse.m2e.core.internal.Bundles - 	Entry: C:\Users\Admin\.p2\pool\plugins\org.eclipse.m2e.maven.runtime_3.9.900.20250220-2013\jars\plexus-sec-dispatcher-2.0.jar
2025-04-15 13:18:33,363 [Worker-1: Launching Executing install in D__AgadgoanApplication_DevoteeApplicationBackend] INFO  o.eclipse.m2e.core.internal.Bundles - 	Entry: C:\Users\Admin\.p2\pool\plugins\org.eclipse.m2e.maven.runtime_3.9.900.20250220-2013\jars\plexus-utils-3.5.1.jar
2025-04-15 13:18:33,363 [Worker-1: Launching Executing install in D__AgadgoanApplication_DevoteeApplicationBackend] INFO  o.eclipse.m2e.core.internal.Bundles - 	Entry: C:\Users\Admin\.p2\pool\plugins\org.eclipse.m2e.maven.runtime_3.9.900.20250220-2013\jars\plexus-xml-3.0.1.jar
2025-04-15 13:18:33,363 [Worker-1: Launching Executing install in D__AgadgoanApplication_DevoteeApplicationBackend] INFO  o.eclipse.m2e.core.internal.Bundles - 	Entry: C:\Users\Admin\.p2\pool\plugins\org.eclipse.m2e.maven.runtime_3.9.900.20250220-2013\jars\wagon-file-3.5.3.jar
2025-04-15 13:18:33,363 [Worker-1: Launching Executing install in D__AgadgoanApplication_DevoteeApplicationBackend] INFO  o.eclipse.m2e.core.internal.Bundles - 	Entry: C:\Users\Admin\.p2\pool\plugins\org.eclipse.m2e.maven.runtime_3.9.900.20250220-2013\jars\wagon-http-3.5.3.jar
2025-04-15 13:18:33,363 [Worker-1: Launching Executing install in D__AgadgoanApplication_DevoteeApplicationBackend] INFO  o.eclipse.m2e.core.internal.Bundles - 	Entry: C:\Users\Admin\.p2\pool\plugins\org.eclipse.m2e.maven.runtime_3.9.900.20250220-2013\jars\wagon-http-shared-3.5.3.jar
2025-04-15 13:18:33,363 [Worker-1: Launching Executing install in D__AgadgoanApplication_DevoteeApplicationBackend] INFO  o.eclipse.m2e.core.internal.Bundles - 	Entry: C:\Users\Admin\.p2\pool\plugins\org.eclipse.m2e.maven.runtime_3.9.900.20250220-2013\jars\wagon-provider-api-3.5.3.jar
2025-04-15 13:18:33,364 [Worker-1: Launching Executing install in D__AgadgoanApplication_DevoteeApplicationBackend] INFO  o.eclipse.m2e.core.internal.Bundles - getClasspathEntries(Bundle=com.google.guava_33.4.0.jre [12])
2025-04-15 13:18:33,365 [Worker-1: Launching Executing install in D__AgadgoanApplication_DevoteeApplicationBackend] INFO  o.eclipse.m2e.core.internal.Bundles - 	Entry: C:\Users\Admin\.p2\pool\plugins\com.google.guava_33.4.0.jre.jar
2025-04-15 13:18:33,365 [Worker-1: Launching Executing install in D__AgadgoanApplication_DevoteeApplicationBackend] INFO  o.eclipse.m2e.core.internal.Bundles - getClasspathEntries(Bundle=slf4j.api_2.0.17 [589])
2025-04-15 13:18:33,365 [Worker-1: Launching Executing install in D__AgadgoanApplication_DevoteeApplicationBackend] INFO  o.eclipse.m2e.core.internal.Bundles - 	Entry: C:\Users\Admin\.p2\pool\plugins\slf4j.api_2.0.17.jar
2025-04-15 13:18:33,365 [Worker-1: Launching Executing install in D__AgadgoanApplication_DevoteeApplicationBackend] INFO  o.eclipse.m2e.core.internal.Bundles - getClasspathEntries(Bundle=jakarta.inject.jakarta.inject-api_1.0.5 [24])
2025-04-15 13:18:33,366 [Worker-1: Launching Executing install in D__AgadgoanApplication_DevoteeApplicationBackend] INFO  o.eclipse.m2e.core.internal.Bundles - 	Entry: C:\Users\Admin\.p2\pool\plugins\jakarta.inject.jakarta.inject-api_1.0.5.jar
2025-04-15 13:18:33,366 [Worker-1: Launching Executing install in D__AgadgoanApplication_DevoteeApplicationBackend] INFO  o.eclipse.m2e.core.internal.Bundles - getClasspathEntries(Bundle=jakarta.annotation-api_1.3.5 [22])
2025-04-15 13:18:33,367 [Worker-1: Launching Executing install in D__AgadgoanApplication_DevoteeApplicationBackend] INFO  o.eclipse.m2e.core.internal.Bundles - 	Entry: C:\Users\Admin\.p2\pool\plugins\jakarta.annotation-api_1.3.5.jar
2025-04-15 13:18:33,367 [Worker-1: Launching Executing install in D__AgadgoanApplication_DevoteeApplicationBackend] INFO  o.eclipse.m2e.core.internal.Bundles - getClasspathEntries(Bundle=org.apache.commons.cli_1.9.0 [48])
2025-04-15 13:18:33,367 [Worker-1: Launching Executing install in D__AgadgoanApplication_DevoteeApplicationBackend] INFO  o.eclipse.m2e.core.internal.Bundles - 	Entry: C:\Users\Admin\.p2\pool\plugins\org.apache.commons.cli_1.9.0.jar
2025-04-15 13:18:33,367 [Worker-1: Launching Executing install in D__AgadgoanApplication_DevoteeApplicationBackend] INFO  o.eclipse.m2e.core.internal.Bundles - getClasspathEntries(Bundle=org.apache.commons.commons-codec_1.16.0 [49])
2025-04-15 13:18:33,368 [Worker-1: Launching Executing install in D__AgadgoanApplication_DevoteeApplicationBackend] INFO  o.eclipse.m2e.core.internal.Bundles - 	Entry: C:\Users\Admin\.p2\pool\plugins\org.apache.commons.commons-codec_1.16.0.jar
2025-04-15 13:18:33,370 [Worker-1: Launching Executing install in D__AgadgoanApplication_DevoteeApplicationBackend] INFO  o.eclipse.m2e.core.internal.Bundles - getClasspathEntries(Bundle=com.google.guava.failureaccess_1.0.2 [13])
2025-04-15 13:18:33,372 [Worker-1: Launching Executing install in D__AgadgoanApplication_DevoteeApplicationBackend] INFO  o.eclipse.m2e.core.internal.Bundles - 	Entry: C:\Users\Admin\.p2\pool\plugins\com.google.guava.failureaccess_1.0.2.jar
2025-04-15 13:18:33,374 [Worker-1: Launching Executing install in D__AgadgoanApplication_DevoteeApplicationBackend] INFO  o.e.m.i.launch.MavenLaunchDelegate - Run build in "D:\AgadgoanApplication\DevoteeApplicationBackend":
2025-04-15 13:18:33,374 [Worker-1: Launching Executing install in D__AgadgoanApplication_DevoteeApplicationBackend] INFO  o.e.m.i.launch.MavenLaunchDelegate -  mvn  -B -Dstyle.color=always install
2025-04-15 18:57:54,103 [Worker-1: Loading available Gradle versions] INFO  o.e.b.c.i.u.g.PublishedGradleVersions - Gradle version information cache is up-to-date. Trying to read.
2025-04-15 18:59:01,361 [Worker-15: Building] INFO  o.a.m.s.f.DefaultMavenResourcesFiltering - Copying 1 resource from src\main\resources to target\classes
2025-04-15 18:59:01,390 [Worker-15: Building] INFO  o.a.m.s.f.DefaultMavenResourcesFiltering - Copying 0 resource from src\main\resources to target\classes
2025-04-15 18:59:01,402 [Worker-15: Building] INFO  o.a.m.s.f.DefaultMavenResourcesFiltering - skip non existing resourceDirectory D:\AgadgoanApplication\DevoteeApplicationBackend\src\test\resources
2025-04-15 18:59:05,701 [Worker-2: Building] INFO  o.a.m.s.f.DefaultMavenResourcesFiltering - Copying 1 resource from src\main\resources to target\classes
2025-04-15 18:59:05,746 [Worker-2: Building] INFO  o.a.m.s.f.DefaultMavenResourcesFiltering - Copying 0 resource from src\main\resources to target\classes
2025-04-15 18:59:05,752 [Worker-2: Building] INFO  o.a.m.s.f.DefaultMavenResourcesFiltering - skip non existing resourceDirectory D:\AgadgoanApplication\DevoteeApplicationBackend\src\test\resources
2025-04-15 19:07:50,496 [Worker-7: Building] INFO  o.a.m.s.f.DefaultMavenResourcesFiltering - Copying 1 resource from src\main\resources to target\classes
2025-04-15 19:07:50,516 [Worker-7: Building] INFO  o.a.m.s.f.DefaultMavenResourcesFiltering - Copying 0 resource from src\main\resources to target\classes
2025-04-15 19:07:50,523 [Worker-7: Building] INFO  o.a.m.s.f.DefaultMavenResourcesFiltering - skip non existing resourceDirectory D:\AgadgoanApplication\DevoteeApplicationBackend\src\test\resources
2025-04-15 19:08:07,996 [Worker-12: Updating Maven Project] INFO  o.e.m.c.i.p.ProjectConfigurationManager - Update started
2025-04-15 19:08:10,503 [Worker-12: Updating Maven Project] INFO  o.e.m.c.i.l.LifecycleMappingFactory - Using org.eclipse.m2e.jdt.JarLifecycleMapping lifecycle mapping for MavenProject: com.project:AgadgoanApplication:0.0.1-SNAPSHOT @ D:\AgadgoanApplication\DevoteeApplicationBackend\pom.xml.
2025-04-15 19:08:12,641 [Worker-12: Updating Maven Project] INFO  o.e.m.j.i.AbstractJavaProjectConfigurator - Adding source folder /AgadgoanApplication/src/main/java
2025-04-15 19:08:12,645 [Worker-12: Updating Maven Project] INFO  o.e.m.j.i.AbstractJavaProjectConfigurator - Adding resource folder /AgadgoanApplication/src/main/resources
2025-04-15 19:08:12,646 [Worker-12: Updating Maven Project] INFO  o.e.m.j.i.AbstractJavaProjectConfigurator - Adding resource folder /AgadgoanApplication/src/main/resources
2025-04-15 19:08:12,648 [Worker-12: Updating Maven Project] INFO  o.e.m.j.i.AbstractJavaProjectConfigurator - Adding source folder /AgadgoanApplication/src/test/java
2025-04-15 19:08:12,652 [Worker-12: Updating Maven Project] INFO  o.e.m.j.i.AbstractJavaProjectConfigurator - Adding resource folder /AgadgoanApplication/src/test/resources
2025-04-15 19:08:14,569 [Worker-12: Updating Maven Project] INFO  o.e.m.c.i.p.ProjectConfigurationManager - Update completed for 1 poms: local refresh takes 0.00 sec, refresh facades takes 4.00 sec, update config takes 2.00 sec 
2025-04-15 19:08:15,466 [Worker-2: Building] INFO  o.a.m.s.f.DefaultMavenResourcesFiltering - Copying 1 resource from src\main\resources to target\classes
2025-04-15 19:08:15,491 [Worker-2: Building] INFO  o.a.m.s.f.DefaultMavenResourcesFiltering - Copying 0 resource from src\main\resources to target\classes
2025-04-15 19:08:15,499 [Worker-2: Building] INFO  o.a.m.s.f.DefaultMavenResourcesFiltering - skip non existing resourceDirectory D:\AgadgoanApplication\DevoteeApplicationBackend\src\test\resources
2025-04-15 19:09:03,829 [Worker-3: Launching Executing clean in D__AgadgoanApplication_DevoteeApplicationBackend] INFO  o.eclipse.m2e.core.internal.Bundles - getClasspathEntries(Bundle=org.eclipse.m2e.maven.runtime_3.9.900.20250220-2013 [296])
2025-04-15 19:09:03,831 [Worker-3: Launching Executing clean in D__AgadgoanApplication_DevoteeApplicationBackend] INFO  o.eclipse.m2e.core.internal.Bundles - 	Entry: C:\Users\Admin\.p2\pool\plugins\org.eclipse.m2e.maven.runtime_3.9.900.20250220-2013
2025-04-15 19:09:03,832 [Worker-3: Launching Executing clean in D__AgadgoanApplication_DevoteeApplicationBackend] INFO  o.eclipse.m2e.core.internal.Bundles - 	Entry: C:\Users\Admin\.p2\pool\plugins\org.eclipse.m2e.maven.runtime_3.9.900.20250220-2013\jars\aopalliance-1.0.jar
2025-04-15 19:09:03,833 [Worker-3: Launching Executing clean in D__AgadgoanApplication_DevoteeApplicationBackend] INFO  o.eclipse.m2e.core.internal.Bundles - 	Entry: C:\Users\Admin\.p2\pool\plugins\org.eclipse.m2e.maven.runtime_3.9.900.20250220-2013\jars\guice-5.1.0.jar
2025-04-15 19:09:03,834 [Worker-3: Launching Executing clean in D__AgadgoanApplication_DevoteeApplicationBackend] INFO  o.eclipse.m2e.core.internal.Bundles - 	Entry: C:\Users\Admin\.p2\pool\plugins\org.eclipse.m2e.maven.runtime_3.9.900.20250220-2013\jars\httpclient-4.5.14.jar
2025-04-15 19:09:03,834 [Worker-3: Launching Executing clean in D__AgadgoanApplication_DevoteeApplicationBackend] INFO  o.eclipse.m2e.core.internal.Bundles - 	Entry: C:\Users\Admin\.p2\pool\plugins\org.eclipse.m2e.maven.runtime_3.9.900.20250220-2013\jars\httpcore-4.4.16.jar
2025-04-15 19:09:03,835 [Worker-3: Launching Executing clean in D__AgadgoanApplication_DevoteeApplicationBackend] INFO  o.eclipse.m2e.core.internal.Bundles - 	Entry: C:\Users\Admin\.p2\pool\plugins\org.eclipse.m2e.maven.runtime_3.9.900.20250220-2013\jars\jansi-2.4.1.jar
2025-04-15 19:09:03,836 [Worker-3: Launching Executing clean in D__AgadgoanApplication_DevoteeApplicationBackend] INFO  o.eclipse.m2e.core.internal.Bundles - 	Entry: C:\Users\Admin\.p2\pool\plugins\org.eclipse.m2e.maven.runtime_3.9.900.20250220-2013\jars\jcl-over-slf4j-1.7.36.jar
2025-04-15 19:09:03,836 [Worker-3: Launching Executing clean in D__AgadgoanApplication_DevoteeApplicationBackend] INFO  o.eclipse.m2e.core.internal.Bundles - 	Entry: C:\Users\Admin\.p2\pool\plugins\org.eclipse.m2e.maven.runtime_3.9.900.20250220-2013\jars\maven-artifact-3.9.9.jar
2025-04-15 19:09:03,836 [Worker-3: Launching Executing clean in D__AgadgoanApplication_DevoteeApplicationBackend] INFO  o.eclipse.m2e.core.internal.Bundles - 	Entry: C:\Users\Admin\.p2\pool\plugins\org.eclipse.m2e.maven.runtime_3.9.900.20250220-2013\jars\maven-builder-support-3.9.9.jar
2025-04-15 19:09:03,836 [Worker-3: Launching Executing clean in D__AgadgoanApplication_DevoteeApplicationBackend] INFO  o.eclipse.m2e.core.internal.Bundles - 	Entry: C:\Users\Admin\.p2\pool\plugins\org.eclipse.m2e.maven.runtime_3.9.900.20250220-2013\jars\maven-compat-3.9.9.jar
2025-04-15 19:09:03,837 [Worker-3: Launching Executing clean in D__AgadgoanApplication_DevoteeApplicationBackend] INFO  o.eclipse.m2e.core.internal.Bundles - 	Entry: C:\Users\Admin\.p2\pool\plugins\org.eclipse.m2e.maven.runtime_3.9.900.20250220-2013\jars\maven-core-3.9.9.jar
2025-04-15 19:09:03,837 [Worker-3: Launching Executing clean in D__AgadgoanApplication_DevoteeApplicationBackend] INFO  o.eclipse.m2e.core.internal.Bundles - 	Entry: C:\Users\Admin\.p2\pool\plugins\org.eclipse.m2e.maven.runtime_3.9.900.20250220-2013\jars\maven-embedder-3.9.9.jar
2025-04-15 19:09:03,837 [Worker-3: Launching Executing clean in D__AgadgoanApplication_DevoteeApplicationBackend] INFO  o.eclipse.m2e.core.internal.Bundles - 	Entry: C:\Users\Admin\.p2\pool\plugins\org.eclipse.m2e.maven.runtime_3.9.900.20250220-2013\jars\maven-model-3.9.9.jar
2025-04-15 19:09:03,837 [Worker-3: Launching Executing clean in D__AgadgoanApplication_DevoteeApplicationBackend] INFO  o.eclipse.m2e.core.internal.Bundles - 	Entry: C:\Users\Admin\.p2\pool\plugins\org.eclipse.m2e.maven.runtime_3.9.900.20250220-2013\jars\maven-model-builder-3.9.9.jar
2025-04-15 19:09:03,838 [Worker-3: Launching Executing clean in D__AgadgoanApplication_DevoteeApplicationBackend] INFO  o.eclipse.m2e.core.internal.Bundles - 	Entry: C:\Users\Admin\.p2\pool\plugins\org.eclipse.m2e.maven.runtime_3.9.900.20250220-2013\jars\maven-plugin-api-3.9.9.jar
2025-04-15 19:09:03,838 [Worker-3: Launching Executing clean in D__AgadgoanApplication_DevoteeApplicationBackend] INFO  o.eclipse.m2e.core.internal.Bundles - 	Entry: C:\Users\Admin\.p2\pool\plugins\org.eclipse.m2e.maven.runtime_3.9.900.20250220-2013\jars\maven-repository-metadata-3.9.9.jar
2025-04-15 19:09:03,838 [Worker-3: Launching Executing clean in D__AgadgoanApplication_DevoteeApplicationBackend] INFO  o.eclipse.m2e.core.internal.Bundles - 	Entry: C:\Users\Admin\.p2\pool\plugins\org.eclipse.m2e.maven.runtime_3.9.900.20250220-2013\jars\maven-resolver-api-1.9.22.jar
2025-04-15 19:09:03,839 [Worker-3: Launching Executing clean in D__AgadgoanApplication_DevoteeApplicationBackend] INFO  o.eclipse.m2e.core.internal.Bundles - 	Entry: C:\Users\Admin\.p2\pool\plugins\org.eclipse.m2e.maven.runtime_3.9.900.20250220-2013\jars\maven-resolver-connector-basic-1.9.22.jar
2025-04-15 19:09:03,839 [Worker-3: Launching Executing clean in D__AgadgoanApplication_DevoteeApplicationBackend] INFO  o.eclipse.m2e.core.internal.Bundles - 	Entry: C:\Users\Admin\.p2\pool\plugins\org.eclipse.m2e.maven.runtime_3.9.900.20250220-2013\jars\maven-resolver-impl-1.9.22.jar
2025-04-15 19:09:03,840 [Worker-3: Launching Executing clean in D__AgadgoanApplication_DevoteeApplicationBackend] INFO  o.eclipse.m2e.core.internal.Bundles - 	Entry: C:\Users\Admin\.p2\pool\plugins\org.eclipse.m2e.maven.runtime_3.9.900.20250220-2013\jars\maven-resolver-named-locks-1.9.22.jar
2025-04-15 19:09:03,840 [Worker-3: Launching Executing clean in D__AgadgoanApplication_DevoteeApplicationBackend] INFO  o.eclipse.m2e.core.internal.Bundles - 	Entry: C:\Users\Admin\.p2\pool\plugins\org.eclipse.m2e.maven.runtime_3.9.900.20250220-2013\jars\maven-resolver-provider-3.9.9.jar
2025-04-15 19:09:03,841 [Worker-3: Launching Executing clean in D__AgadgoanApplication_DevoteeApplicationBackend] INFO  o.eclipse.m2e.core.internal.Bundles - 	Entry: C:\Users\Admin\.p2\pool\plugins\org.eclipse.m2e.maven.runtime_3.9.900.20250220-2013\jars\maven-resolver-spi-1.9.22.jar
2025-04-15 19:09:03,841 [Worker-3: Launching Executing clean in D__AgadgoanApplication_DevoteeApplicationBackend] INFO  o.eclipse.m2e.core.internal.Bundles - 	Entry: C:\Users\Admin\.p2\pool\plugins\org.eclipse.m2e.maven.runtime_3.9.900.20250220-2013\jars\maven-resolver-transport-file-1.9.22.jar
2025-04-15 19:09:03,841 [Worker-3: Launching Executing clean in D__AgadgoanApplication_DevoteeApplicationBackend] INFO  o.eclipse.m2e.core.internal.Bundles - 	Entry: C:\Users\Admin\.p2\pool\plugins\org.eclipse.m2e.maven.runtime_3.9.900.20250220-2013\jars\maven-resolver-transport-http-1.9.22.jar
2025-04-15 19:09:03,842 [Worker-3: Launching Executing clean in D__AgadgoanApplication_DevoteeApplicationBackend] INFO  o.eclipse.m2e.core.internal.Bundles - 	Entry: C:\Users\Admin\.p2\pool\plugins\org.eclipse.m2e.maven.runtime_3.9.900.20250220-2013\jars\maven-resolver-transport-wagon-1.9.22.jar
2025-04-15 19:09:03,842 [Worker-3: Launching Executing clean in D__AgadgoanApplication_DevoteeApplicationBackend] INFO  o.eclipse.m2e.core.internal.Bundles - 	Entry: C:\Users\Admin\.p2\pool\plugins\org.eclipse.m2e.maven.runtime_3.9.900.20250220-2013\jars\maven-resolver-util-1.9.22.jar
2025-04-15 19:09:03,842 [Worker-3: Launching Executing clean in D__AgadgoanApplication_DevoteeApplicationBackend] INFO  o.eclipse.m2e.core.internal.Bundles - 	Entry: C:\Users\Admin\.p2\pool\plugins\org.eclipse.m2e.maven.runtime_3.9.900.20250220-2013\jars\maven-settings-3.9.9.jar
2025-04-15 19:09:03,842 [Worker-3: Launching Executing clean in D__AgadgoanApplication_DevoteeApplicationBackend] INFO  o.eclipse.m2e.core.internal.Bundles - 	Entry: C:\Users\Admin\.p2\pool\plugins\org.eclipse.m2e.maven.runtime_3.9.900.20250220-2013\jars\maven-settings-builder-3.9.9.jar
2025-04-15 19:09:03,842 [Worker-3: Launching Executing clean in D__AgadgoanApplication_DevoteeApplicationBackend] INFO  o.eclipse.m2e.core.internal.Bundles - 	Entry: C:\Users\Admin\.p2\pool\plugins\org.eclipse.m2e.maven.runtime_3.9.900.20250220-2013\jars\maven-shared-utils-3.4.2.jar
2025-04-15 19:09:03,843 [Worker-3: Launching Executing clean in D__AgadgoanApplication_DevoteeApplicationBackend] INFO  o.eclipse.m2e.core.internal.Bundles - 	Entry: C:\Users\Admin\.p2\pool\plugins\org.eclipse.m2e.maven.runtime_3.9.900.20250220-2013\jars\org.eclipse.sisu.inject-0.9.0.M3.jar
2025-04-15 19:09:03,843 [Worker-3: Launching Executing clean in D__AgadgoanApplication_DevoteeApplicationBackend] INFO  o.eclipse.m2e.core.internal.Bundles - 	Entry: C:\Users\Admin\.p2\pool\plugins\org.eclipse.m2e.maven.runtime_3.9.900.20250220-2013\jars\org.eclipse.sisu.plexus-0.9.0.M3.jar
2025-04-15 19:09:03,844 [Worker-3: Launching Executing clean in D__AgadgoanApplication_DevoteeApplicationBackend] INFO  o.eclipse.m2e.core.internal.Bundles - 	Entry: C:\Users\Admin\.p2\pool\plugins\org.eclipse.m2e.maven.runtime_3.9.900.20250220-2013\jars\plexus-build-api-0.0.7.jar
2025-04-15 19:09:03,844 [Worker-3: Launching Executing clean in D__AgadgoanApplication_DevoteeApplicationBackend] INFO  o.eclipse.m2e.core.internal.Bundles - 	Entry: C:\Users\Admin\.p2\pool\plugins\org.eclipse.m2e.maven.runtime_3.9.900.20250220-2013\jars\plexus-build-api-1.2.0.jar
2025-04-15 19:09:03,845 [Worker-3: Launching Executing clean in D__AgadgoanApplication_DevoteeApplicationBackend] INFO  o.eclipse.m2e.core.internal.Bundles - 	Entry: C:\Users\Admin\.p2\pool\plugins\org.eclipse.m2e.maven.runtime_3.9.900.20250220-2013\jars\plexus-cipher-2.0.jar
2025-04-15 19:09:03,845 [Worker-3: Launching Executing clean in D__AgadgoanApplication_DevoteeApplicationBackend] INFO  o.eclipse.m2e.core.internal.Bundles - 	Entry: C:\Users\Admin\.p2\pool\plugins\org.eclipse.m2e.maven.runtime_3.9.900.20250220-2013\jars\plexus-classworlds-2.8.0.jar
2025-04-15 19:09:03,845 [Worker-3: Launching Executing clean in D__AgadgoanApplication_DevoteeApplicationBackend] INFO  o.eclipse.m2e.core.internal.Bundles - 	Entry: C:\Users\Admin\.p2\pool\plugins\org.eclipse.m2e.maven.runtime_3.9.900.20250220-2013\jars\plexus-component-annotations-2.1.0.jar
2025-04-15 19:09:03,845 [Worker-3: Launching Executing clean in D__AgadgoanApplication_DevoteeApplicationBackend] INFO  o.eclipse.m2e.core.internal.Bundles - 	Entry: C:\Users\Admin\.p2\pool\plugins\org.eclipse.m2e.maven.runtime_3.9.900.20250220-2013\jars\plexus-interpolation-1.27.jar
2025-04-15 19:09:03,846 [Worker-3: Launching Executing clean in D__AgadgoanApplication_DevoteeApplicationBackend] INFO  o.eclipse.m2e.core.internal.Bundles - 	Entry: C:\Users\Admin\.p2\pool\plugins\org.eclipse.m2e.maven.runtime_3.9.900.20250220-2013\jars\plexus-sec-dispatcher-2.0.jar
2025-04-15 19:09:03,846 [Worker-3: Launching Executing clean in D__AgadgoanApplication_DevoteeApplicationBackend] INFO  o.eclipse.m2e.core.internal.Bundles - 	Entry: C:\Users\Admin\.p2\pool\plugins\org.eclipse.m2e.maven.runtime_3.9.900.20250220-2013\jars\plexus-utils-3.5.1.jar
2025-04-15 19:09:03,846 [Worker-3: Launching Executing clean in D__AgadgoanApplication_DevoteeApplicationBackend] INFO  o.eclipse.m2e.core.internal.Bundles - 	Entry: C:\Users\Admin\.p2\pool\plugins\org.eclipse.m2e.maven.runtime_3.9.900.20250220-2013\jars\plexus-xml-3.0.1.jar
2025-04-15 19:09:03,846 [Worker-3: Launching Executing clean in D__AgadgoanApplication_DevoteeApplicationBackend] INFO  o.eclipse.m2e.core.internal.Bundles - 	Entry: C:\Users\Admin\.p2\pool\plugins\org.eclipse.m2e.maven.runtime_3.9.900.20250220-2013\jars\wagon-file-3.5.3.jar
2025-04-15 19:09:03,847 [Worker-3: Launching Executing clean in D__AgadgoanApplication_DevoteeApplicationBackend] INFO  o.eclipse.m2e.core.internal.Bundles - 	Entry: C:\Users\Admin\.p2\pool\plugins\org.eclipse.m2e.maven.runtime_3.9.900.20250220-2013\jars\wagon-http-3.5.3.jar
2025-04-15 19:09:03,849 [Worker-3: Launching Executing clean in D__AgadgoanApplication_DevoteeApplicationBackend] INFO  o.eclipse.m2e.core.internal.Bundles - 	Entry: C:\Users\Admin\.p2\pool\plugins\org.eclipse.m2e.maven.runtime_3.9.900.20250220-2013\jars\wagon-http-shared-3.5.3.jar
2025-04-15 19:09:03,849 [Worker-3: Launching Executing clean in D__AgadgoanApplication_DevoteeApplicationBackend] INFO  o.eclipse.m2e.core.internal.Bundles - 	Entry: C:\Users\Admin\.p2\pool\plugins\org.eclipse.m2e.maven.runtime_3.9.900.20250220-2013\jars\wagon-provider-api-3.5.3.jar
2025-04-15 19:09:03,853 [Worker-3: Launching Executing clean in D__AgadgoanApplication_DevoteeApplicationBackend] INFO  o.eclipse.m2e.core.internal.Bundles - getClasspathEntries(Bundle=com.google.guava_33.4.0.jre [12])
2025-04-15 19:09:03,854 [Worker-3: Launching Executing clean in D__AgadgoanApplication_DevoteeApplicationBackend] INFO  o.eclipse.m2e.core.internal.Bundles - 	Entry: C:\Users\Admin\.p2\pool\plugins\com.google.guava_33.4.0.jre.jar
2025-04-15 19:09:03,854 [Worker-3: Launching Executing clean in D__AgadgoanApplication_DevoteeApplicationBackend] INFO  o.eclipse.m2e.core.internal.Bundles - getClasspathEntries(Bundle=slf4j.api_2.0.17 [589])
2025-04-15 19:09:03,855 [Worker-3: Launching Executing clean in D__AgadgoanApplication_DevoteeApplicationBackend] INFO  o.eclipse.m2e.core.internal.Bundles - 	Entry: C:\Users\Admin\.p2\pool\plugins\slf4j.api_2.0.17.jar
2025-04-15 19:09:03,855 [Worker-3: Launching Executing clean in D__AgadgoanApplication_DevoteeApplicationBackend] INFO  o.eclipse.m2e.core.internal.Bundles - getClasspathEntries(Bundle=jakarta.inject.jakarta.inject-api_1.0.5 [24])
2025-04-15 19:09:03,856 [Worker-3: Launching Executing clean in D__AgadgoanApplication_DevoteeApplicationBackend] INFO  o.eclipse.m2e.core.internal.Bundles - 	Entry: C:\Users\Admin\.p2\pool\plugins\jakarta.inject.jakarta.inject-api_1.0.5.jar
2025-04-15 19:09:03,856 [Worker-3: Launching Executing clean in D__AgadgoanApplication_DevoteeApplicationBackend] INFO  o.eclipse.m2e.core.internal.Bundles - getClasspathEntries(Bundle=jakarta.annotation-api_1.3.5 [22])
2025-04-15 19:09:03,857 [Worker-3: Launching Executing clean in D__AgadgoanApplication_DevoteeApplicationBackend] INFO  o.eclipse.m2e.core.internal.Bundles - 	Entry: C:\Users\Admin\.p2\pool\plugins\jakarta.annotation-api_1.3.5.jar
2025-04-15 19:09:03,857 [Worker-3: Launching Executing clean in D__AgadgoanApplication_DevoteeApplicationBackend] INFO  o.eclipse.m2e.core.internal.Bundles - getClasspathEntries(Bundle=org.apache.commons.cli_1.9.0 [48])
2025-04-15 19:09:03,857 [Worker-3: Launching Executing clean in D__AgadgoanApplication_DevoteeApplicationBackend] INFO  o.eclipse.m2e.core.internal.Bundles - 	Entry: C:\Users\Admin\.p2\pool\plugins\org.apache.commons.cli_1.9.0.jar
2025-04-15 19:09:03,857 [Worker-3: Launching Executing clean in D__AgadgoanApplication_DevoteeApplicationBackend] INFO  o.eclipse.m2e.core.internal.Bundles - getClasspathEntries(Bundle=org.apache.commons.commons-codec_1.16.0 [49])
2025-04-15 19:09:03,858 [Worker-3: Launching Executing clean in D__AgadgoanApplication_DevoteeApplicationBackend] INFO  o.eclipse.m2e.core.internal.Bundles - 	Entry: C:\Users\Admin\.p2\pool\plugins\org.apache.commons.commons-codec_1.16.0.jar
2025-04-15 19:09:03,858 [Worker-3: Launching Executing clean in D__AgadgoanApplication_DevoteeApplicationBackend] INFO  o.eclipse.m2e.core.internal.Bundles - getClasspathEntries(Bundle=com.google.guava.failureaccess_1.0.2 [13])
2025-04-15 19:09:03,859 [Worker-3: Launching Executing clean in D__AgadgoanApplication_DevoteeApplicationBackend] INFO  o.eclipse.m2e.core.internal.Bundles - 	Entry: C:\Users\Admin\.p2\pool\plugins\com.google.guava.failureaccess_1.0.2.jar
2025-04-15 19:09:04,180 [Worker-3: Launching Executing clean in D__AgadgoanApplication_DevoteeApplicationBackend] INFO  o.e.m.i.launch.MavenLaunchDelegate - Run build in "D:\AgadgoanApplication\DevoteeApplicationBackend":
2025-04-15 19:09:04,183 [Worker-3: Launching Executing clean in D__AgadgoanApplication_DevoteeApplicationBackend] INFO  o.e.m.i.launch.MavenLaunchDelegate -  mvn  -B -Dstyle.color=always clean
2025-04-15 19:09:09,972 [Worker-9: Building] INFO  o.a.m.s.f.DefaultMavenResourcesFiltering - Copying 1 resource from src\main\resources to target\classes
2025-04-15 19:09:09,975 [Worker-9: Building] INFO  o.a.m.s.f.DefaultMavenResourcesFiltering - Copying 0 resource from src\main\resources to target\classes
2025-04-15 19:09:09,981 [Worker-9: Building] INFO  o.a.m.s.f.DefaultMavenResourcesFiltering - skip non existing resourceDirectory D:\AgadgoanApplication\DevoteeApplicationBackend\src\test\resources
2025-04-15 19:12:40,836 [Worker-11: Launching Executing install in D__AgadgoanApplication_DevoteeApplicationBackend] INFO  o.eclipse.m2e.core.internal.Bundles - getClasspathEntries(Bundle=org.eclipse.m2e.maven.runtime_3.9.900.20250220-2013 [296])
2025-04-15 19:12:40,837 [Worker-11: Launching Executing install in D__AgadgoanApplication_DevoteeApplicationBackend] INFO  o.eclipse.m2e.core.internal.Bundles - 	Entry: C:\Users\Admin\.p2\pool\plugins\org.eclipse.m2e.maven.runtime_3.9.900.20250220-2013
2025-04-15 19:12:40,838 [Worker-11: Launching Executing install in D__AgadgoanApplication_DevoteeApplicationBackend] INFO  o.eclipse.m2e.core.internal.Bundles - 	Entry: C:\Users\Admin\.p2\pool\plugins\org.eclipse.m2e.maven.runtime_3.9.900.20250220-2013\jars\aopalliance-1.0.jar
2025-04-15 19:12:40,838 [Worker-11: Launching Executing install in D__AgadgoanApplication_DevoteeApplicationBackend] INFO  o.eclipse.m2e.core.internal.Bundles - 	Entry: C:\Users\Admin\.p2\pool\plugins\org.eclipse.m2e.maven.runtime_3.9.900.20250220-2013\jars\guice-5.1.0.jar
2025-04-15 19:12:40,838 [Worker-11: Launching Executing install in D__AgadgoanApplication_DevoteeApplicationBackend] INFO  o.eclipse.m2e.core.internal.Bundles - 	Entry: C:\Users\Admin\.p2\pool\plugins\org.eclipse.m2e.maven.runtime_3.9.900.20250220-2013\jars\httpclient-4.5.14.jar
2025-04-15 19:12:40,838 [Worker-11: Launching Executing install in D__AgadgoanApplication_DevoteeApplicationBackend] INFO  o.eclipse.m2e.core.internal.Bundles - 	Entry: C:\Users\Admin\.p2\pool\plugins\org.eclipse.m2e.maven.runtime_3.9.900.20250220-2013\jars\httpcore-4.4.16.jar
2025-04-15 19:12:40,839 [Worker-11: Launching Executing install in D__AgadgoanApplication_DevoteeApplicationBackend] INFO  o.eclipse.m2e.core.internal.Bundles - 	Entry: C:\Users\Admin\.p2\pool\plugins\org.eclipse.m2e.maven.runtime_3.9.900.20250220-2013\jars\jansi-2.4.1.jar
2025-04-15 19:12:40,839 [Worker-11: Launching Executing install in D__AgadgoanApplication_DevoteeApplicationBackend] INFO  o.eclipse.m2e.core.internal.Bundles - 	Entry: C:\Users\Admin\.p2\pool\plugins\org.eclipse.m2e.maven.runtime_3.9.900.20250220-2013\jars\jcl-over-slf4j-1.7.36.jar
2025-04-15 19:12:40,839 [Worker-11: Launching Executing install in D__AgadgoanApplication_DevoteeApplicationBackend] INFO  o.eclipse.m2e.core.internal.Bundles - 	Entry: C:\Users\Admin\.p2\pool\plugins\org.eclipse.m2e.maven.runtime_3.9.900.20250220-2013\jars\maven-artifact-3.9.9.jar
2025-04-15 19:12:40,840 [Worker-11: Launching Executing install in D__AgadgoanApplication_DevoteeApplicationBackend] INFO  o.eclipse.m2e.core.internal.Bundles - 	Entry: C:\Users\Admin\.p2\pool\plugins\org.eclipse.m2e.maven.runtime_3.9.900.20250220-2013\jars\maven-builder-support-3.9.9.jar
2025-04-15 19:12:40,840 [Worker-11: Launching Executing install in D__AgadgoanApplication_DevoteeApplicationBackend] INFO  o.eclipse.m2e.core.internal.Bundles - 	Entry: C:\Users\Admin\.p2\pool\plugins\org.eclipse.m2e.maven.runtime_3.9.900.20250220-2013\jars\maven-compat-3.9.9.jar
2025-04-15 19:12:40,841 [Worker-11: Launching Executing install in D__AgadgoanApplication_DevoteeApplicationBackend] INFO  o.eclipse.m2e.core.internal.Bundles - 	Entry: C:\Users\Admin\.p2\pool\plugins\org.eclipse.m2e.maven.runtime_3.9.900.20250220-2013\jars\maven-core-3.9.9.jar
2025-04-15 19:12:40,841 [Worker-11: Launching Executing install in D__AgadgoanApplication_DevoteeApplicationBackend] INFO  o.eclipse.m2e.core.internal.Bundles - 	Entry: C:\Users\Admin\.p2\pool\plugins\org.eclipse.m2e.maven.runtime_3.9.900.20250220-2013\jars\maven-embedder-3.9.9.jar
2025-04-15 19:12:40,841 [Worker-11: Launching Executing install in D__AgadgoanApplication_DevoteeApplicationBackend] INFO  o.eclipse.m2e.core.internal.Bundles - 	Entry: C:\Users\Admin\.p2\pool\plugins\org.eclipse.m2e.maven.runtime_3.9.900.20250220-2013\jars\maven-model-3.9.9.jar
2025-04-15 19:12:40,842 [Worker-11: Launching Executing install in D__AgadgoanApplication_DevoteeApplicationBackend] INFO  o.eclipse.m2e.core.internal.Bundles - 	Entry: C:\Users\Admin\.p2\pool\plugins\org.eclipse.m2e.maven.runtime_3.9.900.20250220-2013\jars\maven-model-builder-3.9.9.jar
2025-04-15 19:12:40,842 [Worker-11: Launching Executing install in D__AgadgoanApplication_DevoteeApplicationBackend] INFO  o.eclipse.m2e.core.internal.Bundles - 	Entry: C:\Users\Admin\.p2\pool\plugins\org.eclipse.m2e.maven.runtime_3.9.900.20250220-2013\jars\maven-plugin-api-3.9.9.jar
2025-04-15 19:12:40,842 [Worker-11: Launching Executing install in D__AgadgoanApplication_DevoteeApplicationBackend] INFO  o.eclipse.m2e.core.internal.Bundles - 	Entry: C:\Users\Admin\.p2\pool\plugins\org.eclipse.m2e.maven.runtime_3.9.900.20250220-2013\jars\maven-repository-metadata-3.9.9.jar
2025-04-15 19:12:40,843 [Worker-11: Launching Executing install in D__AgadgoanApplication_DevoteeApplicationBackend] INFO  o.eclipse.m2e.core.internal.Bundles - 	Entry: C:\Users\Admin\.p2\pool\plugins\org.eclipse.m2e.maven.runtime_3.9.900.20250220-2013\jars\maven-resolver-api-1.9.22.jar
2025-04-15 19:12:40,843 [Worker-11: Launching Executing install in D__AgadgoanApplication_DevoteeApplicationBackend] INFO  o.eclipse.m2e.core.internal.Bundles - 	Entry: C:\Users\Admin\.p2\pool\plugins\org.eclipse.m2e.maven.runtime_3.9.900.20250220-2013\jars\maven-resolver-connector-basic-1.9.22.jar
2025-04-15 19:12:40,843 [Worker-11: Launching Executing install in D__AgadgoanApplication_DevoteeApplicationBackend] INFO  o.eclipse.m2e.core.internal.Bundles - 	Entry: C:\Users\Admin\.p2\pool\plugins\org.eclipse.m2e.maven.runtime_3.9.900.20250220-2013\jars\maven-resolver-impl-1.9.22.jar
2025-04-15 19:12:40,843 [Worker-11: Launching Executing install in D__AgadgoanApplication_DevoteeApplicationBackend] INFO  o.eclipse.m2e.core.internal.Bundles - 	Entry: C:\Users\Admin\.p2\pool\plugins\org.eclipse.m2e.maven.runtime_3.9.900.20250220-2013\jars\maven-resolver-named-locks-1.9.22.jar
2025-04-15 19:12:40,843 [Worker-11: Launching Executing install in D__AgadgoanApplication_DevoteeApplicationBackend] INFO  o.eclipse.m2e.core.internal.Bundles - 	Entry: C:\Users\Admin\.p2\pool\plugins\org.eclipse.m2e.maven.runtime_3.9.900.20250220-2013\jars\maven-resolver-provider-3.9.9.jar
2025-04-15 19:12:40,844 [Worker-11: Launching Executing install in D__AgadgoanApplication_DevoteeApplicationBackend] INFO  o.eclipse.m2e.core.internal.Bundles - 	Entry: C:\Users\Admin\.p2\pool\plugins\org.eclipse.m2e.maven.runtime_3.9.900.20250220-2013\jars\maven-resolver-spi-1.9.22.jar
2025-04-15 19:12:40,844 [Worker-11: Launching Executing install in D__AgadgoanApplication_DevoteeApplicationBackend] INFO  o.eclipse.m2e.core.internal.Bundles - 	Entry: C:\Users\Admin\.p2\pool\plugins\org.eclipse.m2e.maven.runtime_3.9.900.20250220-2013\jars\maven-resolver-transport-file-1.9.22.jar
2025-04-15 19:12:40,844 [Worker-11: Launching Executing install in D__AgadgoanApplication_DevoteeApplicationBackend] INFO  o.eclipse.m2e.core.internal.Bundles - 	Entry: C:\Users\Admin\.p2\pool\plugins\org.eclipse.m2e.maven.runtime_3.9.900.20250220-2013\jars\maven-resolver-transport-http-1.9.22.jar
2025-04-15 19:12:40,844 [Worker-11: Launching Executing install in D__AgadgoanApplication_DevoteeApplicationBackend] INFO  o.eclipse.m2e.core.internal.Bundles - 	Entry: C:\Users\Admin\.p2\pool\plugins\org.eclipse.m2e.maven.runtime_3.9.900.20250220-2013\jars\maven-resolver-transport-wagon-1.9.22.jar
2025-04-15 19:12:40,845 [Worker-11: Launching Executing install in D__AgadgoanApplication_DevoteeApplicationBackend] INFO  o.eclipse.m2e.core.internal.Bundles - 	Entry: C:\Users\Admin\.p2\pool\plugins\org.eclipse.m2e.maven.runtime_3.9.900.20250220-2013\jars\maven-resolver-util-1.9.22.jar
2025-04-15 19:12:40,845 [Worker-11: Launching Executing install in D__AgadgoanApplication_DevoteeApplicationBackend] INFO  o.eclipse.m2e.core.internal.Bundles - 	Entry: C:\Users\Admin\.p2\pool\plugins\org.eclipse.m2e.maven.runtime_3.9.900.20250220-2013\jars\maven-settings-3.9.9.jar
2025-04-15 19:12:40,845 [Worker-11: Launching Executing install in D__AgadgoanApplication_DevoteeApplicationBackend] INFO  o.eclipse.m2e.core.internal.Bundles - 	Entry: C:\Users\Admin\.p2\pool\plugins\org.eclipse.m2e.maven.runtime_3.9.900.20250220-2013\jars\maven-settings-builder-3.9.9.jar
2025-04-15 19:12:40,845 [Worker-11: Launching Executing install in D__AgadgoanApplication_DevoteeApplicationBackend] INFO  o.eclipse.m2e.core.internal.Bundles - 	Entry: C:\Users\Admin\.p2\pool\plugins\org.eclipse.m2e.maven.runtime_3.9.900.20250220-2013\jars\maven-shared-utils-3.4.2.jar
2025-04-15 19:12:40,846 [Worker-11: Launching Executing install in D__AgadgoanApplication_DevoteeApplicationBackend] INFO  o.eclipse.m2e.core.internal.Bundles - 	Entry: C:\Users\Admin\.p2\pool\plugins\org.eclipse.m2e.maven.runtime_3.9.900.20250220-2013\jars\org.eclipse.sisu.inject-0.9.0.M3.jar
2025-04-15 19:12:40,846 [Worker-11: Launching Executing install in D__AgadgoanApplication_DevoteeApplicationBackend] INFO  o.eclipse.m2e.core.internal.Bundles - 	Entry: C:\Users\Admin\.p2\pool\plugins\org.eclipse.m2e.maven.runtime_3.9.900.20250220-2013\jars\org.eclipse.sisu.plexus-0.9.0.M3.jar
2025-04-15 19:12:40,846 [Worker-11: Launching Executing install in D__AgadgoanApplication_DevoteeApplicationBackend] INFO  o.eclipse.m2e.core.internal.Bundles - 	Entry: C:\Users\Admin\.p2\pool\plugins\org.eclipse.m2e.maven.runtime_3.9.900.20250220-2013\jars\plexus-build-api-0.0.7.jar
2025-04-15 19:12:40,847 [Worker-11: Launching Executing install in D__AgadgoanApplication_DevoteeApplicationBackend] INFO  o.eclipse.m2e.core.internal.Bundles - 	Entry: C:\Users\Admin\.p2\pool\plugins\org.eclipse.m2e.maven.runtime_3.9.900.20250220-2013\jars\plexus-build-api-1.2.0.jar
2025-04-15 19:12:40,847 [Worker-11: Launching Executing install in D__AgadgoanApplication_DevoteeApplicationBackend] INFO  o.eclipse.m2e.core.internal.Bundles - 	Entry: C:\Users\Admin\.p2\pool\plugins\org.eclipse.m2e.maven.runtime_3.9.900.20250220-2013\jars\plexus-cipher-2.0.jar
2025-04-15 19:12:40,847 [Worker-11: Launching Executing install in D__AgadgoanApplication_DevoteeApplicationBackend] INFO  o.eclipse.m2e.core.internal.Bundles - 	Entry: C:\Users\Admin\.p2\pool\plugins\org.eclipse.m2e.maven.runtime_3.9.900.20250220-2013\jars\plexus-classworlds-2.8.0.jar
2025-04-15 19:12:40,847 [Worker-11: Launching Executing install in D__AgadgoanApplication_DevoteeApplicationBackend] INFO  o.eclipse.m2e.core.internal.Bundles - 	Entry: C:\Users\Admin\.p2\pool\plugins\org.eclipse.m2e.maven.runtime_3.9.900.20250220-2013\jars\plexus-component-annotations-2.1.0.jar
2025-04-15 19:12:40,848 [Worker-11: Launching Executing install in D__AgadgoanApplication_DevoteeApplicationBackend] INFO  o.eclipse.m2e.core.internal.Bundles - 	Entry: C:\Users\Admin\.p2\pool\plugins\org.eclipse.m2e.maven.runtime_3.9.900.20250220-2013\jars\plexus-interpolation-1.27.jar
2025-04-15 19:12:40,848 [Worker-11: Launching Executing install in D__AgadgoanApplication_DevoteeApplicationBackend] INFO  o.eclipse.m2e.core.internal.Bundles - 	Entry: C:\Users\Admin\.p2\pool\plugins\org.eclipse.m2e.maven.runtime_3.9.900.20250220-2013\jars\plexus-sec-dispatcher-2.0.jar
2025-04-15 19:12:40,848 [Worker-11: Launching Executing install in D__AgadgoanApplication_DevoteeApplicationBackend] INFO  o.eclipse.m2e.core.internal.Bundles - 	Entry: C:\Users\Admin\.p2\pool\plugins\org.eclipse.m2e.maven.runtime_3.9.900.20250220-2013\jars\plexus-utils-3.5.1.jar
2025-04-15 19:12:40,848 [Worker-11: Launching Executing install in D__AgadgoanApplication_DevoteeApplicationBackend] INFO  o.eclipse.m2e.core.internal.Bundles - 	Entry: C:\Users\Admin\.p2\pool\plugins\org.eclipse.m2e.maven.runtime_3.9.900.20250220-2013\jars\plexus-xml-3.0.1.jar
2025-04-15 19:12:40,849 [Worker-11: Launching Executing install in D__AgadgoanApplication_DevoteeApplicationBackend] INFO  o.eclipse.m2e.core.internal.Bundles - 	Entry: C:\Users\Admin\.p2\pool\plugins\org.eclipse.m2e.maven.runtime_3.9.900.20250220-2013\jars\wagon-file-3.5.3.jar
2025-04-15 19:12:40,850 [Worker-11: Launching Executing install in D__AgadgoanApplication_DevoteeApplicationBackend] INFO  o.eclipse.m2e.core.internal.Bundles - 	Entry: C:\Users\Admin\.p2\pool\plugins\org.eclipse.m2e.maven.runtime_3.9.900.20250220-2013\jars\wagon-http-3.5.3.jar
2025-04-15 19:12:40,850 [Worker-11: Launching Executing install in D__AgadgoanApplication_DevoteeApplicationBackend] INFO  o.eclipse.m2e.core.internal.Bundles - 	Entry: C:\Users\Admin\.p2\pool\plugins\org.eclipse.m2e.maven.runtime_3.9.900.20250220-2013\jars\wagon-http-shared-3.5.3.jar
2025-04-15 19:12:40,850 [Worker-11: Launching Executing install in D__AgadgoanApplication_DevoteeApplicationBackend] INFO  o.eclipse.m2e.core.internal.Bundles - 	Entry: C:\Users\Admin\.p2\pool\plugins\org.eclipse.m2e.maven.runtime_3.9.900.20250220-2013\jars\wagon-provider-api-3.5.3.jar
2025-04-15 19:12:40,851 [Worker-11: Launching Executing install in D__AgadgoanApplication_DevoteeApplicationBackend] INFO  o.eclipse.m2e.core.internal.Bundles - getClasspathEntries(Bundle=com.google.guava_33.4.0.jre [12])
2025-04-15 19:12:40,852 [Worker-11: Launching Executing install in D__AgadgoanApplication_DevoteeApplicationBackend] INFO  o.eclipse.m2e.core.internal.Bundles - 	Entry: C:\Users\Admin\.p2\pool\plugins\com.google.guava_33.4.0.jre.jar
2025-04-15 19:12:40,852 [Worker-11: Launching Executing install in D__AgadgoanApplication_DevoteeApplicationBackend] INFO  o.eclipse.m2e.core.internal.Bundles - getClasspathEntries(Bundle=slf4j.api_2.0.17 [589])
2025-04-15 19:12:40,853 [Worker-11: Launching Executing install in D__AgadgoanApplication_DevoteeApplicationBackend] INFO  o.eclipse.m2e.core.internal.Bundles - 	Entry: C:\Users\Admin\.p2\pool\plugins\slf4j.api_2.0.17.jar
2025-04-15 19:12:40,854 [Worker-11: Launching Executing install in D__AgadgoanApplication_DevoteeApplicationBackend] INFO  o.eclipse.m2e.core.internal.Bundles - getClasspathEntries(Bundle=jakarta.inject.jakarta.inject-api_1.0.5 [24])
2025-04-15 19:12:40,855 [Worker-11: Launching Executing install in D__AgadgoanApplication_DevoteeApplicationBackend] INFO  o.eclipse.m2e.core.internal.Bundles - 	Entry: C:\Users\Admin\.p2\pool\plugins\jakarta.inject.jakarta.inject-api_1.0.5.jar
2025-04-15 19:12:40,855 [Worker-11: Launching Executing install in D__AgadgoanApplication_DevoteeApplicationBackend] INFO  o.eclipse.m2e.core.internal.Bundles - getClasspathEntries(Bundle=jakarta.annotation-api_1.3.5 [22])
2025-04-15 19:12:40,856 [Worker-11: Launching Executing install in D__AgadgoanApplication_DevoteeApplicationBackend] INFO  o.eclipse.m2e.core.internal.Bundles - 	Entry: C:\Users\Admin\.p2\pool\plugins\jakarta.annotation-api_1.3.5.jar
2025-04-15 19:12:40,856 [Worker-11: Launching Executing install in D__AgadgoanApplication_DevoteeApplicationBackend] INFO  o.eclipse.m2e.core.internal.Bundles - getClasspathEntries(Bundle=org.apache.commons.cli_1.9.0 [48])
2025-04-15 19:12:40,857 [Worker-11: Launching Executing install in D__AgadgoanApplication_DevoteeApplicationBackend] INFO  o.eclipse.m2e.core.internal.Bundles - 	Entry: C:\Users\Admin\.p2\pool\plugins\org.apache.commons.cli_1.9.0.jar
2025-04-15 19:12:40,857 [Worker-11: Launching Executing install in D__AgadgoanApplication_DevoteeApplicationBackend] INFO  o.eclipse.m2e.core.internal.Bundles - getClasspathEntries(Bundle=org.apache.commons.commons-codec_1.16.0 [49])
2025-04-15 19:12:40,858 [Worker-11: Launching Executing install in D__AgadgoanApplication_DevoteeApplicationBackend] INFO  o.eclipse.m2e.core.internal.Bundles - 	Entry: C:\Users\Admin\.p2\pool\plugins\org.apache.commons.commons-codec_1.16.0.jar
2025-04-15 19:12:40,858 [Worker-11: Launching Executing install in D__AgadgoanApplication_DevoteeApplicationBackend] INFO  o.eclipse.m2e.core.internal.Bundles - getClasspathEntries(Bundle=com.google.guava.failureaccess_1.0.2 [13])
2025-04-15 19:12:40,859 [Worker-11: Launching Executing install in D__AgadgoanApplication_DevoteeApplicationBackend] INFO  o.eclipse.m2e.core.internal.Bundles - 	Entry: C:\Users\Admin\.p2\pool\plugins\com.google.guava.failureaccess_1.0.2.jar
2025-04-15 19:12:40,860 [Worker-11: Launching Executing install in D__AgadgoanApplication_DevoteeApplicationBackend] INFO  o.e.m.i.launch.MavenLaunchDelegate - Run build in "D:\AgadgoanApplication\DevoteeApplicationBackend":
2025-04-15 19:12:40,861 [Worker-11: Launching Executing install in D__AgadgoanApplication_DevoteeApplicationBackend] INFO  o.e.m.i.launch.MavenLaunchDelegate -  mvn  -B -Dstyle.color=always install
2025-04-15 19:13:26,576 [Worker-1: Building] INFO  o.a.m.s.f.DefaultMavenResourcesFiltering - Copying 1 resource from src\main\resources to target\classes
2025-04-15 19:13:26,601 [Worker-1: Building] INFO  o.a.m.s.f.DefaultMavenResourcesFiltering - Copying 0 resource from src\main\resources to target\classes
2025-04-15 19:13:26,611 [Worker-1: Building] INFO  o.a.m.s.f.DefaultMavenResourcesFiltering - skip non existing resourceDirectory D:\AgadgoanApplication\DevoteeApplicationBackend\src\test\resources
2025-04-15 21:04:02,491 [Worker-3: Loading available Gradle versions] INFO  o.e.b.c.i.u.g.PublishedGradleVersions - Gradle version information cache is up-to-date. Trying to read.
2025-04-15 21:09:45,796 [Worker-15: Building] INFO  o.a.m.s.f.DefaultMavenResourcesFiltering - Copying 1 resource from src\main\resources to target\classes
2025-04-15 21:09:45,923 [Worker-15: Building] INFO  o.a.m.s.f.DefaultMavenResourcesFiltering - Copying 0 resource from src\main\resources to target\classes
2025-04-15 21:09:45,940 [Worker-15: Building] INFO  o.a.m.s.f.DefaultMavenResourcesFiltering - skip non existing resourceDirectory D:\AgadgoanApplication\DevoteeApplicationBackend\src\test\resources
2025-04-15 21:10:02,840 [Worker-22: Launching Executing clean in D__AgadgoanApplication_DevoteeApplicationBackend] INFO  o.eclipse.m2e.core.internal.Bundles - getClasspathEntries(Bundle=org.eclipse.m2e.maven.runtime_3.9.900.20250220-2013 [296])
2025-04-15 21:10:02,844 [Worker-22: Launching Executing clean in D__AgadgoanApplication_DevoteeApplicationBackend] INFO  o.eclipse.m2e.core.internal.Bundles - 	Entry: C:\Users\Admin\.p2\pool\plugins\org.eclipse.m2e.maven.runtime_3.9.900.20250220-2013
2025-04-15 21:10:02,845 [Worker-22: Launching Executing clean in D__AgadgoanApplication_DevoteeApplicationBackend] INFO  o.eclipse.m2e.core.internal.Bundles - 	Entry: C:\Users\Admin\.p2\pool\plugins\org.eclipse.m2e.maven.runtime_3.9.900.20250220-2013\jars\aopalliance-1.0.jar
2025-04-15 21:10:02,845 [Worker-22: Launching Executing clean in D__AgadgoanApplication_DevoteeApplicationBackend] INFO  o.eclipse.m2e.core.internal.Bundles - 	Entry: C:\Users\Admin\.p2\pool\plugins\org.eclipse.m2e.maven.runtime_3.9.900.20250220-2013\jars\guice-5.1.0.jar
2025-04-15 21:10:02,845 [Worker-22: Launching Executing clean in D__AgadgoanApplication_DevoteeApplicationBackend] INFO  o.eclipse.m2e.core.internal.Bundles - 	Entry: C:\Users\Admin\.p2\pool\plugins\org.eclipse.m2e.maven.runtime_3.9.900.20250220-2013\jars\httpclient-4.5.14.jar
2025-04-15 21:10:02,845 [Worker-22: Launching Executing clean in D__AgadgoanApplication_DevoteeApplicationBackend] INFO  o.eclipse.m2e.core.internal.Bundles - 	Entry: C:\Users\Admin\.p2\pool\plugins\org.eclipse.m2e.maven.runtime_3.9.900.20250220-2013\jars\httpcore-4.4.16.jar
2025-04-15 21:10:02,845 [Worker-22: Launching Executing clean in D__AgadgoanApplication_DevoteeApplicationBackend] INFO  o.eclipse.m2e.core.internal.Bundles - 	Entry: C:\Users\Admin\.p2\pool\plugins\org.eclipse.m2e.maven.runtime_3.9.900.20250220-2013\jars\jansi-2.4.1.jar
2025-04-15 21:10:02,846 [Worker-22: Launching Executing clean in D__AgadgoanApplication_DevoteeApplicationBackend] INFO  o.eclipse.m2e.core.internal.Bundles - 	Entry: C:\Users\Admin\.p2\pool\plugins\org.eclipse.m2e.maven.runtime_3.9.900.20250220-2013\jars\jcl-over-slf4j-1.7.36.jar
2025-04-15 21:10:02,846 [Worker-22: Launching Executing clean in D__AgadgoanApplication_DevoteeApplicationBackend] INFO  o.eclipse.m2e.core.internal.Bundles - 	Entry: C:\Users\Admin\.p2\pool\plugins\org.eclipse.m2e.maven.runtime_3.9.900.20250220-2013\jars\maven-artifact-3.9.9.jar
2025-04-15 21:10:02,846 [Worker-22: Launching Executing clean in D__AgadgoanApplication_DevoteeApplicationBackend] INFO  o.eclipse.m2e.core.internal.Bundles - 	Entry: C:\Users\Admin\.p2\pool\plugins\org.eclipse.m2e.maven.runtime_3.9.900.20250220-2013\jars\maven-builder-support-3.9.9.jar
2025-04-15 21:10:02,848 [Worker-22: Launching Executing clean in D__AgadgoanApplication_DevoteeApplicationBackend] INFO  o.eclipse.m2e.core.internal.Bundles - 	Entry: C:\Users\Admin\.p2\pool\plugins\org.eclipse.m2e.maven.runtime_3.9.900.20250220-2013\jars\maven-compat-3.9.9.jar
2025-04-15 21:10:02,849 [Worker-22: Launching Executing clean in D__AgadgoanApplication_DevoteeApplicationBackend] INFO  o.eclipse.m2e.core.internal.Bundles - 	Entry: C:\Users\Admin\.p2\pool\plugins\org.eclipse.m2e.maven.runtime_3.9.900.20250220-2013\jars\maven-core-3.9.9.jar
2025-04-15 21:10:02,849 [Worker-22: Launching Executing clean in D__AgadgoanApplication_DevoteeApplicationBackend] INFO  o.eclipse.m2e.core.internal.Bundles - 	Entry: C:\Users\Admin\.p2\pool\plugins\org.eclipse.m2e.maven.runtime_3.9.900.20250220-2013\jars\maven-embedder-3.9.9.jar
2025-04-15 21:10:02,850 [Worker-22: Launching Executing clean in D__AgadgoanApplication_DevoteeApplicationBackend] INFO  o.eclipse.m2e.core.internal.Bundles - 	Entry: C:\Users\Admin\.p2\pool\plugins\org.eclipse.m2e.maven.runtime_3.9.900.20250220-2013\jars\maven-model-3.9.9.jar
2025-04-15 21:10:02,850 [Worker-22: Launching Executing clean in D__AgadgoanApplication_DevoteeApplicationBackend] INFO  o.eclipse.m2e.core.internal.Bundles - 	Entry: C:\Users\Admin\.p2\pool\plugins\org.eclipse.m2e.maven.runtime_3.9.900.20250220-2013\jars\maven-model-builder-3.9.9.jar
2025-04-15 21:10:02,850 [Worker-22: Launching Executing clean in D__AgadgoanApplication_DevoteeApplicationBackend] INFO  o.eclipse.m2e.core.internal.Bundles - 	Entry: C:\Users\Admin\.p2\pool\plugins\org.eclipse.m2e.maven.runtime_3.9.900.20250220-2013\jars\maven-plugin-api-3.9.9.jar
2025-04-15 21:10:02,851 [Worker-22: Launching Executing clean in D__AgadgoanApplication_DevoteeApplicationBackend] INFO  o.eclipse.m2e.core.internal.Bundles - 	Entry: C:\Users\Admin\.p2\pool\plugins\org.eclipse.m2e.maven.runtime_3.9.900.20250220-2013\jars\maven-repository-metadata-3.9.9.jar
2025-04-15 21:10:02,851 [Worker-22: Launching Executing clean in D__AgadgoanApplication_DevoteeApplicationBackend] INFO  o.eclipse.m2e.core.internal.Bundles - 	Entry: C:\Users\Admin\.p2\pool\plugins\org.eclipse.m2e.maven.runtime_3.9.900.20250220-2013\jars\maven-resolver-api-1.9.22.jar
2025-04-15 21:10:02,851 [Worker-22: Launching Executing clean in D__AgadgoanApplication_DevoteeApplicationBackend] INFO  o.eclipse.m2e.core.internal.Bundles - 	Entry: C:\Users\Admin\.p2\pool\plugins\org.eclipse.m2e.maven.runtime_3.9.900.20250220-2013\jars\maven-resolver-connector-basic-1.9.22.jar
2025-04-15 21:10:02,852 [Worker-22: Launching Executing clean in D__AgadgoanApplication_DevoteeApplicationBackend] INFO  o.eclipse.m2e.core.internal.Bundles - 	Entry: C:\Users\Admin\.p2\pool\plugins\org.eclipse.m2e.maven.runtime_3.9.900.20250220-2013\jars\maven-resolver-impl-1.9.22.jar
2025-04-15 21:10:02,852 [Worker-22: Launching Executing clean in D__AgadgoanApplication_DevoteeApplicationBackend] INFO  o.eclipse.m2e.core.internal.Bundles - 	Entry: C:\Users\Admin\.p2\pool\plugins\org.eclipse.m2e.maven.runtime_3.9.900.20250220-2013\jars\maven-resolver-named-locks-1.9.22.jar
2025-04-15 21:10:02,852 [Worker-22: Launching Executing clean in D__AgadgoanApplication_DevoteeApplicationBackend] INFO  o.eclipse.m2e.core.internal.Bundles - 	Entry: C:\Users\Admin\.p2\pool\plugins\org.eclipse.m2e.maven.runtime_3.9.900.20250220-2013\jars\maven-resolver-provider-3.9.9.jar
2025-04-15 21:10:02,852 [Worker-22: Launching Executing clean in D__AgadgoanApplication_DevoteeApplicationBackend] INFO  o.eclipse.m2e.core.internal.Bundles - 	Entry: C:\Users\Admin\.p2\pool\plugins\org.eclipse.m2e.maven.runtime_3.9.900.20250220-2013\jars\maven-resolver-spi-1.9.22.jar
2025-04-15 21:10:02,853 [Worker-22: Launching Executing clean in D__AgadgoanApplication_DevoteeApplicationBackend] INFO  o.eclipse.m2e.core.internal.Bundles - 	Entry: C:\Users\Admin\.p2\pool\plugins\org.eclipse.m2e.maven.runtime_3.9.900.20250220-2013\jars\maven-resolver-transport-file-1.9.22.jar
2025-04-15 21:10:02,853 [Worker-22: Launching Executing clean in D__AgadgoanApplication_DevoteeApplicationBackend] INFO  o.eclipse.m2e.core.internal.Bundles - 	Entry: C:\Users\Admin\.p2\pool\plugins\org.eclipse.m2e.maven.runtime_3.9.900.20250220-2013\jars\maven-resolver-transport-http-1.9.22.jar
2025-04-15 21:10:02,853 [Worker-22: Launching Executing clean in D__AgadgoanApplication_DevoteeApplicationBackend] INFO  o.eclipse.m2e.core.internal.Bundles - 	Entry: C:\Users\Admin\.p2\pool\plugins\org.eclipse.m2e.maven.runtime_3.9.900.20250220-2013\jars\maven-resolver-transport-wagon-1.9.22.jar
2025-04-15 21:10:02,854 [Worker-22: Launching Executing clean in D__AgadgoanApplication_DevoteeApplicationBackend] INFO  o.eclipse.m2e.core.internal.Bundles - 	Entry: C:\Users\Admin\.p2\pool\plugins\org.eclipse.m2e.maven.runtime_3.9.900.20250220-2013\jars\maven-resolver-util-1.9.22.jar
2025-04-15 21:10:02,854 [Worker-22: Launching Executing clean in D__AgadgoanApplication_DevoteeApplicationBackend] INFO  o.eclipse.m2e.core.internal.Bundles - 	Entry: C:\Users\Admin\.p2\pool\plugins\org.eclipse.m2e.maven.runtime_3.9.900.20250220-2013\jars\maven-settings-3.9.9.jar
2025-04-15 21:10:02,854 [Worker-22: Launching Executing clean in D__AgadgoanApplication_DevoteeApplicationBackend] INFO  o.eclipse.m2e.core.internal.Bundles - 	Entry: C:\Users\Admin\.p2\pool\plugins\org.eclipse.m2e.maven.runtime_3.9.900.20250220-2013\jars\maven-settings-builder-3.9.9.jar
2025-04-15 21:10:02,854 [Worker-22: Launching Executing clean in D__AgadgoanApplication_DevoteeApplicationBackend] INFO  o.eclipse.m2e.core.internal.Bundles - 	Entry: C:\Users\Admin\.p2\pool\plugins\org.eclipse.m2e.maven.runtime_3.9.900.20250220-2013\jars\maven-shared-utils-3.4.2.jar
2025-04-15 21:10:02,855 [Worker-22: Launching Executing clean in D__AgadgoanApplication_DevoteeApplicationBackend] INFO  o.eclipse.m2e.core.internal.Bundles - 	Entry: C:\Users\Admin\.p2\pool\plugins\org.eclipse.m2e.maven.runtime_3.9.900.20250220-2013\jars\org.eclipse.sisu.inject-0.9.0.M3.jar
2025-04-15 21:10:02,855 [Worker-22: Launching Executing clean in D__AgadgoanApplication_DevoteeApplicationBackend] INFO  o.eclipse.m2e.core.internal.Bundles - 	Entry: C:\Users\Admin\.p2\pool\plugins\org.eclipse.m2e.maven.runtime_3.9.900.20250220-2013\jars\org.eclipse.sisu.plexus-0.9.0.M3.jar
2025-04-15 21:10:02,855 [Worker-22: Launching Executing clean in D__AgadgoanApplication_DevoteeApplicationBackend] INFO  o.eclipse.m2e.core.internal.Bundles - 	Entry: C:\Users\Admin\.p2\pool\plugins\org.eclipse.m2e.maven.runtime_3.9.900.20250220-2013\jars\plexus-build-api-0.0.7.jar
2025-04-15 21:10:02,855 [Worker-22: Launching Executing clean in D__AgadgoanApplication_DevoteeApplicationBackend] INFO  o.eclipse.m2e.core.internal.Bundles - 	Entry: C:\Users\Admin\.p2\pool\plugins\org.eclipse.m2e.maven.runtime_3.9.900.20250220-2013\jars\plexus-build-api-1.2.0.jar
2025-04-15 21:10:02,856 [Worker-22: Launching Executing clean in D__AgadgoanApplication_DevoteeApplicationBackend] INFO  o.eclipse.m2e.core.internal.Bundles - 	Entry: C:\Users\Admin\.p2\pool\plugins\org.eclipse.m2e.maven.runtime_3.9.900.20250220-2013\jars\plexus-cipher-2.0.jar
2025-04-15 21:10:02,856 [Worker-22: Launching Executing clean in D__AgadgoanApplication_DevoteeApplicationBackend] INFO  o.eclipse.m2e.core.internal.Bundles - 	Entry: C:\Users\Admin\.p2\pool\plugins\org.eclipse.m2e.maven.runtime_3.9.900.20250220-2013\jars\plexus-classworlds-2.8.0.jar
2025-04-15 21:10:02,856 [Worker-22: Launching Executing clean in D__AgadgoanApplication_DevoteeApplicationBackend] INFO  o.eclipse.m2e.core.internal.Bundles - 	Entry: C:\Users\Admin\.p2\pool\plugins\org.eclipse.m2e.maven.runtime_3.9.900.20250220-2013\jars\plexus-component-annotations-2.1.0.jar
2025-04-15 21:10:02,856 [Worker-22: Launching Executing clean in D__AgadgoanApplication_DevoteeApplicationBackend] INFO  o.eclipse.m2e.core.internal.Bundles - 	Entry: C:\Users\Admin\.p2\pool\plugins\org.eclipse.m2e.maven.runtime_3.9.900.20250220-2013\jars\plexus-interpolation-1.27.jar
2025-04-15 21:10:02,857 [Worker-22: Launching Executing clean in D__AgadgoanApplication_DevoteeApplicationBackend] INFO  o.eclipse.m2e.core.internal.Bundles - 	Entry: C:\Users\Admin\.p2\pool\plugins\org.eclipse.m2e.maven.runtime_3.9.900.20250220-2013\jars\plexus-sec-dispatcher-2.0.jar
2025-04-15 21:10:02,857 [Worker-22: Launching Executing clean in D__AgadgoanApplication_DevoteeApplicationBackend] INFO  o.eclipse.m2e.core.internal.Bundles - 	Entry: C:\Users\Admin\.p2\pool\plugins\org.eclipse.m2e.maven.runtime_3.9.900.20250220-2013\jars\plexus-utils-3.5.1.jar
2025-04-15 21:10:02,857 [Worker-22: Launching Executing clean in D__AgadgoanApplication_DevoteeApplicationBackend] INFO  o.eclipse.m2e.core.internal.Bundles - 	Entry: C:\Users\Admin\.p2\pool\plugins\org.eclipse.m2e.maven.runtime_3.9.900.20250220-2013\jars\plexus-xml-3.0.1.jar
2025-04-15 21:10:02,857 [Worker-22: Launching Executing clean in D__AgadgoanApplication_DevoteeApplicationBackend] INFO  o.eclipse.m2e.core.internal.Bundles - 	Entry: C:\Users\Admin\.p2\pool\plugins\org.eclipse.m2e.maven.runtime_3.9.900.20250220-2013\jars\wagon-file-3.5.3.jar
2025-04-15 21:10:02,857 [Worker-22: Launching Executing clean in D__AgadgoanApplication_DevoteeApplicationBackend] INFO  o.eclipse.m2e.core.internal.Bundles - 	Entry: C:\Users\Admin\.p2\pool\plugins\org.eclipse.m2e.maven.runtime_3.9.900.20250220-2013\jars\wagon-http-3.5.3.jar
2025-04-15 21:10:02,857 [Worker-22: Launching Executing clean in D__AgadgoanApplication_DevoteeApplicationBackend] INFO  o.eclipse.m2e.core.internal.Bundles - 	Entry: C:\Users\Admin\.p2\pool\plugins\org.eclipse.m2e.maven.runtime_3.9.900.20250220-2013\jars\wagon-http-shared-3.5.3.jar
2025-04-15 21:10:02,857 [Worker-22: Launching Executing clean in D__AgadgoanApplication_DevoteeApplicationBackend] INFO  o.eclipse.m2e.core.internal.Bundles - 	Entry: C:\Users\Admin\.p2\pool\plugins\org.eclipse.m2e.maven.runtime_3.9.900.20250220-2013\jars\wagon-provider-api-3.5.3.jar
2025-04-15 21:10:02,860 [Worker-22: Launching Executing clean in D__AgadgoanApplication_DevoteeApplicationBackend] INFO  o.eclipse.m2e.core.internal.Bundles - getClasspathEntries(Bundle=com.google.guava_33.4.0.jre [12])
2025-04-15 21:10:02,861 [Worker-22: Launching Executing clean in D__AgadgoanApplication_DevoteeApplicationBackend] INFO  o.eclipse.m2e.core.internal.Bundles - 	Entry: C:\Users\Admin\.p2\pool\plugins\com.google.guava_33.4.0.jre.jar
2025-04-15 21:10:02,862 [Worker-22: Launching Executing clean in D__AgadgoanApplication_DevoteeApplicationBackend] INFO  o.eclipse.m2e.core.internal.Bundles - getClasspathEntries(Bundle=slf4j.api_2.0.17 [589])
2025-04-15 21:10:02,862 [Worker-22: Launching Executing clean in D__AgadgoanApplication_DevoteeApplicationBackend] INFO  o.eclipse.m2e.core.internal.Bundles - 	Entry: C:\Users\Admin\.p2\pool\plugins\slf4j.api_2.0.17.jar
2025-04-15 21:10:02,863 [Worker-22: Launching Executing clean in D__AgadgoanApplication_DevoteeApplicationBackend] INFO  o.eclipse.m2e.core.internal.Bundles - getClasspathEntries(Bundle=jakarta.inject.jakarta.inject-api_1.0.5 [24])
2025-04-15 21:10:02,863 [Worker-22: Launching Executing clean in D__AgadgoanApplication_DevoteeApplicationBackend] INFO  o.eclipse.m2e.core.internal.Bundles - 	Entry: C:\Users\Admin\.p2\pool\plugins\jakarta.inject.jakarta.inject-api_1.0.5.jar
2025-04-15 21:10:02,864 [Worker-22: Launching Executing clean in D__AgadgoanApplication_DevoteeApplicationBackend] INFO  o.eclipse.m2e.core.internal.Bundles - getClasspathEntries(Bundle=jakarta.annotation-api_1.3.5 [22])
2025-04-15 21:10:02,864 [Worker-22: Launching Executing clean in D__AgadgoanApplication_DevoteeApplicationBackend] INFO  o.eclipse.m2e.core.internal.Bundles - 	Entry: C:\Users\Admin\.p2\pool\plugins\jakarta.annotation-api_1.3.5.jar
2025-04-15 21:10:02,865 [Worker-22: Launching Executing clean in D__AgadgoanApplication_DevoteeApplicationBackend] INFO  o.eclipse.m2e.core.internal.Bundles - getClasspathEntries(Bundle=org.apache.commons.cli_1.9.0 [48])
2025-04-15 21:10:02,865 [Worker-22: Launching Executing clean in D__AgadgoanApplication_DevoteeApplicationBackend] INFO  o.eclipse.m2e.core.internal.Bundles - 	Entry: C:\Users\Admin\.p2\pool\plugins\org.apache.commons.cli_1.9.0.jar
2025-04-15 21:10:02,866 [Worker-22: Launching Executing clean in D__AgadgoanApplication_DevoteeApplicationBackend] INFO  o.eclipse.m2e.core.internal.Bundles - getClasspathEntries(Bundle=org.apache.commons.commons-codec_1.16.0 [49])
2025-04-15 21:10:02,866 [Worker-22: Launching Executing clean in D__AgadgoanApplication_DevoteeApplicationBackend] INFO  o.eclipse.m2e.core.internal.Bundles - 	Entry: C:\Users\Admin\.p2\pool\plugins\org.apache.commons.commons-codec_1.16.0.jar
2025-04-15 21:10:02,867 [Worker-22: Launching Executing clean in D__AgadgoanApplication_DevoteeApplicationBackend] INFO  o.eclipse.m2e.core.internal.Bundles - getClasspathEntries(Bundle=com.google.guava.failureaccess_1.0.2 [13])
2025-04-15 21:10:02,867 [Worker-22: Launching Executing clean in D__AgadgoanApplication_DevoteeApplicationBackend] INFO  o.eclipse.m2e.core.internal.Bundles - 	Entry: C:\Users\Admin\.p2\pool\plugins\com.google.guava.failureaccess_1.0.2.jar
2025-04-15 21:10:02,872 [Worker-22: Launching Executing clean in D__AgadgoanApplication_DevoteeApplicationBackend] INFO  o.e.m.i.launch.MavenLaunchDelegate - Run build in "D:\AgadgoanApplication\DevoteeApplicationBackend":
2025-04-15 21:10:02,879 [Worker-22: Launching Executing clean in D__AgadgoanApplication_DevoteeApplicationBackend] INFO  o.e.m.i.launch.MavenLaunchDelegate -  mvn  -B -Dstyle.color=always clean
2025-04-15 21:10:10,154 [Worker-24: Building] INFO  o.a.m.s.f.DefaultMavenResourcesFiltering - Copying 1 resource from src\main\resources to target\classes
2025-04-15 21:10:10,166 [Worker-24: Building] INFO  o.a.m.s.f.DefaultMavenResourcesFiltering - Copying 0 resource from src\main\resources to target\classes
2025-04-15 21:10:10,173 [Worker-24: Building] INFO  o.a.m.s.f.DefaultMavenResourcesFiltering - skip non existing resourceDirectory D:\AgadgoanApplication\DevoteeApplicationBackend\src\test\resources
2025-04-15 21:12:20,767 [Worker-4: Launching Executing install in D__AgadgoanApplication_DevoteeApplicationBackend] INFO  o.eclipse.m2e.core.internal.Bundles - getClasspathEntries(Bundle=org.eclipse.m2e.maven.runtime_3.9.900.20250220-2013 [296])
2025-04-15 21:12:20,768 [Worker-4: Launching Executing install in D__AgadgoanApplication_DevoteeApplicationBackend] INFO  o.eclipse.m2e.core.internal.Bundles - 	Entry: C:\Users\Admin\.p2\pool\plugins\org.eclipse.m2e.maven.runtime_3.9.900.20250220-2013
2025-04-15 21:12:20,769 [Worker-4: Launching Executing install in D__AgadgoanApplication_DevoteeApplicationBackend] INFO  o.eclipse.m2e.core.internal.Bundles - 	Entry: C:\Users\Admin\.p2\pool\plugins\org.eclipse.m2e.maven.runtime_3.9.900.20250220-2013\jars\aopalliance-1.0.jar
2025-04-15 21:12:20,769 [Worker-4: Launching Executing install in D__AgadgoanApplication_DevoteeApplicationBackend] INFO  o.eclipse.m2e.core.internal.Bundles - 	Entry: C:\Users\Admin\.p2\pool\plugins\org.eclipse.m2e.maven.runtime_3.9.900.20250220-2013\jars\guice-5.1.0.jar
2025-04-15 21:12:20,770 [Worker-4: Launching Executing install in D__AgadgoanApplication_DevoteeApplicationBackend] INFO  o.eclipse.m2e.core.internal.Bundles - 	Entry: C:\Users\Admin\.p2\pool\plugins\org.eclipse.m2e.maven.runtime_3.9.900.20250220-2013\jars\httpclient-4.5.14.jar
2025-04-15 21:12:20,770 [Worker-4: Launching Executing install in D__AgadgoanApplication_DevoteeApplicationBackend] INFO  o.eclipse.m2e.core.internal.Bundles - 	Entry: C:\Users\Admin\.p2\pool\plugins\org.eclipse.m2e.maven.runtime_3.9.900.20250220-2013\jars\httpcore-4.4.16.jar
2025-04-15 21:12:20,770 [Worker-4: Launching Executing install in D__AgadgoanApplication_DevoteeApplicationBackend] INFO  o.eclipse.m2e.core.internal.Bundles - 	Entry: C:\Users\Admin\.p2\pool\plugins\org.eclipse.m2e.maven.runtime_3.9.900.20250220-2013\jars\jansi-2.4.1.jar
2025-04-15 21:12:20,771 [Worker-4: Launching Executing install in D__AgadgoanApplication_DevoteeApplicationBackend] INFO  o.eclipse.m2e.core.internal.Bundles - 	Entry: C:\Users\Admin\.p2\pool\plugins\org.eclipse.m2e.maven.runtime_3.9.900.20250220-2013\jars\jcl-over-slf4j-1.7.36.jar
2025-04-15 21:12:20,773 [Worker-4: Launching Executing install in D__AgadgoanApplication_DevoteeApplicationBackend] INFO  o.eclipse.m2e.core.internal.Bundles - 	Entry: C:\Users\Admin\.p2\pool\plugins\org.eclipse.m2e.maven.runtime_3.9.900.20250220-2013\jars\maven-artifact-3.9.9.jar
2025-04-15 21:12:20,775 [Worker-4: Launching Executing install in D__AgadgoanApplication_DevoteeApplicationBackend] INFO  o.eclipse.m2e.core.internal.Bundles - 	Entry: C:\Users\Admin\.p2\pool\plugins\org.eclipse.m2e.maven.runtime_3.9.900.20250220-2013\jars\maven-builder-support-3.9.9.jar
2025-04-15 21:12:20,776 [Worker-4: Launching Executing install in D__AgadgoanApplication_DevoteeApplicationBackend] INFO  o.eclipse.m2e.core.internal.Bundles - 	Entry: C:\Users\Admin\.p2\pool\plugins\org.eclipse.m2e.maven.runtime_3.9.900.20250220-2013\jars\maven-compat-3.9.9.jar
2025-04-15 21:12:20,777 [Worker-4: Launching Executing install in D__AgadgoanApplication_DevoteeApplicationBackend] INFO  o.eclipse.m2e.core.internal.Bundles - 	Entry: C:\Users\Admin\.p2\pool\plugins\org.eclipse.m2e.maven.runtime_3.9.900.20250220-2013\jars\maven-core-3.9.9.jar
2025-04-15 21:12:20,778 [Worker-4: Launching Executing install in D__AgadgoanApplication_DevoteeApplicationBackend] INFO  o.eclipse.m2e.core.internal.Bundles - 	Entry: C:\Users\Admin\.p2\pool\plugins\org.eclipse.m2e.maven.runtime_3.9.900.20250220-2013\jars\maven-embedder-3.9.9.jar
2025-04-15 21:12:20,778 [Worker-4: Launching Executing install in D__AgadgoanApplication_DevoteeApplicationBackend] INFO  o.eclipse.m2e.core.internal.Bundles - 	Entry: C:\Users\Admin\.p2\pool\plugins\org.eclipse.m2e.maven.runtime_3.9.900.20250220-2013\jars\maven-model-3.9.9.jar
2025-04-15 21:12:20,779 [Worker-4: Launching Executing install in D__AgadgoanApplication_DevoteeApplicationBackend] INFO  o.eclipse.m2e.core.internal.Bundles - 	Entry: C:\Users\Admin\.p2\pool\plugins\org.eclipse.m2e.maven.runtime_3.9.900.20250220-2013\jars\maven-model-builder-3.9.9.jar
2025-04-15 21:12:20,781 [Worker-4: Launching Executing install in D__AgadgoanApplication_DevoteeApplicationBackend] INFO  o.eclipse.m2e.core.internal.Bundles - 	Entry: C:\Users\Admin\.p2\pool\plugins\org.eclipse.m2e.maven.runtime_3.9.900.20250220-2013\jars\maven-plugin-api-3.9.9.jar
2025-04-15 21:12:20,781 [Worker-4: Launching Executing install in D__AgadgoanApplication_DevoteeApplicationBackend] INFO  o.eclipse.m2e.core.internal.Bundles - 	Entry: C:\Users\Admin\.p2\pool\plugins\org.eclipse.m2e.maven.runtime_3.9.900.20250220-2013\jars\maven-repository-metadata-3.9.9.jar
2025-04-15 21:12:20,781 [Worker-4: Launching Executing install in D__AgadgoanApplication_DevoteeApplicationBackend] INFO  o.eclipse.m2e.core.internal.Bundles - 	Entry: C:\Users\Admin\.p2\pool\plugins\org.eclipse.m2e.maven.runtime_3.9.900.20250220-2013\jars\maven-resolver-api-1.9.22.jar
2025-04-15 21:12:20,781 [Worker-4: Launching Executing install in D__AgadgoanApplication_DevoteeApplicationBackend] INFO  o.eclipse.m2e.core.internal.Bundles - 	Entry: C:\Users\Admin\.p2\pool\plugins\org.eclipse.m2e.maven.runtime_3.9.900.20250220-2013\jars\maven-resolver-connector-basic-1.9.22.jar
2025-04-15 21:12:20,782 [Worker-4: Launching Executing install in D__AgadgoanApplication_DevoteeApplicationBackend] INFO  o.eclipse.m2e.core.internal.Bundles - 	Entry: C:\Users\Admin\.p2\pool\plugins\org.eclipse.m2e.maven.runtime_3.9.900.20250220-2013\jars\maven-resolver-impl-1.9.22.jar
2025-04-15 21:12:20,782 [Worker-4: Launching Executing install in D__AgadgoanApplication_DevoteeApplicationBackend] INFO  o.eclipse.m2e.core.internal.Bundles - 	Entry: C:\Users\Admin\.p2\pool\plugins\org.eclipse.m2e.maven.runtime_3.9.900.20250220-2013\jars\maven-resolver-named-locks-1.9.22.jar
2025-04-15 21:12:20,782 [Worker-4: Launching Executing install in D__AgadgoanApplication_DevoteeApplicationBackend] INFO  o.eclipse.m2e.core.internal.Bundles - 	Entry: C:\Users\Admin\.p2\pool\plugins\org.eclipse.m2e.maven.runtime_3.9.900.20250220-2013\jars\maven-resolver-provider-3.9.9.jar
2025-04-15 21:12:20,783 [Worker-4: Launching Executing install in D__AgadgoanApplication_DevoteeApplicationBackend] INFO  o.eclipse.m2e.core.internal.Bundles - 	Entry: C:\Users\Admin\.p2\pool\plugins\org.eclipse.m2e.maven.runtime_3.9.900.20250220-2013\jars\maven-resolver-spi-1.9.22.jar
2025-04-15 21:12:20,783 [Worker-4: Launching Executing install in D__AgadgoanApplication_DevoteeApplicationBackend] INFO  o.eclipse.m2e.core.internal.Bundles - 	Entry: C:\Users\Admin\.p2\pool\plugins\org.eclipse.m2e.maven.runtime_3.9.900.20250220-2013\jars\maven-resolver-transport-file-1.9.22.jar
2025-04-15 21:12:20,784 [Worker-4: Launching Executing install in D__AgadgoanApplication_DevoteeApplicationBackend] INFO  o.eclipse.m2e.core.internal.Bundles - 	Entry: C:\Users\Admin\.p2\pool\plugins\org.eclipse.m2e.maven.runtime_3.9.900.20250220-2013\jars\maven-resolver-transport-http-1.9.22.jar
2025-04-15 21:12:20,785 [Worker-4: Launching Executing install in D__AgadgoanApplication_DevoteeApplicationBackend] INFO  o.eclipse.m2e.core.internal.Bundles - 	Entry: C:\Users\Admin\.p2\pool\plugins\org.eclipse.m2e.maven.runtime_3.9.900.20250220-2013\jars\maven-resolver-transport-wagon-1.9.22.jar
2025-04-15 21:12:20,785 [Worker-4: Launching Executing install in D__AgadgoanApplication_DevoteeApplicationBackend] INFO  o.eclipse.m2e.core.internal.Bundles - 	Entry: C:\Users\Admin\.p2\pool\plugins\org.eclipse.m2e.maven.runtime_3.9.900.20250220-2013\jars\maven-resolver-util-1.9.22.jar
2025-04-15 21:12:20,785 [Worker-4: Launching Executing install in D__AgadgoanApplication_DevoteeApplicationBackend] INFO  o.eclipse.m2e.core.internal.Bundles - 	Entry: C:\Users\Admin\.p2\pool\plugins\org.eclipse.m2e.maven.runtime_3.9.900.20250220-2013\jars\maven-settings-3.9.9.jar
2025-04-15 21:12:20,787 [Worker-4: Launching Executing install in D__AgadgoanApplication_DevoteeApplicationBackend] INFO  o.eclipse.m2e.core.internal.Bundles - 	Entry: C:\Users\Admin\.p2\pool\plugins\org.eclipse.m2e.maven.runtime_3.9.900.20250220-2013\jars\maven-settings-builder-3.9.9.jar
2025-04-15 21:12:20,787 [Worker-4: Launching Executing install in D__AgadgoanApplication_DevoteeApplicationBackend] INFO  o.eclipse.m2e.core.internal.Bundles - 	Entry: C:\Users\Admin\.p2\pool\plugins\org.eclipse.m2e.maven.runtime_3.9.900.20250220-2013\jars\maven-shared-utils-3.4.2.jar
2025-04-15 21:12:20,788 [Worker-4: Launching Executing install in D__AgadgoanApplication_DevoteeApplicationBackend] INFO  o.eclipse.m2e.core.internal.Bundles - 	Entry: C:\Users\Admin\.p2\pool\plugins\org.eclipse.m2e.maven.runtime_3.9.900.20250220-2013\jars\org.eclipse.sisu.inject-0.9.0.M3.jar
2025-04-15 21:12:20,788 [Worker-4: Launching Executing install in D__AgadgoanApplication_DevoteeApplicationBackend] INFO  o.eclipse.m2e.core.internal.Bundles - 	Entry: C:\Users\Admin\.p2\pool\plugins\org.eclipse.m2e.maven.runtime_3.9.900.20250220-2013\jars\org.eclipse.sisu.plexus-0.9.0.M3.jar
2025-04-15 21:12:20,789 [Worker-4: Launching Executing install in D__AgadgoanApplication_DevoteeApplicationBackend] INFO  o.eclipse.m2e.core.internal.Bundles - 	Entry: C:\Users\Admin\.p2\pool\plugins\org.eclipse.m2e.maven.runtime_3.9.900.20250220-2013\jars\plexus-build-api-0.0.7.jar
2025-04-15 21:12:20,789 [Worker-4: Launching Executing install in D__AgadgoanApplication_DevoteeApplicationBackend] INFO  o.eclipse.m2e.core.internal.Bundles - 	Entry: C:\Users\Admin\.p2\pool\plugins\org.eclipse.m2e.maven.runtime_3.9.900.20250220-2013\jars\plexus-build-api-1.2.0.jar
2025-04-15 21:12:20,789 [Worker-4: Launching Executing install in D__AgadgoanApplication_DevoteeApplicationBackend] INFO  o.eclipse.m2e.core.internal.Bundles - 	Entry: C:\Users\Admin\.p2\pool\plugins\org.eclipse.m2e.maven.runtime_3.9.900.20250220-2013\jars\plexus-cipher-2.0.jar
2025-04-15 21:12:20,790 [Worker-4: Launching Executing install in D__AgadgoanApplication_DevoteeApplicationBackend] INFO  o.eclipse.m2e.core.internal.Bundles - 	Entry: C:\Users\Admin\.p2\pool\plugins\org.eclipse.m2e.maven.runtime_3.9.900.20250220-2013\jars\plexus-classworlds-2.8.0.jar
2025-04-15 21:12:20,792 [Worker-4: Launching Executing install in D__AgadgoanApplication_DevoteeApplicationBackend] INFO  o.eclipse.m2e.core.internal.Bundles - 	Entry: C:\Users\Admin\.p2\pool\plugins\org.eclipse.m2e.maven.runtime_3.9.900.20250220-2013\jars\plexus-component-annotations-2.1.0.jar
2025-04-15 21:12:20,792 [Worker-4: Launching Executing install in D__AgadgoanApplication_DevoteeApplicationBackend] INFO  o.eclipse.m2e.core.internal.Bundles - 	Entry: C:\Users\Admin\.p2\pool\plugins\org.eclipse.m2e.maven.runtime_3.9.900.20250220-2013\jars\plexus-interpolation-1.27.jar
2025-04-15 21:12:20,792 [Worker-4: Launching Executing install in D__AgadgoanApplication_DevoteeApplicationBackend] INFO  o.eclipse.m2e.core.internal.Bundles - 	Entry: C:\Users\Admin\.p2\pool\plugins\org.eclipse.m2e.maven.runtime_3.9.900.20250220-2013\jars\plexus-sec-dispatcher-2.0.jar
2025-04-15 21:12:20,792 [Worker-4: Launching Executing install in D__AgadgoanApplication_DevoteeApplicationBackend] INFO  o.eclipse.m2e.core.internal.Bundles - 	Entry: C:\Users\Admin\.p2\pool\plugins\org.eclipse.m2e.maven.runtime_3.9.900.20250220-2013\jars\plexus-utils-3.5.1.jar
2025-04-15 21:12:20,792 [Worker-4: Launching Executing install in D__AgadgoanApplication_DevoteeApplicationBackend] INFO  o.eclipse.m2e.core.internal.Bundles - 	Entry: C:\Users\Admin\.p2\pool\plugins\org.eclipse.m2e.maven.runtime_3.9.900.20250220-2013\jars\plexus-xml-3.0.1.jar
2025-04-15 21:12:20,793 [Worker-4: Launching Executing install in D__AgadgoanApplication_DevoteeApplicationBackend] INFO  o.eclipse.m2e.core.internal.Bundles - 	Entry: C:\Users\Admin\.p2\pool\plugins\org.eclipse.m2e.maven.runtime_3.9.900.20250220-2013\jars\wagon-file-3.5.3.jar
2025-04-15 21:12:20,793 [Worker-4: Launching Executing install in D__AgadgoanApplication_DevoteeApplicationBackend] INFO  o.eclipse.m2e.core.internal.Bundles - 	Entry: C:\Users\Admin\.p2\pool\plugins\org.eclipse.m2e.maven.runtime_3.9.900.20250220-2013\jars\wagon-http-3.5.3.jar
2025-04-15 21:12:20,793 [Worker-4: Launching Executing install in D__AgadgoanApplication_DevoteeApplicationBackend] INFO  o.eclipse.m2e.core.internal.Bundles - 	Entry: C:\Users\Admin\.p2\pool\plugins\org.eclipse.m2e.maven.runtime_3.9.900.20250220-2013\jars\wagon-http-shared-3.5.3.jar
2025-04-15 21:12:20,793 [Worker-4: Launching Executing install in D__AgadgoanApplication_DevoteeApplicationBackend] INFO  o.eclipse.m2e.core.internal.Bundles - 	Entry: C:\Users\Admin\.p2\pool\plugins\org.eclipse.m2e.maven.runtime_3.9.900.20250220-2013\jars\wagon-provider-api-3.5.3.jar
2025-04-15 21:12:20,794 [Worker-4: Launching Executing install in D__AgadgoanApplication_DevoteeApplicationBackend] INFO  o.eclipse.m2e.core.internal.Bundles - getClasspathEntries(Bundle=com.google.guava_33.4.0.jre [12])
2025-04-15 21:12:20,795 [Worker-4: Launching Executing install in D__AgadgoanApplication_DevoteeApplicationBackend] INFO  o.eclipse.m2e.core.internal.Bundles - 	Entry: C:\Users\Admin\.p2\pool\plugins\com.google.guava_33.4.0.jre.jar
2025-04-15 21:12:20,795 [Worker-4: Launching Executing install in D__AgadgoanApplication_DevoteeApplicationBackend] INFO  o.eclipse.m2e.core.internal.Bundles - getClasspathEntries(Bundle=slf4j.api_2.0.17 [589])
2025-04-15 21:12:20,796 [Worker-4: Launching Executing install in D__AgadgoanApplication_DevoteeApplicationBackend] INFO  o.eclipse.m2e.core.internal.Bundles - 	Entry: C:\Users\Admin\.p2\pool\plugins\slf4j.api_2.0.17.jar
2025-04-15 21:12:20,796 [Worker-4: Launching Executing install in D__AgadgoanApplication_DevoteeApplicationBackend] INFO  o.eclipse.m2e.core.internal.Bundles - getClasspathEntries(Bundle=jakarta.inject.jakarta.inject-api_1.0.5 [24])
2025-04-15 21:12:20,796 [Worker-4: Launching Executing install in D__AgadgoanApplication_DevoteeApplicationBackend] INFO  o.eclipse.m2e.core.internal.Bundles - 	Entry: C:\Users\Admin\.p2\pool\plugins\jakarta.inject.jakarta.inject-api_1.0.5.jar
2025-04-15 21:12:20,796 [Worker-4: Launching Executing install in D__AgadgoanApplication_DevoteeApplicationBackend] INFO  o.eclipse.m2e.core.internal.Bundles - getClasspathEntries(Bundle=jakarta.annotation-api_1.3.5 [22])
2025-04-15 21:12:20,797 [Worker-4: Launching Executing install in D__AgadgoanApplication_DevoteeApplicationBackend] INFO  o.eclipse.m2e.core.internal.Bundles - 	Entry: C:\Users\Admin\.p2\pool\plugins\jakarta.annotation-api_1.3.5.jar
2025-04-15 21:12:20,797 [Worker-4: Launching Executing install in D__AgadgoanApplication_DevoteeApplicationBackend] INFO  o.eclipse.m2e.core.internal.Bundles - getClasspathEntries(Bundle=org.apache.commons.cli_1.9.0 [48])
2025-04-15 21:12:20,798 [Worker-4: Launching Executing install in D__AgadgoanApplication_DevoteeApplicationBackend] INFO  o.eclipse.m2e.core.internal.Bundles - 	Entry: C:\Users\Admin\.p2\pool\plugins\org.apache.commons.cli_1.9.0.jar
2025-04-15 21:12:20,798 [Worker-4: Launching Executing install in D__AgadgoanApplication_DevoteeApplicationBackend] INFO  o.eclipse.m2e.core.internal.Bundles - getClasspathEntries(Bundle=org.apache.commons.commons-codec_1.16.0 [49])
2025-04-15 21:12:20,799 [Worker-4: Launching Executing install in D__AgadgoanApplication_DevoteeApplicationBackend] INFO  o.eclipse.m2e.core.internal.Bundles - 	Entry: C:\Users\Admin\.p2\pool\plugins\org.apache.commons.commons-codec_1.16.0.jar
2025-04-15 21:12:20,799 [Worker-4: Launching Executing install in D__AgadgoanApplication_DevoteeApplicationBackend] INFO  o.eclipse.m2e.core.internal.Bundles - getClasspathEntries(Bundle=com.google.guava.failureaccess_1.0.2 [13])
2025-04-15 21:12:20,800 [Worker-4: Launching Executing install in D__AgadgoanApplication_DevoteeApplicationBackend] INFO  o.eclipse.m2e.core.internal.Bundles - 	Entry: C:\Users\Admin\.p2\pool\plugins\com.google.guava.failureaccess_1.0.2.jar
2025-04-15 21:12:20,802 [Worker-4: Launching Executing install in D__AgadgoanApplication_DevoteeApplicationBackend] INFO  o.e.m.i.launch.MavenLaunchDelegate - Run build in "D:\AgadgoanApplication\DevoteeApplicationBackend":
2025-04-15 21:12:20,802 [Worker-4: Launching Executing install in D__AgadgoanApplication_DevoteeApplicationBackend] INFO  o.e.m.i.launch.MavenLaunchDelegate -  mvn  -B -Dstyle.color=always install
2025-04-15 21:13:16,731 [Worker-22: Building] INFO  o.a.m.s.f.DefaultMavenResourcesFiltering - Copying 1 resource from src\main\resources to target\classes
2025-04-15 21:13:16,734 [Worker-22: Building] INFO  o.a.m.s.f.DefaultMavenResourcesFiltering - Copying 0 resource from src\main\resources to target\classes
2025-04-15 21:13:16,741 [Worker-22: Building] INFO  o.a.m.s.f.DefaultMavenResourcesFiltering - skip non existing resourceDirectory D:\AgadgoanApplication\DevoteeApplicationBackend\src\test\resources
2025-04-15 21:58:33,918 [Worker-15: Building] INFO  o.a.m.s.f.DefaultMavenResourcesFiltering - Copying 1 resource from src\main\resources to target\classes
2025-04-15 21:58:33,938 [Worker-15: Building] INFO  o.a.m.s.f.DefaultMavenResourcesFiltering - Copying 0 resource from src\main\resources to target\classes
2025-04-15 21:58:33,998 [Worker-15: Building] INFO  o.a.m.s.f.DefaultMavenResourcesFiltering - skip non existing resourceDirectory D:\AgadgoanApplication\DevoteeApplicationBackend\src\test\resources
2025-04-15 22:43:53,997 [Worker-34: Building] INFO  o.a.m.s.f.DefaultMavenResourcesFiltering - Copying 1 resource from src\main\resources to target\classes
2025-04-15 22:43:54,131 [Worker-34: Building] INFO  o.a.m.s.f.DefaultMavenResourcesFiltering - Copying 0 resource from src\main\resources to target\classes
2025-04-15 22:43:54,260 [Worker-34: Building] INFO  o.a.m.s.f.DefaultMavenResourcesFiltering - skip non existing resourceDirectory D:\AgadgoanApplication\DevoteeApplicationBackend\src\test\resources
2025-04-15 23:17:00,402 [Worker-40: Building] INFO  o.a.m.s.f.DefaultMavenResourcesFiltering - Copying 1 resource from src\main\resources to target\classes
2025-04-15 23:17:00,474 [Worker-40: Building] INFO  o.a.m.s.f.DefaultMavenResourcesFiltering - Copying 0 resource from src\main\resources to target\classes
2025-04-15 23:17:00,531 [Worker-40: Building] INFO  o.a.m.s.f.DefaultMavenResourcesFiltering - skip non existing resourceDirectory D:\AgadgoanApplication\DevoteeApplicationBackend\src\test\resources
2025-04-16 01:05:25,246 [Worker-45: Launching Executing clean in D__AgadgoanApplication_DevoteeApplicationBackend] INFO  o.eclipse.m2e.core.internal.Bundles - getClasspathEntries(Bundle=org.eclipse.m2e.maven.runtime_3.9.900.20250220-2013 [296])
2025-04-16 01:05:25,263 [Worker-45: Launching Executing clean in D__AgadgoanApplication_DevoteeApplicationBackend] INFO  o.eclipse.m2e.core.internal.Bundles - 	Entry: C:\Users\Admin\.p2\pool\plugins\org.eclipse.m2e.maven.runtime_3.9.900.20250220-2013
2025-04-16 01:05:25,263 [Worker-45: Launching Executing clean in D__AgadgoanApplication_DevoteeApplicationBackend] INFO  o.eclipse.m2e.core.internal.Bundles - 	Entry: C:\Users\Admin\.p2\pool\plugins\org.eclipse.m2e.maven.runtime_3.9.900.20250220-2013\jars\aopalliance-1.0.jar
2025-04-16 01:05:25,264 [Worker-45: Launching Executing clean in D__AgadgoanApplication_DevoteeApplicationBackend] INFO  o.eclipse.m2e.core.internal.Bundles - 	Entry: C:\Users\Admin\.p2\pool\plugins\org.eclipse.m2e.maven.runtime_3.9.900.20250220-2013\jars\guice-5.1.0.jar
2025-04-16 01:05:25,264 [Worker-45: Launching Executing clean in D__AgadgoanApplication_DevoteeApplicationBackend] INFO  o.eclipse.m2e.core.internal.Bundles - 	Entry: C:\Users\Admin\.p2\pool\plugins\org.eclipse.m2e.maven.runtime_3.9.900.20250220-2013\jars\httpclient-4.5.14.jar
2025-04-16 01:05:25,265 [Worker-45: Launching Executing clean in D__AgadgoanApplication_DevoteeApplicationBackend] INFO  o.eclipse.m2e.core.internal.Bundles - 	Entry: C:\Users\Admin\.p2\pool\plugins\org.eclipse.m2e.maven.runtime_3.9.900.20250220-2013\jars\httpcore-4.4.16.jar
2025-04-16 01:05:25,265 [Worker-45: Launching Executing clean in D__AgadgoanApplication_DevoteeApplicationBackend] INFO  o.eclipse.m2e.core.internal.Bundles - 	Entry: C:\Users\Admin\.p2\pool\plugins\org.eclipse.m2e.maven.runtime_3.9.900.20250220-2013\jars\jansi-2.4.1.jar
2025-04-16 01:05:25,265 [Worker-45: Launching Executing clean in D__AgadgoanApplication_DevoteeApplicationBackend] INFO  o.eclipse.m2e.core.internal.Bundles - 	Entry: C:\Users\Admin\.p2\pool\plugins\org.eclipse.m2e.maven.runtime_3.9.900.20250220-2013\jars\jcl-over-slf4j-1.7.36.jar
2025-04-16 01:05:25,266 [Worker-45: Launching Executing clean in D__AgadgoanApplication_DevoteeApplicationBackend] INFO  o.eclipse.m2e.core.internal.Bundles - 	Entry: C:\Users\Admin\.p2\pool\plugins\org.eclipse.m2e.maven.runtime_3.9.900.20250220-2013\jars\maven-artifact-3.9.9.jar
2025-04-16 01:05:25,266 [Worker-45: Launching Executing clean in D__AgadgoanApplication_DevoteeApplicationBackend] INFO  o.eclipse.m2e.core.internal.Bundles - 	Entry: C:\Users\Admin\.p2\pool\plugins\org.eclipse.m2e.maven.runtime_3.9.900.20250220-2013\jars\maven-builder-support-3.9.9.jar
2025-04-16 01:05:25,266 [Worker-45: Launching Executing clean in D__AgadgoanApplication_DevoteeApplicationBackend] INFO  o.eclipse.m2e.core.internal.Bundles - 	Entry: C:\Users\Admin\.p2\pool\plugins\org.eclipse.m2e.maven.runtime_3.9.900.20250220-2013\jars\maven-compat-3.9.9.jar
2025-04-16 01:05:25,267 [Worker-45: Launching Executing clean in D__AgadgoanApplication_DevoteeApplicationBackend] INFO  o.eclipse.m2e.core.internal.Bundles - 	Entry: C:\Users\Admin\.p2\pool\plugins\org.eclipse.m2e.maven.runtime_3.9.900.20250220-2013\jars\maven-core-3.9.9.jar
2025-04-16 01:05:25,268 [Worker-45: Launching Executing clean in D__AgadgoanApplication_DevoteeApplicationBackend] INFO  o.eclipse.m2e.core.internal.Bundles - 	Entry: C:\Users\Admin\.p2\pool\plugins\org.eclipse.m2e.maven.runtime_3.9.900.20250220-2013\jars\maven-embedder-3.9.9.jar
2025-04-16 01:05:25,268 [Worker-45: Launching Executing clean in D__AgadgoanApplication_DevoteeApplicationBackend] INFO  o.eclipse.m2e.core.internal.Bundles - 	Entry: C:\Users\Admin\.p2\pool\plugins\org.eclipse.m2e.maven.runtime_3.9.900.20250220-2013\jars\maven-model-3.9.9.jar
2025-04-16 01:05:25,268 [Worker-45: Launching Executing clean in D__AgadgoanApplication_DevoteeApplicationBackend] INFO  o.eclipse.m2e.core.internal.Bundles - 	Entry: C:\Users\Admin\.p2\pool\plugins\org.eclipse.m2e.maven.runtime_3.9.900.20250220-2013\jars\maven-model-builder-3.9.9.jar
2025-04-16 01:05:25,268 [Worker-45: Launching Executing clean in D__AgadgoanApplication_DevoteeApplicationBackend] INFO  o.eclipse.m2e.core.internal.Bundles - 	Entry: C:\Users\Admin\.p2\pool\plugins\org.eclipse.m2e.maven.runtime_3.9.900.20250220-2013\jars\maven-plugin-api-3.9.9.jar
2025-04-16 01:05:25,269 [Worker-45: Launching Executing clean in D__AgadgoanApplication_DevoteeApplicationBackend] INFO  o.eclipse.m2e.core.internal.Bundles - 	Entry: C:\Users\Admin\.p2\pool\plugins\org.eclipse.m2e.maven.runtime_3.9.900.20250220-2013\jars\maven-repository-metadata-3.9.9.jar
2025-04-16 01:05:25,269 [Worker-45: Launching Executing clean in D__AgadgoanApplication_DevoteeApplicationBackend] INFO  o.eclipse.m2e.core.internal.Bundles - 	Entry: C:\Users\Admin\.p2\pool\plugins\org.eclipse.m2e.maven.runtime_3.9.900.20250220-2013\jars\maven-resolver-api-1.9.22.jar
2025-04-16 01:05:25,269 [Worker-45: Launching Executing clean in D__AgadgoanApplication_DevoteeApplicationBackend] INFO  o.eclipse.m2e.core.internal.Bundles - 	Entry: C:\Users\Admin\.p2\pool\plugins\org.eclipse.m2e.maven.runtime_3.9.900.20250220-2013\jars\maven-resolver-connector-basic-1.9.22.jar
2025-04-16 01:05:25,270 [Worker-45: Launching Executing clean in D__AgadgoanApplication_DevoteeApplicationBackend] INFO  o.eclipse.m2e.core.internal.Bundles - 	Entry: C:\Users\Admin\.p2\pool\plugins\org.eclipse.m2e.maven.runtime_3.9.900.20250220-2013\jars\maven-resolver-impl-1.9.22.jar
2025-04-16 01:05:25,270 [Worker-45: Launching Executing clean in D__AgadgoanApplication_DevoteeApplicationBackend] INFO  o.eclipse.m2e.core.internal.Bundles - 	Entry: C:\Users\Admin\.p2\pool\plugins\org.eclipse.m2e.maven.runtime_3.9.900.20250220-2013\jars\maven-resolver-named-locks-1.9.22.jar
2025-04-16 01:05:25,272 [Worker-45: Launching Executing clean in D__AgadgoanApplication_DevoteeApplicationBackend] INFO  o.eclipse.m2e.core.internal.Bundles - 	Entry: C:\Users\Admin\.p2\pool\plugins\org.eclipse.m2e.maven.runtime_3.9.900.20250220-2013\jars\maven-resolver-provider-3.9.9.jar
2025-04-16 01:05:25,276 [Worker-45: Launching Executing clean in D__AgadgoanApplication_DevoteeApplicationBackend] INFO  o.eclipse.m2e.core.internal.Bundles - 	Entry: C:\Users\Admin\.p2\pool\plugins\org.eclipse.m2e.maven.runtime_3.9.900.20250220-2013\jars\maven-resolver-spi-1.9.22.jar
2025-04-16 01:05:25,279 [Worker-45: Launching Executing clean in D__AgadgoanApplication_DevoteeApplicationBackend] INFO  o.eclipse.m2e.core.internal.Bundles - 	Entry: C:\Users\Admin\.p2\pool\plugins\org.eclipse.m2e.maven.runtime_3.9.900.20250220-2013\jars\maven-resolver-transport-file-1.9.22.jar
2025-04-16 01:05:25,280 [Worker-45: Launching Executing clean in D__AgadgoanApplication_DevoteeApplicationBackend] INFO  o.eclipse.m2e.core.internal.Bundles - 	Entry: C:\Users\Admin\.p2\pool\plugins\org.eclipse.m2e.maven.runtime_3.9.900.20250220-2013\jars\maven-resolver-transport-http-1.9.22.jar
2025-04-16 01:05:25,282 [Worker-45: Launching Executing clean in D__AgadgoanApplication_DevoteeApplicationBackend] INFO  o.eclipse.m2e.core.internal.Bundles - 	Entry: C:\Users\Admin\.p2\pool\plugins\org.eclipse.m2e.maven.runtime_3.9.900.20250220-2013\jars\maven-resolver-transport-wagon-1.9.22.jar
2025-04-16 01:05:25,282 [Worker-45: Launching Executing clean in D__AgadgoanApplication_DevoteeApplicationBackend] INFO  o.eclipse.m2e.core.internal.Bundles - 	Entry: C:\Users\Admin\.p2\pool\plugins\org.eclipse.m2e.maven.runtime_3.9.900.20250220-2013\jars\maven-resolver-util-1.9.22.jar
2025-04-16 01:05:25,282 [Worker-45: Launching Executing clean in D__AgadgoanApplication_DevoteeApplicationBackend] INFO  o.eclipse.m2e.core.internal.Bundles - 	Entry: C:\Users\Admin\.p2\pool\plugins\org.eclipse.m2e.maven.runtime_3.9.900.20250220-2013\jars\maven-settings-3.9.9.jar
2025-04-16 01:05:25,283 [Worker-45: Launching Executing clean in D__AgadgoanApplication_DevoteeApplicationBackend] INFO  o.eclipse.m2e.core.internal.Bundles - 	Entry: C:\Users\Admin\.p2\pool\plugins\org.eclipse.m2e.maven.runtime_3.9.900.20250220-2013\jars\maven-settings-builder-3.9.9.jar
2025-04-16 01:05:25,283 [Worker-45: Launching Executing clean in D__AgadgoanApplication_DevoteeApplicationBackend] INFO  o.eclipse.m2e.core.internal.Bundles - 	Entry: C:\Users\Admin\.p2\pool\plugins\org.eclipse.m2e.maven.runtime_3.9.900.20250220-2013\jars\maven-shared-utils-3.4.2.jar
2025-04-16 01:05:25,284 [Worker-45: Launching Executing clean in D__AgadgoanApplication_DevoteeApplicationBackend] INFO  o.eclipse.m2e.core.internal.Bundles - 	Entry: C:\Users\Admin\.p2\pool\plugins\org.eclipse.m2e.maven.runtime_3.9.900.20250220-2013\jars\org.eclipse.sisu.inject-0.9.0.M3.jar
2025-04-16 01:05:25,284 [Worker-45: Launching Executing clean in D__AgadgoanApplication_DevoteeApplicationBackend] INFO  o.eclipse.m2e.core.internal.Bundles - 	Entry: C:\Users\Admin\.p2\pool\plugins\org.eclipse.m2e.maven.runtime_3.9.900.20250220-2013\jars\org.eclipse.sisu.plexus-0.9.0.M3.jar
2025-04-16 01:05:25,285 [Worker-45: Launching Executing clean in D__AgadgoanApplication_DevoteeApplicationBackend] INFO  o.eclipse.m2e.core.internal.Bundles - 	Entry: C:\Users\Admin\.p2\pool\plugins\org.eclipse.m2e.maven.runtime_3.9.900.20250220-2013\jars\plexus-build-api-0.0.7.jar
2025-04-16 01:05:25,285 [Worker-45: Launching Executing clean in D__AgadgoanApplication_DevoteeApplicationBackend] INFO  o.eclipse.m2e.core.internal.Bundles - 	Entry: C:\Users\Admin\.p2\pool\plugins\org.eclipse.m2e.maven.runtime_3.9.900.20250220-2013\jars\plexus-build-api-1.2.0.jar
2025-04-16 01:05:25,285 [Worker-45: Launching Executing clean in D__AgadgoanApplication_DevoteeApplicationBackend] INFO  o.eclipse.m2e.core.internal.Bundles - 	Entry: C:\Users\Admin\.p2\pool\plugins\org.eclipse.m2e.maven.runtime_3.9.900.20250220-2013\jars\plexus-cipher-2.0.jar
2025-04-16 01:05:25,286 [Worker-45: Launching Executing clean in D__AgadgoanApplication_DevoteeApplicationBackend] INFO  o.eclipse.m2e.core.internal.Bundles - 	Entry: C:\Users\Admin\.p2\pool\plugins\org.eclipse.m2e.maven.runtime_3.9.900.20250220-2013\jars\plexus-classworlds-2.8.0.jar
2025-04-16 01:05:25,286 [Worker-45: Launching Executing clean in D__AgadgoanApplication_DevoteeApplicationBackend] INFO  o.eclipse.m2e.core.internal.Bundles - 	Entry: C:\Users\Admin\.p2\pool\plugins\org.eclipse.m2e.maven.runtime_3.9.900.20250220-2013\jars\plexus-component-annotations-2.1.0.jar
2025-04-16 01:05:25,286 [Worker-45: Launching Executing clean in D__AgadgoanApplication_DevoteeApplicationBackend] INFO  o.eclipse.m2e.core.internal.Bundles - 	Entry: C:\Users\Admin\.p2\pool\plugins\org.eclipse.m2e.maven.runtime_3.9.900.20250220-2013\jars\plexus-interpolation-1.27.jar
2025-04-16 01:05:25,287 [Worker-45: Launching Executing clean in D__AgadgoanApplication_DevoteeApplicationBackend] INFO  o.eclipse.m2e.core.internal.Bundles - 	Entry: C:\Users\Admin\.p2\pool\plugins\org.eclipse.m2e.maven.runtime_3.9.900.20250220-2013\jars\plexus-sec-dispatcher-2.0.jar
2025-04-16 01:05:25,287 [Worker-45: Launching Executing clean in D__AgadgoanApplication_DevoteeApplicationBackend] INFO  o.eclipse.m2e.core.internal.Bundles - 	Entry: C:\Users\Admin\.p2\pool\plugins\org.eclipse.m2e.maven.runtime_3.9.900.20250220-2013\jars\plexus-utils-3.5.1.jar
2025-04-16 01:05:25,287 [Worker-45: Launching Executing clean in D__AgadgoanApplication_DevoteeApplicationBackend] INFO  o.eclipse.m2e.core.internal.Bundles - 	Entry: C:\Users\Admin\.p2\pool\plugins\org.eclipse.m2e.maven.runtime_3.9.900.20250220-2013\jars\plexus-xml-3.0.1.jar
2025-04-16 01:05:25,287 [Worker-45: Launching Executing clean in D__AgadgoanApplication_DevoteeApplicationBackend] INFO  o.eclipse.m2e.core.internal.Bundles - 	Entry: C:\Users\Admin\.p2\pool\plugins\org.eclipse.m2e.maven.runtime_3.9.900.20250220-2013\jars\wagon-file-3.5.3.jar
2025-04-16 01:05:25,288 [Worker-45: Launching Executing clean in D__AgadgoanApplication_DevoteeApplicationBackend] INFO  o.eclipse.m2e.core.internal.Bundles - 	Entry: C:\Users\Admin\.p2\pool\plugins\org.eclipse.m2e.maven.runtime_3.9.900.20250220-2013\jars\wagon-http-3.5.3.jar
2025-04-16 01:05:25,288 [Worker-45: Launching Executing clean in D__AgadgoanApplication_DevoteeApplicationBackend] INFO  o.eclipse.m2e.core.internal.Bundles - 	Entry: C:\Users\Admin\.p2\pool\plugins\org.eclipse.m2e.maven.runtime_3.9.900.20250220-2013\jars\wagon-http-shared-3.5.3.jar
2025-04-16 01:05:25,288 [Worker-45: Launching Executing clean in D__AgadgoanApplication_DevoteeApplicationBackend] INFO  o.eclipse.m2e.core.internal.Bundles - 	Entry: C:\Users\Admin\.p2\pool\plugins\org.eclipse.m2e.maven.runtime_3.9.900.20250220-2013\jars\wagon-provider-api-3.5.3.jar
2025-04-16 01:05:25,292 [Worker-45: Launching Executing clean in D__AgadgoanApplication_DevoteeApplicationBackend] INFO  o.eclipse.m2e.core.internal.Bundles - getClasspathEntries(Bundle=com.google.guava_33.4.0.jre [12])
2025-04-16 01:05:25,294 [Worker-45: Launching Executing clean in D__AgadgoanApplication_DevoteeApplicationBackend] INFO  o.eclipse.m2e.core.internal.Bundles - 	Entry: C:\Users\Admin\.p2\pool\plugins\com.google.guava_33.4.0.jre.jar
2025-04-16 01:05:25,295 [Worker-45: Launching Executing clean in D__AgadgoanApplication_DevoteeApplicationBackend] INFO  o.eclipse.m2e.core.internal.Bundles - getClasspathEntries(Bundle=slf4j.api_2.0.17 [589])
2025-04-16 01:05:25,296 [Worker-45: Launching Executing clean in D__AgadgoanApplication_DevoteeApplicationBackend] INFO  o.eclipse.m2e.core.internal.Bundles - 	Entry: C:\Users\Admin\.p2\pool\plugins\slf4j.api_2.0.17.jar
2025-04-16 01:05:25,298 [Worker-45: Launching Executing clean in D__AgadgoanApplication_DevoteeApplicationBackend] INFO  o.eclipse.m2e.core.internal.Bundles - getClasspathEntries(Bundle=jakarta.inject.jakarta.inject-api_1.0.5 [24])
2025-04-16 01:05:25,300 [Worker-45: Launching Executing clean in D__AgadgoanApplication_DevoteeApplicationBackend] INFO  o.eclipse.m2e.core.internal.Bundles - 	Entry: C:\Users\Admin\.p2\pool\plugins\jakarta.inject.jakarta.inject-api_1.0.5.jar
2025-04-16 01:05:25,300 [Worker-45: Launching Executing clean in D__AgadgoanApplication_DevoteeApplicationBackend] INFO  o.eclipse.m2e.core.internal.Bundles - getClasspathEntries(Bundle=jakarta.annotation-api_1.3.5 [22])
2025-04-16 01:05:25,302 [Worker-45: Launching Executing clean in D__AgadgoanApplication_DevoteeApplicationBackend] INFO  o.eclipse.m2e.core.internal.Bundles - 	Entry: C:\Users\Admin\.p2\pool\plugins\jakarta.annotation-api_1.3.5.jar
2025-04-16 01:05:25,302 [Worker-45: Launching Executing clean in D__AgadgoanApplication_DevoteeApplicationBackend] INFO  o.eclipse.m2e.core.internal.Bundles - getClasspathEntries(Bundle=org.apache.commons.cli_1.9.0 [48])
2025-04-16 01:05:25,304 [Worker-45: Launching Executing clean in D__AgadgoanApplication_DevoteeApplicationBackend] INFO  o.eclipse.m2e.core.internal.Bundles - 	Entry: C:\Users\Admin\.p2\pool\plugins\org.apache.commons.cli_1.9.0.jar
2025-04-16 01:05:25,304 [Worker-45: Launching Executing clean in D__AgadgoanApplication_DevoteeApplicationBackend] INFO  o.eclipse.m2e.core.internal.Bundles - getClasspathEntries(Bundle=org.apache.commons.commons-codec_1.16.0 [49])
2025-04-16 01:05:25,305 [Worker-45: Launching Executing clean in D__AgadgoanApplication_DevoteeApplicationBackend] INFO  o.eclipse.m2e.core.internal.Bundles - 	Entry: C:\Users\Admin\.p2\pool\plugins\org.apache.commons.commons-codec_1.16.0.jar
2025-04-16 01:05:25,305 [Worker-45: Launching Executing clean in D__AgadgoanApplication_DevoteeApplicationBackend] INFO  o.eclipse.m2e.core.internal.Bundles - getClasspathEntries(Bundle=com.google.guava.failureaccess_1.0.2 [13])
2025-04-16 01:05:25,308 [Worker-45: Launching Executing clean in D__AgadgoanApplication_DevoteeApplicationBackend] INFO  o.eclipse.m2e.core.internal.Bundles - 	Entry: C:\Users\Admin\.p2\pool\plugins\com.google.guava.failureaccess_1.0.2.jar
2025-04-16 01:05:25,385 [Worker-45: Launching Executing clean in D__AgadgoanApplication_DevoteeApplicationBackend] INFO  o.e.m.i.launch.MavenLaunchDelegate - Run build in "D:\AgadgoanApplication\DevoteeApplicationBackend":
2025-04-16 01:05:25,385 [Worker-45: Launching Executing clean in D__AgadgoanApplication_DevoteeApplicationBackend] INFO  o.e.m.i.launch.MavenLaunchDelegate -  mvn  -B -Dstyle.color=always clean
2025-04-16 01:05:32,377 [Worker-49: Building] INFO  o.a.m.s.f.DefaultMavenResourcesFiltering - Copying 1 resource from src\main\resources to target\classes
2025-04-16 01:05:32,384 [Worker-49: Building] INFO  o.a.m.s.f.DefaultMavenResourcesFiltering - Copying 0 resource from src\main\resources to target\classes
2025-04-16 01:05:32,393 [Worker-49: Building] INFO  o.a.m.s.f.DefaultMavenResourcesFiltering - skip non existing resourceDirectory D:\AgadgoanApplication\DevoteeApplicationBackend\src\test\resources
2025-04-16 01:05:38,455 [Worker-49: Launching Executing install in D__AgadgoanApplication_DevoteeApplicationBackend] INFO  o.eclipse.m2e.core.internal.Bundles - getClasspathEntries(Bundle=org.eclipse.m2e.maven.runtime_3.9.900.20250220-2013 [296])
2025-04-16 01:05:38,457 [Worker-49: Launching Executing install in D__AgadgoanApplication_DevoteeApplicationBackend] INFO  o.eclipse.m2e.core.internal.Bundles - 	Entry: C:\Users\Admin\.p2\pool\plugins\org.eclipse.m2e.maven.runtime_3.9.900.20250220-2013
2025-04-16 01:05:38,457 [Worker-49: Launching Executing install in D__AgadgoanApplication_DevoteeApplicationBackend] INFO  o.eclipse.m2e.core.internal.Bundles - 	Entry: C:\Users\Admin\.p2\pool\plugins\org.eclipse.m2e.maven.runtime_3.9.900.20250220-2013\jars\aopalliance-1.0.jar
2025-04-16 01:05:38,458 [Worker-49: Launching Executing install in D__AgadgoanApplication_DevoteeApplicationBackend] INFO  o.eclipse.m2e.core.internal.Bundles - 	Entry: C:\Users\Admin\.p2\pool\plugins\org.eclipse.m2e.maven.runtime_3.9.900.20250220-2013\jars\guice-5.1.0.jar
2025-04-16 01:05:38,458 [Worker-49: Launching Executing install in D__AgadgoanApplication_DevoteeApplicationBackend] INFO  o.eclipse.m2e.core.internal.Bundles - 	Entry: C:\Users\Admin\.p2\pool\plugins\org.eclipse.m2e.maven.runtime_3.9.900.20250220-2013\jars\httpclient-4.5.14.jar
2025-04-16 01:05:38,458 [Worker-49: Launching Executing install in D__AgadgoanApplication_DevoteeApplicationBackend] INFO  o.eclipse.m2e.core.internal.Bundles - 	Entry: C:\Users\Admin\.p2\pool\plugins\org.eclipse.m2e.maven.runtime_3.9.900.20250220-2013\jars\httpcore-4.4.16.jar
2025-04-16 01:05:38,458 [Worker-49: Launching Executing install in D__AgadgoanApplication_DevoteeApplicationBackend] INFO  o.eclipse.m2e.core.internal.Bundles - 	Entry: C:\Users\Admin\.p2\pool\plugins\org.eclipse.m2e.maven.runtime_3.9.900.20250220-2013\jars\jansi-2.4.1.jar
2025-04-16 01:05:38,459 [Worker-49: Launching Executing install in D__AgadgoanApplication_DevoteeApplicationBackend] INFO  o.eclipse.m2e.core.internal.Bundles - 	Entry: C:\Users\Admin\.p2\pool\plugins\org.eclipse.m2e.maven.runtime_3.9.900.20250220-2013\jars\jcl-over-slf4j-1.7.36.jar
2025-04-16 01:05:38,459 [Worker-49: Launching Executing install in D__AgadgoanApplication_DevoteeApplicationBackend] INFO  o.eclipse.m2e.core.internal.Bundles - 	Entry: C:\Users\Admin\.p2\pool\plugins\org.eclipse.m2e.maven.runtime_3.9.900.20250220-2013\jars\maven-artifact-3.9.9.jar
2025-04-16 01:05:38,459 [Worker-49: Launching Executing install in D__AgadgoanApplication_DevoteeApplicationBackend] INFO  o.eclipse.m2e.core.internal.Bundles - 	Entry: C:\Users\Admin\.p2\pool\plugins\org.eclipse.m2e.maven.runtime_3.9.900.20250220-2013\jars\maven-builder-support-3.9.9.jar
2025-04-16 01:05:38,459 [Worker-49: Launching Executing install in D__AgadgoanApplication_DevoteeApplicationBackend] INFO  o.eclipse.m2e.core.internal.Bundles - 	Entry: C:\Users\Admin\.p2\pool\plugins\org.eclipse.m2e.maven.runtime_3.9.900.20250220-2013\jars\maven-compat-3.9.9.jar
2025-04-16 01:05:38,459 [Worker-49: Launching Executing install in D__AgadgoanApplication_DevoteeApplicationBackend] INFO  o.eclipse.m2e.core.internal.Bundles - 	Entry: C:\Users\Admin\.p2\pool\plugins\org.eclipse.m2e.maven.runtime_3.9.900.20250220-2013\jars\maven-core-3.9.9.jar
2025-04-16 01:05:38,460 [Worker-49: Launching Executing install in D__AgadgoanApplication_DevoteeApplicationBackend] INFO  o.eclipse.m2e.core.internal.Bundles - 	Entry: C:\Users\Admin\.p2\pool\plugins\org.eclipse.m2e.maven.runtime_3.9.900.20250220-2013\jars\maven-embedder-3.9.9.jar
2025-04-16 01:05:38,460 [Worker-49: Launching Executing install in D__AgadgoanApplication_DevoteeApplicationBackend] INFO  o.eclipse.m2e.core.internal.Bundles - 	Entry: C:\Users\Admin\.p2\pool\plugins\org.eclipse.m2e.maven.runtime_3.9.900.20250220-2013\jars\maven-model-3.9.9.jar
2025-04-16 01:05:38,461 [Worker-49: Launching Executing install in D__AgadgoanApplication_DevoteeApplicationBackend] INFO  o.eclipse.m2e.core.internal.Bundles - 	Entry: C:\Users\Admin\.p2\pool\plugins\org.eclipse.m2e.maven.runtime_3.9.900.20250220-2013\jars\maven-model-builder-3.9.9.jar
2025-04-16 01:05:38,461 [Worker-49: Launching Executing install in D__AgadgoanApplication_DevoteeApplicationBackend] INFO  o.eclipse.m2e.core.internal.Bundles - 	Entry: C:\Users\Admin\.p2\pool\plugins\org.eclipse.m2e.maven.runtime_3.9.900.20250220-2013\jars\maven-plugin-api-3.9.9.jar
2025-04-16 01:05:38,461 [Worker-49: Launching Executing install in D__AgadgoanApplication_DevoteeApplicationBackend] INFO  o.eclipse.m2e.core.internal.Bundles - 	Entry: C:\Users\Admin\.p2\pool\plugins\org.eclipse.m2e.maven.runtime_3.9.900.20250220-2013\jars\maven-repository-metadata-3.9.9.jar
2025-04-16 01:05:38,461 [Worker-49: Launching Executing install in D__AgadgoanApplication_DevoteeApplicationBackend] INFO  o.eclipse.m2e.core.internal.Bundles - 	Entry: C:\Users\Admin\.p2\pool\plugins\org.eclipse.m2e.maven.runtime_3.9.900.20250220-2013\jars\maven-resolver-api-1.9.22.jar
2025-04-16 01:05:38,462 [Worker-49: Launching Executing install in D__AgadgoanApplication_DevoteeApplicationBackend] INFO  o.eclipse.m2e.core.internal.Bundles - 	Entry: C:\Users\Admin\.p2\pool\plugins\org.eclipse.m2e.maven.runtime_3.9.900.20250220-2013\jars\maven-resolver-connector-basic-1.9.22.jar
2025-04-16 01:05:38,462 [Worker-49: Launching Executing install in D__AgadgoanApplication_DevoteeApplicationBackend] INFO  o.eclipse.m2e.core.internal.Bundles - 	Entry: C:\Users\Admin\.p2\pool\plugins\org.eclipse.m2e.maven.runtime_3.9.900.20250220-2013\jars\maven-resolver-impl-1.9.22.jar
2025-04-16 01:05:38,462 [Worker-49: Launching Executing install in D__AgadgoanApplication_DevoteeApplicationBackend] INFO  o.eclipse.m2e.core.internal.Bundles - 	Entry: C:\Users\Admin\.p2\pool\plugins\org.eclipse.m2e.maven.runtime_3.9.900.20250220-2013\jars\maven-resolver-named-locks-1.9.22.jar
2025-04-16 01:05:38,462 [Worker-49: Launching Executing install in D__AgadgoanApplication_DevoteeApplicationBackend] INFO  o.eclipse.m2e.core.internal.Bundles - 	Entry: C:\Users\Admin\.p2\pool\plugins\org.eclipse.m2e.maven.runtime_3.9.900.20250220-2013\jars\maven-resolver-provider-3.9.9.jar
2025-04-16 01:05:38,462 [Worker-49: Launching Executing install in D__AgadgoanApplication_DevoteeApplicationBackend] INFO  o.eclipse.m2e.core.internal.Bundles - 	Entry: C:\Users\Admin\.p2\pool\plugins\org.eclipse.m2e.maven.runtime_3.9.900.20250220-2013\jars\maven-resolver-spi-1.9.22.jar
2025-04-16 01:05:38,463 [Worker-49: Launching Executing install in D__AgadgoanApplication_DevoteeApplicationBackend] INFO  o.eclipse.m2e.core.internal.Bundles - 	Entry: C:\Users\Admin\.p2\pool\plugins\org.eclipse.m2e.maven.runtime_3.9.900.20250220-2013\jars\maven-resolver-transport-file-1.9.22.jar
2025-04-16 01:05:38,463 [Worker-49: Launching Executing install in D__AgadgoanApplication_DevoteeApplicationBackend] INFO  o.eclipse.m2e.core.internal.Bundles - 	Entry: C:\Users\Admin\.p2\pool\plugins\org.eclipse.m2e.maven.runtime_3.9.900.20250220-2013\jars\maven-resolver-transport-http-1.9.22.jar
2025-04-16 01:05:38,463 [Worker-49: Launching Executing install in D__AgadgoanApplication_DevoteeApplicationBackend] INFO  o.eclipse.m2e.core.internal.Bundles - 	Entry: C:\Users\Admin\.p2\pool\plugins\org.eclipse.m2e.maven.runtime_3.9.900.20250220-2013\jars\maven-resolver-transport-wagon-1.9.22.jar
2025-04-16 01:05:38,463 [Worker-49: Launching Executing install in D__AgadgoanApplication_DevoteeApplicationBackend] INFO  o.eclipse.m2e.core.internal.Bundles - 	Entry: C:\Users\Admin\.p2\pool\plugins\org.eclipse.m2e.maven.runtime_3.9.900.20250220-2013\jars\maven-resolver-util-1.9.22.jar
2025-04-16 01:05:38,463 [Worker-49: Launching Executing install in D__AgadgoanApplication_DevoteeApplicationBackend] INFO  o.eclipse.m2e.core.internal.Bundles - 	Entry: C:\Users\Admin\.p2\pool\plugins\org.eclipse.m2e.maven.runtime_3.9.900.20250220-2013\jars\maven-settings-3.9.9.jar
2025-04-16 01:05:38,464 [Worker-49: Launching Executing install in D__AgadgoanApplication_DevoteeApplicationBackend] INFO  o.eclipse.m2e.core.internal.Bundles - 	Entry: C:\Users\Admin\.p2\pool\plugins\org.eclipse.m2e.maven.runtime_3.9.900.20250220-2013\jars\maven-settings-builder-3.9.9.jar
2025-04-16 01:05:38,464 [Worker-49: Launching Executing install in D__AgadgoanApplication_DevoteeApplicationBackend] INFO  o.eclipse.m2e.core.internal.Bundles - 	Entry: C:\Users\Admin\.p2\pool\plugins\org.eclipse.m2e.maven.runtime_3.9.900.20250220-2013\jars\maven-shared-utils-3.4.2.jar
2025-04-16 01:05:38,464 [Worker-49: Launching Executing install in D__AgadgoanApplication_DevoteeApplicationBackend] INFO  o.eclipse.m2e.core.internal.Bundles - 	Entry: C:\Users\Admin\.p2\pool\plugins\org.eclipse.m2e.maven.runtime_3.9.900.20250220-2013\jars\org.eclipse.sisu.inject-0.9.0.M3.jar
2025-04-16 01:05:38,464 [Worker-49: Launching Executing install in D__AgadgoanApplication_DevoteeApplicationBackend] INFO  o.eclipse.m2e.core.internal.Bundles - 	Entry: C:\Users\Admin\.p2\pool\plugins\org.eclipse.m2e.maven.runtime_3.9.900.20250220-2013\jars\org.eclipse.sisu.plexus-0.9.0.M3.jar
2025-04-16 01:05:38,465 [Worker-49: Launching Executing install in D__AgadgoanApplication_DevoteeApplicationBackend] INFO  o.eclipse.m2e.core.internal.Bundles - 	Entry: C:\Users\Admin\.p2\pool\plugins\org.eclipse.m2e.maven.runtime_3.9.900.20250220-2013\jars\plexus-build-api-0.0.7.jar
2025-04-16 01:05:38,465 [Worker-49: Launching Executing install in D__AgadgoanApplication_DevoteeApplicationBackend] INFO  o.eclipse.m2e.core.internal.Bundles - 	Entry: C:\Users\Admin\.p2\pool\plugins\org.eclipse.m2e.maven.runtime_3.9.900.20250220-2013\jars\plexus-build-api-1.2.0.jar
2025-04-16 01:05:38,465 [Worker-49: Launching Executing install in D__AgadgoanApplication_DevoteeApplicationBackend] INFO  o.eclipse.m2e.core.internal.Bundles - 	Entry: C:\Users\Admin\.p2\pool\plugins\org.eclipse.m2e.maven.runtime_3.9.900.20250220-2013\jars\plexus-cipher-2.0.jar
2025-04-16 01:05:38,465 [Worker-49: Launching Executing install in D__AgadgoanApplication_DevoteeApplicationBackend] INFO  o.eclipse.m2e.core.internal.Bundles - 	Entry: C:\Users\Admin\.p2\pool\plugins\org.eclipse.m2e.maven.runtime_3.9.900.20250220-2013\jars\plexus-classworlds-2.8.0.jar
2025-04-16 01:05:38,466 [Worker-49: Launching Executing install in D__AgadgoanApplication_DevoteeApplicationBackend] INFO  o.eclipse.m2e.core.internal.Bundles - 	Entry: C:\Users\Admin\.p2\pool\plugins\org.eclipse.m2e.maven.runtime_3.9.900.20250220-2013\jars\plexus-component-annotations-2.1.0.jar
2025-04-16 01:05:38,466 [Worker-49: Launching Executing install in D__AgadgoanApplication_DevoteeApplicationBackend] INFO  o.eclipse.m2e.core.internal.Bundles - 	Entry: C:\Users\Admin\.p2\pool\plugins\org.eclipse.m2e.maven.runtime_3.9.900.20250220-2013\jars\plexus-interpolation-1.27.jar
2025-04-16 01:05:38,466 [Worker-49: Launching Executing install in D__AgadgoanApplication_DevoteeApplicationBackend] INFO  o.eclipse.m2e.core.internal.Bundles - 	Entry: C:\Users\Admin\.p2\pool\plugins\org.eclipse.m2e.maven.runtime_3.9.900.20250220-2013\jars\plexus-sec-dispatcher-2.0.jar
2025-04-16 01:05:38,466 [Worker-49: Launching Executing install in D__AgadgoanApplication_DevoteeApplicationBackend] INFO  o.eclipse.m2e.core.internal.Bundles - 	Entry: C:\Users\Admin\.p2\pool\plugins\org.eclipse.m2e.maven.runtime_3.9.900.20250220-2013\jars\plexus-utils-3.5.1.jar
2025-04-16 01:05:38,466 [Worker-49: Launching Executing install in D__AgadgoanApplication_DevoteeApplicationBackend] INFO  o.eclipse.m2e.core.internal.Bundles - 	Entry: C:\Users\Admin\.p2\pool\plugins\org.eclipse.m2e.maven.runtime_3.9.900.20250220-2013\jars\plexus-xml-3.0.1.jar
2025-04-16 01:05:38,466 [Worker-49: Launching Executing install in D__AgadgoanApplication_DevoteeApplicationBackend] INFO  o.eclipse.m2e.core.internal.Bundles - 	Entry: C:\Users\Admin\.p2\pool\plugins\org.eclipse.m2e.maven.runtime_3.9.900.20250220-2013\jars\wagon-file-3.5.3.jar
2025-04-16 01:05:38,467 [Worker-49: Launching Executing install in D__AgadgoanApplication_DevoteeApplicationBackend] INFO  o.eclipse.m2e.core.internal.Bundles - 	Entry: C:\Users\Admin\.p2\pool\plugins\org.eclipse.m2e.maven.runtime_3.9.900.20250220-2013\jars\wagon-http-3.5.3.jar
2025-04-16 01:05:38,467 [Worker-49: Launching Executing install in D__AgadgoanApplication_DevoteeApplicationBackend] INFO  o.eclipse.m2e.core.internal.Bundles - 	Entry: C:\Users\Admin\.p2\pool\plugins\org.eclipse.m2e.maven.runtime_3.9.900.20250220-2013\jars\wagon-http-shared-3.5.3.jar
2025-04-16 01:05:38,467 [Worker-49: Launching Executing install in D__AgadgoanApplication_DevoteeApplicationBackend] INFO  o.eclipse.m2e.core.internal.Bundles - 	Entry: C:\Users\Admin\.p2\pool\plugins\org.eclipse.m2e.maven.runtime_3.9.900.20250220-2013\jars\wagon-provider-api-3.5.3.jar
2025-04-16 01:05:38,468 [Worker-49: Launching Executing install in D__AgadgoanApplication_DevoteeApplicationBackend] INFO  o.eclipse.m2e.core.internal.Bundles - getClasspathEntries(Bundle=com.google.guava_33.4.0.jre [12])
2025-04-16 01:05:38,468 [Worker-49: Launching Executing install in D__AgadgoanApplication_DevoteeApplicationBackend] INFO  o.eclipse.m2e.core.internal.Bundles - 	Entry: C:\Users\Admin\.p2\pool\plugins\com.google.guava_33.4.0.jre.jar
2025-04-16 01:05:38,469 [Worker-49: Launching Executing install in D__AgadgoanApplication_DevoteeApplicationBackend] INFO  o.eclipse.m2e.core.internal.Bundles - getClasspathEntries(Bundle=slf4j.api_2.0.17 [589])
2025-04-16 01:05:38,469 [Worker-49: Launching Executing install in D__AgadgoanApplication_DevoteeApplicationBackend] INFO  o.eclipse.m2e.core.internal.Bundles - 	Entry: C:\Users\Admin\.p2\pool\plugins\slf4j.api_2.0.17.jar
2025-04-16 01:05:38,470 [Worker-49: Launching Executing install in D__AgadgoanApplication_DevoteeApplicationBackend] INFO  o.eclipse.m2e.core.internal.Bundles - getClasspathEntries(Bundle=jakarta.inject.jakarta.inject-api_1.0.5 [24])
2025-04-16 01:05:38,471 [Worker-49: Launching Executing install in D__AgadgoanApplication_DevoteeApplicationBackend] INFO  o.eclipse.m2e.core.internal.Bundles - 	Entry: C:\Users\Admin\.p2\pool\plugins\jakarta.inject.jakarta.inject-api_1.0.5.jar
2025-04-16 01:05:38,471 [Worker-49: Launching Executing install in D__AgadgoanApplication_DevoteeApplicationBackend] INFO  o.eclipse.m2e.core.internal.Bundles - getClasspathEntries(Bundle=jakarta.annotation-api_1.3.5 [22])
2025-04-16 01:05:38,476 [Worker-49: Launching Executing install in D__AgadgoanApplication_DevoteeApplicationBackend] INFO  o.eclipse.m2e.core.internal.Bundles - 	Entry: C:\Users\Admin\.p2\pool\plugins\jakarta.annotation-api_1.3.5.jar
2025-04-16 01:05:38,476 [Worker-49: Launching Executing install in D__AgadgoanApplication_DevoteeApplicationBackend] INFO  o.eclipse.m2e.core.internal.Bundles - getClasspathEntries(Bundle=org.apache.commons.cli_1.9.0 [48])
2025-04-16 01:05:38,477 [Worker-49: Launching Executing install in D__AgadgoanApplication_DevoteeApplicationBackend] INFO  o.eclipse.m2e.core.internal.Bundles - 	Entry: C:\Users\Admin\.p2\pool\plugins\org.apache.commons.cli_1.9.0.jar
2025-04-16 01:05:38,477 [Worker-49: Launching Executing install in D__AgadgoanApplication_DevoteeApplicationBackend] INFO  o.eclipse.m2e.core.internal.Bundles - getClasspathEntries(Bundle=org.apache.commons.commons-codec_1.16.0 [49])
2025-04-16 01:05:38,478 [Worker-49: Launching Executing install in D__AgadgoanApplication_DevoteeApplicationBackend] INFO  o.eclipse.m2e.core.internal.Bundles - 	Entry: C:\Users\Admin\.p2\pool\plugins\org.apache.commons.commons-codec_1.16.0.jar
2025-04-16 01:05:38,478 [Worker-49: Launching Executing install in D__AgadgoanApplication_DevoteeApplicationBackend] INFO  o.eclipse.m2e.core.internal.Bundles - getClasspathEntries(Bundle=com.google.guava.failureaccess_1.0.2 [13])
2025-04-16 01:05:38,479 [Worker-49: Launching Executing install in D__AgadgoanApplication_DevoteeApplicationBackend] INFO  o.eclipse.m2e.core.internal.Bundles - 	Entry: C:\Users\Admin\.p2\pool\plugins\com.google.guava.failureaccess_1.0.2.jar
2025-04-16 01:05:38,481 [Worker-49: Launching Executing install in D__AgadgoanApplication_DevoteeApplicationBackend] INFO  o.e.m.i.launch.MavenLaunchDelegate - Run build in "D:\AgadgoanApplication\DevoteeApplicationBackend":
2025-04-16 01:05:38,482 [Worker-49: Launching Executing install in D__AgadgoanApplication_DevoteeApplicationBackend] INFO  o.e.m.i.launch.MavenLaunchDelegate -  mvn  -B -Dstyle.color=always install
2025-04-16 01:06:09,616 [Worker-49: Building] INFO  o.a.m.s.f.DefaultMavenResourcesFiltering - Copying 1 resource from src\main\resources to target\classes
2025-04-16 01:06:09,619 [Worker-49: Building] INFO  o.a.m.s.f.DefaultMavenResourcesFiltering - Copying 0 resource from src\main\resources to target\classes
2025-04-16 01:06:09,633 [Worker-49: Building] INFO  o.a.m.s.f.DefaultMavenResourcesFiltering - skip non existing resourceDirectory D:\AgadgoanApplication\DevoteeApplicationBackend\src\test\resources
2025-04-18 00:26:45,469 [Worker-0: Loading available Gradle versions] INFO  o.e.b.c.i.u.g.PublishedGradleVersions - Gradle version information cache is out-of-date. Trying to update.
2025-04-18 00:26:49,369 [Worker-0: Loading available Gradle versions] INFO  o.e.b.c.i.u.g.PublishedGradleVersions - Updating Gradle version information cache failed. Using outdated cache.
2025-04-18 01:07:54,279 [Worker-0: Loading available Gradle versions] INFO  o.e.b.c.i.u.g.PublishedGradleVersions - Gradle version information cache is out-of-date. Trying to update.
2025-04-18 01:13:28,113 [Worker-16: Launching Executing clean in D__AgadgoanApplication_DevoteeApplicationBackend] INFO  o.eclipse.m2e.core.internal.Bundles - getClasspathEntries(Bundle=org.eclipse.m2e.maven.runtime_3.9.900.20250220-2013 [296])
2025-04-18 01:13:28,117 [Worker-16: Launching Executing clean in D__AgadgoanApplication_DevoteeApplicationBackend] INFO  o.eclipse.m2e.core.internal.Bundles - 	Entry: C:\Users\Admin\.p2\pool\plugins\org.eclipse.m2e.maven.runtime_3.9.900.20250220-2013
2025-04-18 01:13:28,117 [Worker-16: Launching Executing clean in D__AgadgoanApplication_DevoteeApplicationBackend] INFO  o.eclipse.m2e.core.internal.Bundles - 	Entry: C:\Users\Admin\.p2\pool\plugins\org.eclipse.m2e.maven.runtime_3.9.900.20250220-2013\jars\aopalliance-1.0.jar
2025-04-18 01:13:28,117 [Worker-16: Launching Executing clean in D__AgadgoanApplication_DevoteeApplicationBackend] INFO  o.eclipse.m2e.core.internal.Bundles - 	Entry: C:\Users\Admin\.p2\pool\plugins\org.eclipse.m2e.maven.runtime_3.9.900.20250220-2013\jars\guice-5.1.0.jar
2025-04-18 01:13:28,118 [Worker-16: Launching Executing clean in D__AgadgoanApplication_DevoteeApplicationBackend] INFO  o.eclipse.m2e.core.internal.Bundles - 	Entry: C:\Users\Admin\.p2\pool\plugins\org.eclipse.m2e.maven.runtime_3.9.900.20250220-2013\jars\httpclient-4.5.14.jar
2025-04-18 01:13:28,118 [Worker-16: Launching Executing clean in D__AgadgoanApplication_DevoteeApplicationBackend] INFO  o.eclipse.m2e.core.internal.Bundles - 	Entry: C:\Users\Admin\.p2\pool\plugins\org.eclipse.m2e.maven.runtime_3.9.900.20250220-2013\jars\httpcore-4.4.16.jar
2025-04-18 01:13:28,118 [Worker-16: Launching Executing clean in D__AgadgoanApplication_DevoteeApplicationBackend] INFO  o.eclipse.m2e.core.internal.Bundles - 	Entry: C:\Users\Admin\.p2\pool\plugins\org.eclipse.m2e.maven.runtime_3.9.900.20250220-2013\jars\jansi-2.4.1.jar
2025-04-18 01:13:28,118 [Worker-16: Launching Executing clean in D__AgadgoanApplication_DevoteeApplicationBackend] INFO  o.eclipse.m2e.core.internal.Bundles - 	Entry: C:\Users\Admin\.p2\pool\plugins\org.eclipse.m2e.maven.runtime_3.9.900.20250220-2013\jars\jcl-over-slf4j-1.7.36.jar
2025-04-18 01:13:28,118 [Worker-16: Launching Executing clean in D__AgadgoanApplication_DevoteeApplicationBackend] INFO  o.eclipse.m2e.core.internal.Bundles - 	Entry: C:\Users\Admin\.p2\pool\plugins\org.eclipse.m2e.maven.runtime_3.9.900.20250220-2013\jars\maven-artifact-3.9.9.jar
2025-04-18 01:13:28,119 [Worker-16: Launching Executing clean in D__AgadgoanApplication_DevoteeApplicationBackend] INFO  o.eclipse.m2e.core.internal.Bundles - 	Entry: C:\Users\Admin\.p2\pool\plugins\org.eclipse.m2e.maven.runtime_3.9.900.20250220-2013\jars\maven-builder-support-3.9.9.jar
2025-04-18 01:13:28,119 [Worker-16: Launching Executing clean in D__AgadgoanApplication_DevoteeApplicationBackend] INFO  o.eclipse.m2e.core.internal.Bundles - 	Entry: C:\Users\Admin\.p2\pool\plugins\org.eclipse.m2e.maven.runtime_3.9.900.20250220-2013\jars\maven-compat-3.9.9.jar
2025-04-18 01:13:28,119 [Worker-16: Launching Executing clean in D__AgadgoanApplication_DevoteeApplicationBackend] INFO  o.eclipse.m2e.core.internal.Bundles - 	Entry: C:\Users\Admin\.p2\pool\plugins\org.eclipse.m2e.maven.runtime_3.9.900.20250220-2013\jars\maven-core-3.9.9.jar
2025-04-18 01:13:28,120 [Worker-16: Launching Executing clean in D__AgadgoanApplication_DevoteeApplicationBackend] INFO  o.eclipse.m2e.core.internal.Bundles - 	Entry: C:\Users\Admin\.p2\pool\plugins\org.eclipse.m2e.maven.runtime_3.9.900.20250220-2013\jars\maven-embedder-3.9.9.jar
2025-04-18 01:13:28,120 [Worker-16: Launching Executing clean in D__AgadgoanApplication_DevoteeApplicationBackend] INFO  o.eclipse.m2e.core.internal.Bundles - 	Entry: C:\Users\Admin\.p2\pool\plugins\org.eclipse.m2e.maven.runtime_3.9.900.20250220-2013\jars\maven-model-3.9.9.jar
2025-04-18 01:13:28,120 [Worker-16: Launching Executing clean in D__AgadgoanApplication_DevoteeApplicationBackend] INFO  o.eclipse.m2e.core.internal.Bundles - 	Entry: C:\Users\Admin\.p2\pool\plugins\org.eclipse.m2e.maven.runtime_3.9.900.20250220-2013\jars\maven-model-builder-3.9.9.jar
2025-04-18 01:13:28,120 [Worker-16: Launching Executing clean in D__AgadgoanApplication_DevoteeApplicationBackend] INFO  o.eclipse.m2e.core.internal.Bundles - 	Entry: C:\Users\Admin\.p2\pool\plugins\org.eclipse.m2e.maven.runtime_3.9.900.20250220-2013\jars\maven-plugin-api-3.9.9.jar
2025-04-18 01:13:28,120 [Worker-16: Launching Executing clean in D__AgadgoanApplication_DevoteeApplicationBackend] INFO  o.eclipse.m2e.core.internal.Bundles - 	Entry: C:\Users\Admin\.p2\pool\plugins\org.eclipse.m2e.maven.runtime_3.9.900.20250220-2013\jars\maven-repository-metadata-3.9.9.jar
2025-04-18 01:13:28,120 [Worker-16: Launching Executing clean in D__AgadgoanApplication_DevoteeApplicationBackend] INFO  o.eclipse.m2e.core.internal.Bundles - 	Entry: C:\Users\Admin\.p2\pool\plugins\org.eclipse.m2e.maven.runtime_3.9.900.20250220-2013\jars\maven-resolver-api-1.9.22.jar
2025-04-18 01:13:28,121 [Worker-16: Launching Executing clean in D__AgadgoanApplication_DevoteeApplicationBackend] INFO  o.eclipse.m2e.core.internal.Bundles - 	Entry: C:\Users\Admin\.p2\pool\plugins\org.eclipse.m2e.maven.runtime_3.9.900.20250220-2013\jars\maven-resolver-connector-basic-1.9.22.jar
2025-04-18 01:13:28,121 [Worker-16: Launching Executing clean in D__AgadgoanApplication_DevoteeApplicationBackend] INFO  o.eclipse.m2e.core.internal.Bundles - 	Entry: C:\Users\Admin\.p2\pool\plugins\org.eclipse.m2e.maven.runtime_3.9.900.20250220-2013\jars\maven-resolver-impl-1.9.22.jar
2025-04-18 01:13:28,121 [Worker-16: Launching Executing clean in D__AgadgoanApplication_DevoteeApplicationBackend] INFO  o.eclipse.m2e.core.internal.Bundles - 	Entry: C:\Users\Admin\.p2\pool\plugins\org.eclipse.m2e.maven.runtime_3.9.900.20250220-2013\jars\maven-resolver-named-locks-1.9.22.jar
2025-04-18 01:13:28,121 [Worker-16: Launching Executing clean in D__AgadgoanApplication_DevoteeApplicationBackend] INFO  o.eclipse.m2e.core.internal.Bundles - 	Entry: C:\Users\Admin\.p2\pool\plugins\org.eclipse.m2e.maven.runtime_3.9.900.20250220-2013\jars\maven-resolver-provider-3.9.9.jar
2025-04-18 01:13:28,122 [Worker-16: Launching Executing clean in D__AgadgoanApplication_DevoteeApplicationBackend] INFO  o.eclipse.m2e.core.internal.Bundles - 	Entry: C:\Users\Admin\.p2\pool\plugins\org.eclipse.m2e.maven.runtime_3.9.900.20250220-2013\jars\maven-resolver-spi-1.9.22.jar
2025-04-18 01:13:28,122 [Worker-16: Launching Executing clean in D__AgadgoanApplication_DevoteeApplicationBackend] INFO  o.eclipse.m2e.core.internal.Bundles - 	Entry: C:\Users\Admin\.p2\pool\plugins\org.eclipse.m2e.maven.runtime_3.9.900.20250220-2013\jars\maven-resolver-transport-file-1.9.22.jar
2025-04-18 01:13:28,122 [Worker-16: Launching Executing clean in D__AgadgoanApplication_DevoteeApplicationBackend] INFO  o.eclipse.m2e.core.internal.Bundles - 	Entry: C:\Users\Admin\.p2\pool\plugins\org.eclipse.m2e.maven.runtime_3.9.900.20250220-2013\jars\maven-resolver-transport-http-1.9.22.jar
2025-04-18 01:13:28,122 [Worker-16: Launching Executing clean in D__AgadgoanApplication_DevoteeApplicationBackend] INFO  o.eclipse.m2e.core.internal.Bundles - 	Entry: C:\Users\Admin\.p2\pool\plugins\org.eclipse.m2e.maven.runtime_3.9.900.20250220-2013\jars\maven-resolver-transport-wagon-1.9.22.jar
2025-04-18 01:13:28,123 [Worker-16: Launching Executing clean in D__AgadgoanApplication_DevoteeApplicationBackend] INFO  o.eclipse.m2e.core.internal.Bundles - 	Entry: C:\Users\Admin\.p2\pool\plugins\org.eclipse.m2e.maven.runtime_3.9.900.20250220-2013\jars\maven-resolver-util-1.9.22.jar
2025-04-18 01:13:28,123 [Worker-16: Launching Executing clean in D__AgadgoanApplication_DevoteeApplicationBackend] INFO  o.eclipse.m2e.core.internal.Bundles - 	Entry: C:\Users\Admin\.p2\pool\plugins\org.eclipse.m2e.maven.runtime_3.9.900.20250220-2013\jars\maven-settings-3.9.9.jar
2025-04-18 01:13:28,123 [Worker-16: Launching Executing clean in D__AgadgoanApplication_DevoteeApplicationBackend] INFO  o.eclipse.m2e.core.internal.Bundles - 	Entry: C:\Users\Admin\.p2\pool\plugins\org.eclipse.m2e.maven.runtime_3.9.900.20250220-2013\jars\maven-settings-builder-3.9.9.jar
2025-04-18 01:13:28,123 [Worker-16: Launching Executing clean in D__AgadgoanApplication_DevoteeApplicationBackend] INFO  o.eclipse.m2e.core.internal.Bundles - 	Entry: C:\Users\Admin\.p2\pool\plugins\org.eclipse.m2e.maven.runtime_3.9.900.20250220-2013\jars\maven-shared-utils-3.4.2.jar
2025-04-18 01:13:28,123 [Worker-16: Launching Executing clean in D__AgadgoanApplication_DevoteeApplicationBackend] INFO  o.eclipse.m2e.core.internal.Bundles - 	Entry: C:\Users\Admin\.p2\pool\plugins\org.eclipse.m2e.maven.runtime_3.9.900.20250220-2013\jars\org.eclipse.sisu.inject-0.9.0.M3.jar
2025-04-18 01:13:28,124 [Worker-16: Launching Executing clean in D__AgadgoanApplication_DevoteeApplicationBackend] INFO  o.eclipse.m2e.core.internal.Bundles - 	Entry: C:\Users\Admin\.p2\pool\plugins\org.eclipse.m2e.maven.runtime_3.9.900.20250220-2013\jars\org.eclipse.sisu.plexus-0.9.0.M3.jar
2025-04-18 01:13:28,124 [Worker-16: Launching Executing clean in D__AgadgoanApplication_DevoteeApplicationBackend] INFO  o.eclipse.m2e.core.internal.Bundles - 	Entry: C:\Users\Admin\.p2\pool\plugins\org.eclipse.m2e.maven.runtime_3.9.900.20250220-2013\jars\plexus-build-api-0.0.7.jar
2025-04-18 01:13:28,124 [Worker-16: Launching Executing clean in D__AgadgoanApplication_DevoteeApplicationBackend] INFO  o.eclipse.m2e.core.internal.Bundles - 	Entry: C:\Users\Admin\.p2\pool\plugins\org.eclipse.m2e.maven.runtime_3.9.900.20250220-2013\jars\plexus-build-api-1.2.0.jar
2025-04-18 01:13:28,124 [Worker-16: Launching Executing clean in D__AgadgoanApplication_DevoteeApplicationBackend] INFO  o.eclipse.m2e.core.internal.Bundles - 	Entry: C:\Users\Admin\.p2\pool\plugins\org.eclipse.m2e.maven.runtime_3.9.900.20250220-2013\jars\plexus-cipher-2.0.jar
2025-04-18 01:13:28,124 [Worker-16: Launching Executing clean in D__AgadgoanApplication_DevoteeApplicationBackend] INFO  o.eclipse.m2e.core.internal.Bundles - 	Entry: C:\Users\Admin\.p2\pool\plugins\org.eclipse.m2e.maven.runtime_3.9.900.20250220-2013\jars\plexus-classworlds-2.8.0.jar
2025-04-18 01:13:28,124 [Worker-16: Launching Executing clean in D__AgadgoanApplication_DevoteeApplicationBackend] INFO  o.eclipse.m2e.core.internal.Bundles - 	Entry: C:\Users\Admin\.p2\pool\plugins\org.eclipse.m2e.maven.runtime_3.9.900.20250220-2013\jars\plexus-component-annotations-2.1.0.jar
2025-04-18 01:13:28,124 [Worker-16: Launching Executing clean in D__AgadgoanApplication_DevoteeApplicationBackend] INFO  o.eclipse.m2e.core.internal.Bundles - 	Entry: C:\Users\Admin\.p2\pool\plugins\org.eclipse.m2e.maven.runtime_3.9.900.20250220-2013\jars\plexus-interpolation-1.27.jar
2025-04-18 01:13:28,124 [Worker-16: Launching Executing clean in D__AgadgoanApplication_DevoteeApplicationBackend] INFO  o.eclipse.m2e.core.internal.Bundles - 	Entry: C:\Users\Admin\.p2\pool\plugins\org.eclipse.m2e.maven.runtime_3.9.900.20250220-2013\jars\plexus-sec-dispatcher-2.0.jar
2025-04-18 01:13:28,125 [Worker-16: Launching Executing clean in D__AgadgoanApplication_DevoteeApplicationBackend] INFO  o.eclipse.m2e.core.internal.Bundles - 	Entry: C:\Users\Admin\.p2\pool\plugins\org.eclipse.m2e.maven.runtime_3.9.900.20250220-2013\jars\plexus-utils-3.5.1.jar
2025-04-18 01:13:28,125 [Worker-16: Launching Executing clean in D__AgadgoanApplication_DevoteeApplicationBackend] INFO  o.eclipse.m2e.core.internal.Bundles - 	Entry: C:\Users\Admin\.p2\pool\plugins\org.eclipse.m2e.maven.runtime_3.9.900.20250220-2013\jars\plexus-xml-3.0.1.jar
2025-04-18 01:13:28,125 [Worker-16: Launching Executing clean in D__AgadgoanApplication_DevoteeApplicationBackend] INFO  o.eclipse.m2e.core.internal.Bundles - 	Entry: C:\Users\Admin\.p2\pool\plugins\org.eclipse.m2e.maven.runtime_3.9.900.20250220-2013\jars\wagon-file-3.5.3.jar
2025-04-18 01:13:28,125 [Worker-16: Launching Executing clean in D__AgadgoanApplication_DevoteeApplicationBackend] INFO  o.eclipse.m2e.core.internal.Bundles - 	Entry: C:\Users\Admin\.p2\pool\plugins\org.eclipse.m2e.maven.runtime_3.9.900.20250220-2013\jars\wagon-http-3.5.3.jar
2025-04-18 01:13:28,125 [Worker-16: Launching Executing clean in D__AgadgoanApplication_DevoteeApplicationBackend] INFO  o.eclipse.m2e.core.internal.Bundles - 	Entry: C:\Users\Admin\.p2\pool\plugins\org.eclipse.m2e.maven.runtime_3.9.900.20250220-2013\jars\wagon-http-shared-3.5.3.jar
2025-04-18 01:13:28,125 [Worker-16: Launching Executing clean in D__AgadgoanApplication_DevoteeApplicationBackend] INFO  o.eclipse.m2e.core.internal.Bundles - 	Entry: C:\Users\Admin\.p2\pool\plugins\org.eclipse.m2e.maven.runtime_3.9.900.20250220-2013\jars\wagon-provider-api-3.5.3.jar
2025-04-18 01:13:28,127 [Worker-16: Launching Executing clean in D__AgadgoanApplication_DevoteeApplicationBackend] INFO  o.eclipse.m2e.core.internal.Bundles - getClasspathEntries(Bundle=com.google.guava_33.4.0.jre [12])
2025-04-18 01:13:28,128 [Worker-16: Launching Executing clean in D__AgadgoanApplication_DevoteeApplicationBackend] INFO  o.eclipse.m2e.core.internal.Bundles - 	Entry: C:\Users\Admin\.p2\pool\plugins\com.google.guava_33.4.0.jre.jar
2025-04-18 01:13:28,128 [Worker-16: Launching Executing clean in D__AgadgoanApplication_DevoteeApplicationBackend] INFO  o.eclipse.m2e.core.internal.Bundles - getClasspathEntries(Bundle=slf4j.api_2.0.17 [589])
2025-04-18 01:13:28,128 [Worker-16: Launching Executing clean in D__AgadgoanApplication_DevoteeApplicationBackend] INFO  o.eclipse.m2e.core.internal.Bundles - 	Entry: C:\Users\Admin\.p2\pool\plugins\slf4j.api_2.0.17.jar
2025-04-18 01:13:28,129 [Worker-16: Launching Executing clean in D__AgadgoanApplication_DevoteeApplicationBackend] INFO  o.eclipse.m2e.core.internal.Bundles - getClasspathEntries(Bundle=jakarta.inject.jakarta.inject-api_1.0.5 [24])
2025-04-18 01:13:28,129 [Worker-16: Launching Executing clean in D__AgadgoanApplication_DevoteeApplicationBackend] INFO  o.eclipse.m2e.core.internal.Bundles - 	Entry: C:\Users\Admin\.p2\pool\plugins\jakarta.inject.jakarta.inject-api_1.0.5.jar
2025-04-18 01:13:28,129 [Worker-16: Launching Executing clean in D__AgadgoanApplication_DevoteeApplicationBackend] INFO  o.eclipse.m2e.core.internal.Bundles - getClasspathEntries(Bundle=jakarta.annotation-api_1.3.5 [22])
2025-04-18 01:13:28,130 [Worker-16: Launching Executing clean in D__AgadgoanApplication_DevoteeApplicationBackend] INFO  o.eclipse.m2e.core.internal.Bundles - 	Entry: C:\Users\Admin\.p2\pool\plugins\jakarta.annotation-api_1.3.5.jar
2025-04-18 01:13:28,130 [Worker-16: Launching Executing clean in D__AgadgoanApplication_DevoteeApplicationBackend] INFO  o.eclipse.m2e.core.internal.Bundles - getClasspathEntries(Bundle=org.apache.commons.cli_1.9.0 [48])
2025-04-18 01:13:28,130 [Worker-16: Launching Executing clean in D__AgadgoanApplication_DevoteeApplicationBackend] INFO  o.eclipse.m2e.core.internal.Bundles - 	Entry: C:\Users\Admin\.p2\pool\plugins\org.apache.commons.cli_1.9.0.jar
2025-04-18 01:13:28,130 [Worker-16: Launching Executing clean in D__AgadgoanApplication_DevoteeApplicationBackend] INFO  o.eclipse.m2e.core.internal.Bundles - getClasspathEntries(Bundle=org.apache.commons.commons-codec_1.16.0 [49])
2025-04-18 01:13:28,131 [Worker-16: Launching Executing clean in D__AgadgoanApplication_DevoteeApplicationBackend] INFO  o.eclipse.m2e.core.internal.Bundles - 	Entry: C:\Users\Admin\.p2\pool\plugins\org.apache.commons.commons-codec_1.16.0.jar
2025-04-18 01:13:28,131 [Worker-16: Launching Executing clean in D__AgadgoanApplication_DevoteeApplicationBackend] INFO  o.eclipse.m2e.core.internal.Bundles - getClasspathEntries(Bundle=com.google.guava.failureaccess_1.0.2 [13])
2025-04-18 01:13:28,131 [Worker-16: Launching Executing clean in D__AgadgoanApplication_DevoteeApplicationBackend] INFO  o.eclipse.m2e.core.internal.Bundles - 	Entry: C:\Users\Admin\.p2\pool\plugins\com.google.guava.failureaccess_1.0.2.jar
2025-04-18 01:13:28,201 [Worker-16: Launching Executing clean in D__AgadgoanApplication_DevoteeApplicationBackend] INFO  o.e.m.i.launch.MavenLaunchDelegate - Run build in "D:\AgadgoanApplication\DevoteeApplicationBackend":
2025-04-18 01:13:28,220 [Worker-16: Launching Executing clean in D__AgadgoanApplication_DevoteeApplicationBackend] INFO  o.e.m.i.launch.MavenLaunchDelegate -  mvn  -B -Dstyle.color=always clean
2025-04-18 01:13:35,821 [Worker-4: Building] INFO  o.a.m.s.f.DefaultMavenResourcesFiltering - Copying 1 resource from src\main\resources to target\classes
2025-04-18 01:13:35,861 [Worker-4: Building] INFO  o.a.m.s.f.DefaultMavenResourcesFiltering - Copying 0 resource from src\main\resources to target\classes
2025-04-18 01:13:35,874 [Worker-4: Building] INFO  o.a.m.s.f.DefaultMavenResourcesFiltering - skip non existing resourceDirectory D:\AgadgoanApplication\DevoteeApplicationBackend\src\test\resources
2025-04-18 01:14:08,831 [Worker-13: Launching Executing install in D__AgadgoanApplication_DevoteeApplicationBackend] INFO  o.eclipse.m2e.core.internal.Bundles - getClasspathEntries(Bundle=org.eclipse.m2e.maven.runtime_3.9.900.20250220-2013 [296])
2025-04-18 01:14:08,832 [Worker-13: Launching Executing install in D__AgadgoanApplication_DevoteeApplicationBackend] INFO  o.eclipse.m2e.core.internal.Bundles - 	Entry: C:\Users\Admin\.p2\pool\plugins\org.eclipse.m2e.maven.runtime_3.9.900.20250220-2013
2025-04-18 01:14:08,832 [Worker-13: Launching Executing install in D__AgadgoanApplication_DevoteeApplicationBackend] INFO  o.eclipse.m2e.core.internal.Bundles - 	Entry: C:\Users\Admin\.p2\pool\plugins\org.eclipse.m2e.maven.runtime_3.9.900.20250220-2013\jars\aopalliance-1.0.jar
2025-04-18 01:14:08,832 [Worker-13: Launching Executing install in D__AgadgoanApplication_DevoteeApplicationBackend] INFO  o.eclipse.m2e.core.internal.Bundles - 	Entry: C:\Users\Admin\.p2\pool\plugins\org.eclipse.m2e.maven.runtime_3.9.900.20250220-2013\jars\guice-5.1.0.jar
2025-04-18 01:14:08,832 [Worker-13: Launching Executing install in D__AgadgoanApplication_DevoteeApplicationBackend] INFO  o.eclipse.m2e.core.internal.Bundles - 	Entry: C:\Users\Admin\.p2\pool\plugins\org.eclipse.m2e.maven.runtime_3.9.900.20250220-2013\jars\httpclient-4.5.14.jar
2025-04-18 01:14:08,833 [Worker-13: Launching Executing install in D__AgadgoanApplication_DevoteeApplicationBackend] INFO  o.eclipse.m2e.core.internal.Bundles - 	Entry: C:\Users\Admin\.p2\pool\plugins\org.eclipse.m2e.maven.runtime_3.9.900.20250220-2013\jars\httpcore-4.4.16.jar
2025-04-18 01:14:08,833 [Worker-13: Launching Executing install in D__AgadgoanApplication_DevoteeApplicationBackend] INFO  o.eclipse.m2e.core.internal.Bundles - 	Entry: C:\Users\Admin\.p2\pool\plugins\org.eclipse.m2e.maven.runtime_3.9.900.20250220-2013\jars\jansi-2.4.1.jar
2025-04-18 01:14:08,833 [Worker-13: Launching Executing install in D__AgadgoanApplication_DevoteeApplicationBackend] INFO  o.eclipse.m2e.core.internal.Bundles - 	Entry: C:\Users\Admin\.p2\pool\plugins\org.eclipse.m2e.maven.runtime_3.9.900.20250220-2013\jars\jcl-over-slf4j-1.7.36.jar
2025-04-18 01:14:08,833 [Worker-13: Launching Executing install in D__AgadgoanApplication_DevoteeApplicationBackend] INFO  o.eclipse.m2e.core.internal.Bundles - 	Entry: C:\Users\Admin\.p2\pool\plugins\org.eclipse.m2e.maven.runtime_3.9.900.20250220-2013\jars\maven-artifact-3.9.9.jar
2025-04-18 01:14:08,835 [Worker-13: Launching Executing install in D__AgadgoanApplication_DevoteeApplicationBackend] INFO  o.eclipse.m2e.core.internal.Bundles - 	Entry: C:\Users\Admin\.p2\pool\plugins\org.eclipse.m2e.maven.runtime_3.9.900.20250220-2013\jars\maven-builder-support-3.9.9.jar
2025-04-18 01:14:08,835 [Worker-13: Launching Executing install in D__AgadgoanApplication_DevoteeApplicationBackend] INFO  o.eclipse.m2e.core.internal.Bundles - 	Entry: C:\Users\Admin\.p2\pool\plugins\org.eclipse.m2e.maven.runtime_3.9.900.20250220-2013\jars\maven-compat-3.9.9.jar
2025-04-18 01:14:08,835 [Worker-13: Launching Executing install in D__AgadgoanApplication_DevoteeApplicationBackend] INFO  o.eclipse.m2e.core.internal.Bundles - 	Entry: C:\Users\Admin\.p2\pool\plugins\org.eclipse.m2e.maven.runtime_3.9.900.20250220-2013\jars\maven-core-3.9.9.jar
2025-04-18 01:14:08,835 [Worker-13: Launching Executing install in D__AgadgoanApplication_DevoteeApplicationBackend] INFO  o.eclipse.m2e.core.internal.Bundles - 	Entry: C:\Users\Admin\.p2\pool\plugins\org.eclipse.m2e.maven.runtime_3.9.900.20250220-2013\jars\maven-embedder-3.9.9.jar
2025-04-18 01:14:08,835 [Worker-13: Launching Executing install in D__AgadgoanApplication_DevoteeApplicationBackend] INFO  o.eclipse.m2e.core.internal.Bundles - 	Entry: C:\Users\Admin\.p2\pool\plugins\org.eclipse.m2e.maven.runtime_3.9.900.20250220-2013\jars\maven-model-3.9.9.jar
2025-04-18 01:14:08,836 [Worker-13: Launching Executing install in D__AgadgoanApplication_DevoteeApplicationBackend] INFO  o.eclipse.m2e.core.internal.Bundles - 	Entry: C:\Users\Admin\.p2\pool\plugins\org.eclipse.m2e.maven.runtime_3.9.900.20250220-2013\jars\maven-model-builder-3.9.9.jar
2025-04-18 01:14:08,836 [Worker-13: Launching Executing install in D__AgadgoanApplication_DevoteeApplicationBackend] INFO  o.eclipse.m2e.core.internal.Bundles - 	Entry: C:\Users\Admin\.p2\pool\plugins\org.eclipse.m2e.maven.runtime_3.9.900.20250220-2013\jars\maven-plugin-api-3.9.9.jar
2025-04-18 01:14:08,837 [Worker-13: Launching Executing install in D__AgadgoanApplication_DevoteeApplicationBackend] INFO  o.eclipse.m2e.core.internal.Bundles - 	Entry: C:\Users\Admin\.p2\pool\plugins\org.eclipse.m2e.maven.runtime_3.9.900.20250220-2013\jars\maven-repository-metadata-3.9.9.jar
2025-04-18 01:14:08,837 [Worker-13: Launching Executing install in D__AgadgoanApplication_DevoteeApplicationBackend] INFO  o.eclipse.m2e.core.internal.Bundles - 	Entry: C:\Users\Admin\.p2\pool\plugins\org.eclipse.m2e.maven.runtime_3.9.900.20250220-2013\jars\maven-resolver-api-1.9.22.jar
2025-04-18 01:14:08,838 [Worker-13: Launching Executing install in D__AgadgoanApplication_DevoteeApplicationBackend] INFO  o.eclipse.m2e.core.internal.Bundles - 	Entry: C:\Users\Admin\.p2\pool\plugins\org.eclipse.m2e.maven.runtime_3.9.900.20250220-2013\jars\maven-resolver-connector-basic-1.9.22.jar
2025-04-18 01:14:08,838 [Worker-13: Launching Executing install in D__AgadgoanApplication_DevoteeApplicationBackend] INFO  o.eclipse.m2e.core.internal.Bundles - 	Entry: C:\Users\Admin\.p2\pool\plugins\org.eclipse.m2e.maven.runtime_3.9.900.20250220-2013\jars\maven-resolver-impl-1.9.22.jar
2025-04-18 01:14:08,839 [Worker-13: Launching Executing install in D__AgadgoanApplication_DevoteeApplicationBackend] INFO  o.eclipse.m2e.core.internal.Bundles - 	Entry: C:\Users\Admin\.p2\pool\plugins\org.eclipse.m2e.maven.runtime_3.9.900.20250220-2013\jars\maven-resolver-named-locks-1.9.22.jar
2025-04-18 01:14:08,839 [Worker-13: Launching Executing install in D__AgadgoanApplication_DevoteeApplicationBackend] INFO  o.eclipse.m2e.core.internal.Bundles - 	Entry: C:\Users\Admin\.p2\pool\plugins\org.eclipse.m2e.maven.runtime_3.9.900.20250220-2013\jars\maven-resolver-provider-3.9.9.jar
2025-04-18 01:14:08,839 [Worker-13: Launching Executing install in D__AgadgoanApplication_DevoteeApplicationBackend] INFO  o.eclipse.m2e.core.internal.Bundles - 	Entry: C:\Users\Admin\.p2\pool\plugins\org.eclipse.m2e.maven.runtime_3.9.900.20250220-2013\jars\maven-resolver-spi-1.9.22.jar
2025-04-18 01:14:08,841 [Worker-13: Launching Executing install in D__AgadgoanApplication_DevoteeApplicationBackend] INFO  o.eclipse.m2e.core.internal.Bundles - 	Entry: C:\Users\Admin\.p2\pool\plugins\org.eclipse.m2e.maven.runtime_3.9.900.20250220-2013\jars\maven-resolver-transport-file-1.9.22.jar
2025-04-18 01:14:08,842 [Worker-13: Launching Executing install in D__AgadgoanApplication_DevoteeApplicationBackend] INFO  o.eclipse.m2e.core.internal.Bundles - 	Entry: C:\Users\Admin\.p2\pool\plugins\org.eclipse.m2e.maven.runtime_3.9.900.20250220-2013\jars\maven-resolver-transport-http-1.9.22.jar
2025-04-18 01:14:08,844 [Worker-13: Launching Executing install in D__AgadgoanApplication_DevoteeApplicationBackend] INFO  o.eclipse.m2e.core.internal.Bundles - 	Entry: C:\Users\Admin\.p2\pool\plugins\org.eclipse.m2e.maven.runtime_3.9.900.20250220-2013\jars\maven-resolver-transport-wagon-1.9.22.jar
2025-04-18 01:14:08,844 [Worker-13: Launching Executing install in D__AgadgoanApplication_DevoteeApplicationBackend] INFO  o.eclipse.m2e.core.internal.Bundles - 	Entry: C:\Users\Admin\.p2\pool\plugins\org.eclipse.m2e.maven.runtime_3.9.900.20250220-2013\jars\maven-resolver-util-1.9.22.jar
2025-04-18 01:14:08,844 [Worker-13: Launching Executing install in D__AgadgoanApplication_DevoteeApplicationBackend] INFO  o.eclipse.m2e.core.internal.Bundles - 	Entry: C:\Users\Admin\.p2\pool\plugins\org.eclipse.m2e.maven.runtime_3.9.900.20250220-2013\jars\maven-settings-3.9.9.jar
2025-04-18 01:14:08,844 [Worker-13: Launching Executing install in D__AgadgoanApplication_DevoteeApplicationBackend] INFO  o.eclipse.m2e.core.internal.Bundles - 	Entry: C:\Users\Admin\.p2\pool\plugins\org.eclipse.m2e.maven.runtime_3.9.900.20250220-2013\jars\maven-settings-builder-3.9.9.jar
2025-04-18 01:14:08,844 [Worker-13: Launching Executing install in D__AgadgoanApplication_DevoteeApplicationBackend] INFO  o.eclipse.m2e.core.internal.Bundles - 	Entry: C:\Users\Admin\.p2\pool\plugins\org.eclipse.m2e.maven.runtime_3.9.900.20250220-2013\jars\maven-shared-utils-3.4.2.jar
2025-04-18 01:14:08,844 [Worker-13: Launching Executing install in D__AgadgoanApplication_DevoteeApplicationBackend] INFO  o.eclipse.m2e.core.internal.Bundles - 	Entry: C:\Users\Admin\.p2\pool\plugins\org.eclipse.m2e.maven.runtime_3.9.900.20250220-2013\jars\org.eclipse.sisu.inject-0.9.0.M3.jar
2025-04-18 01:14:08,846 [Worker-13: Launching Executing install in D__AgadgoanApplication_DevoteeApplicationBackend] INFO  o.eclipse.m2e.core.internal.Bundles - 	Entry: C:\Users\Admin\.p2\pool\plugins\org.eclipse.m2e.maven.runtime_3.9.900.20250220-2013\jars\org.eclipse.sisu.plexus-0.9.0.M3.jar
2025-04-18 01:14:08,846 [Worker-13: Launching Executing install in D__AgadgoanApplication_DevoteeApplicationBackend] INFO  o.eclipse.m2e.core.internal.Bundles - 	Entry: C:\Users\Admin\.p2\pool\plugins\org.eclipse.m2e.maven.runtime_3.9.900.20250220-2013\jars\plexus-build-api-0.0.7.jar
2025-04-18 01:14:08,846 [Worker-13: Launching Executing install in D__AgadgoanApplication_DevoteeApplicationBackend] INFO  o.eclipse.m2e.core.internal.Bundles - 	Entry: C:\Users\Admin\.p2\pool\plugins\org.eclipse.m2e.maven.runtime_3.9.900.20250220-2013\jars\plexus-build-api-1.2.0.jar
2025-04-18 01:14:08,847 [Worker-13: Launching Executing install in D__AgadgoanApplication_DevoteeApplicationBackend] INFO  o.eclipse.m2e.core.internal.Bundles - 	Entry: C:\Users\Admin\.p2\pool\plugins\org.eclipse.m2e.maven.runtime_3.9.900.20250220-2013\jars\plexus-cipher-2.0.jar
2025-04-18 01:14:08,847 [Worker-13: Launching Executing install in D__AgadgoanApplication_DevoteeApplicationBackend] INFO  o.eclipse.m2e.core.internal.Bundles - 	Entry: C:\Users\Admin\.p2\pool\plugins\org.eclipse.m2e.maven.runtime_3.9.900.20250220-2013\jars\plexus-classworlds-2.8.0.jar
2025-04-18 01:14:08,847 [Worker-13: Launching Executing install in D__AgadgoanApplication_DevoteeApplicationBackend] INFO  o.eclipse.m2e.core.internal.Bundles - 	Entry: C:\Users\Admin\.p2\pool\plugins\org.eclipse.m2e.maven.runtime_3.9.900.20250220-2013\jars\plexus-component-annotations-2.1.0.jar
2025-04-18 01:14:08,848 [Worker-13: Launching Executing install in D__AgadgoanApplication_DevoteeApplicationBackend] INFO  o.eclipse.m2e.core.internal.Bundles - 	Entry: C:\Users\Admin\.p2\pool\plugins\org.eclipse.m2e.maven.runtime_3.9.900.20250220-2013\jars\plexus-interpolation-1.27.jar
2025-04-18 01:14:08,848 [Worker-13: Launching Executing install in D__AgadgoanApplication_DevoteeApplicationBackend] INFO  o.eclipse.m2e.core.internal.Bundles - 	Entry: C:\Users\Admin\.p2\pool\plugins\org.eclipse.m2e.maven.runtime_3.9.900.20250220-2013\jars\plexus-sec-dispatcher-2.0.jar
2025-04-18 01:14:08,848 [Worker-13: Launching Executing install in D__AgadgoanApplication_DevoteeApplicationBackend] INFO  o.eclipse.m2e.core.internal.Bundles - 	Entry: C:\Users\Admin\.p2\pool\plugins\org.eclipse.m2e.maven.runtime_3.9.900.20250220-2013\jars\plexus-utils-3.5.1.jar
2025-04-18 01:14:08,850 [Worker-13: Launching Executing install in D__AgadgoanApplication_DevoteeApplicationBackend] INFO  o.eclipse.m2e.core.internal.Bundles - 	Entry: C:\Users\Admin\.p2\pool\plugins\org.eclipse.m2e.maven.runtime_3.9.900.20250220-2013\jars\plexus-xml-3.0.1.jar
2025-04-18 01:14:08,850 [Worker-13: Launching Executing install in D__AgadgoanApplication_DevoteeApplicationBackend] INFO  o.eclipse.m2e.core.internal.Bundles - 	Entry: C:\Users\Admin\.p2\pool\plugins\org.eclipse.m2e.maven.runtime_3.9.900.20250220-2013\jars\wagon-file-3.5.3.jar
2025-04-18 01:14:08,850 [Worker-13: Launching Executing install in D__AgadgoanApplication_DevoteeApplicationBackend] INFO  o.eclipse.m2e.core.internal.Bundles - 	Entry: C:\Users\Admin\.p2\pool\plugins\org.eclipse.m2e.maven.runtime_3.9.900.20250220-2013\jars\wagon-http-3.5.3.jar
2025-04-18 01:14:08,850 [Worker-13: Launching Executing install in D__AgadgoanApplication_DevoteeApplicationBackend] INFO  o.eclipse.m2e.core.internal.Bundles - 	Entry: C:\Users\Admin\.p2\pool\plugins\org.eclipse.m2e.maven.runtime_3.9.900.20250220-2013\jars\wagon-http-shared-3.5.3.jar
2025-04-18 01:14:08,850 [Worker-13: Launching Executing install in D__AgadgoanApplication_DevoteeApplicationBackend] INFO  o.eclipse.m2e.core.internal.Bundles - 	Entry: C:\Users\Admin\.p2\pool\plugins\org.eclipse.m2e.maven.runtime_3.9.900.20250220-2013\jars\wagon-provider-api-3.5.3.jar
2025-04-18 01:14:08,850 [Worker-13: Launching Executing install in D__AgadgoanApplication_DevoteeApplicationBackend] INFO  o.eclipse.m2e.core.internal.Bundles - getClasspathEntries(Bundle=com.google.guava_33.4.0.jre [12])
2025-04-18 01:14:08,850 [Worker-13: Launching Executing install in D__AgadgoanApplication_DevoteeApplicationBackend] INFO  o.eclipse.m2e.core.internal.Bundles - 	Entry: C:\Users\Admin\.p2\pool\plugins\com.google.guava_33.4.0.jre.jar
2025-04-18 01:14:08,852 [Worker-13: Launching Executing install in D__AgadgoanApplication_DevoteeApplicationBackend] INFO  o.eclipse.m2e.core.internal.Bundles - getClasspathEntries(Bundle=slf4j.api_2.0.17 [589])
2025-04-18 01:14:08,852 [Worker-13: Launching Executing install in D__AgadgoanApplication_DevoteeApplicationBackend] INFO  o.eclipse.m2e.core.internal.Bundles - 	Entry: C:\Users\Admin\.p2\pool\plugins\slf4j.api_2.0.17.jar
2025-04-18 01:14:08,852 [Worker-13: Launching Executing install in D__AgadgoanApplication_DevoteeApplicationBackend] INFO  o.eclipse.m2e.core.internal.Bundles - getClasspathEntries(Bundle=jakarta.inject.jakarta.inject-api_1.0.5 [24])
2025-04-18 01:14:08,854 [Worker-13: Launching Executing install in D__AgadgoanApplication_DevoteeApplicationBackend] INFO  o.eclipse.m2e.core.internal.Bundles - 	Entry: C:\Users\Admin\.p2\pool\plugins\jakarta.inject.jakarta.inject-api_1.0.5.jar
2025-04-18 01:14:08,854 [Worker-13: Launching Executing install in D__AgadgoanApplication_DevoteeApplicationBackend] INFO  o.eclipse.m2e.core.internal.Bundles - getClasspathEntries(Bundle=jakarta.annotation-api_1.3.5 [22])
2025-04-18 01:14:08,854 [Worker-13: Launching Executing install in D__AgadgoanApplication_DevoteeApplicationBackend] INFO  o.eclipse.m2e.core.internal.Bundles - 	Entry: C:\Users\Admin\.p2\pool\plugins\jakarta.annotation-api_1.3.5.jar
2025-04-18 01:14:08,854 [Worker-13: Launching Executing install in D__AgadgoanApplication_DevoteeApplicationBackend] INFO  o.eclipse.m2e.core.internal.Bundles - getClasspathEntries(Bundle=org.apache.commons.cli_1.9.0 [48])
2025-04-18 01:14:08,856 [Worker-13: Launching Executing install in D__AgadgoanApplication_DevoteeApplicationBackend] INFO  o.eclipse.m2e.core.internal.Bundles - 	Entry: C:\Users\Admin\.p2\pool\plugins\org.apache.commons.cli_1.9.0.jar
2025-04-18 01:14:08,857 [Worker-13: Launching Executing install in D__AgadgoanApplication_DevoteeApplicationBackend] INFO  o.eclipse.m2e.core.internal.Bundles - getClasspathEntries(Bundle=org.apache.commons.commons-codec_1.16.0 [49])
2025-04-18 01:14:08,858 [Worker-13: Launching Executing install in D__AgadgoanApplication_DevoteeApplicationBackend] INFO  o.eclipse.m2e.core.internal.Bundles - 	Entry: C:\Users\Admin\.p2\pool\plugins\org.apache.commons.commons-codec_1.16.0.jar
2025-04-18 01:14:08,859 [Worker-13: Launching Executing install in D__AgadgoanApplication_DevoteeApplicationBackend] INFO  o.eclipse.m2e.core.internal.Bundles - getClasspathEntries(Bundle=com.google.guava.failureaccess_1.0.2 [13])
2025-04-18 01:14:08,862 [Worker-13: Launching Executing install in D__AgadgoanApplication_DevoteeApplicationBackend] INFO  o.eclipse.m2e.core.internal.Bundles - 	Entry: C:\Users\Admin\.p2\pool\plugins\com.google.guava.failureaccess_1.0.2.jar
2025-04-18 01:14:08,865 [Worker-13: Launching Executing install in D__AgadgoanApplication_DevoteeApplicationBackend] INFO  o.e.m.i.launch.MavenLaunchDelegate - Run build in "D:\AgadgoanApplication\DevoteeApplicationBackend":
2025-04-18 01:14:08,866 [Worker-13: Launching Executing install in D__AgadgoanApplication_DevoteeApplicationBackend] INFO  o.e.m.i.launch.MavenLaunchDelegate -  mvn  -B -Dstyle.color=always install
2025-04-18 01:15:49,920 [Worker-13: Building] INFO  o.a.m.s.f.DefaultMavenResourcesFiltering - Copying 1 resource from src\main\resources to target\classes
2025-04-18 01:15:49,928 [Worker-13: Building] INFO  o.a.m.s.f.DefaultMavenResourcesFiltering - Copying 0 resource from src\main\resources to target\classes
2025-04-18 01:15:49,944 [Worker-13: Building] INFO  o.a.m.s.f.DefaultMavenResourcesFiltering - skip non existing resourceDirectory D:\AgadgoanApplication\DevoteeApplicationBackend\src\test\resources
2025-04-18 01:20:08,175 [Worker-15: Building] INFO  o.a.m.s.f.DefaultMavenResourcesFiltering - Copying 1 resource from src\main\resources to target\classes
2025-04-18 01:20:08,208 [Worker-15: Building] INFO  o.a.m.s.f.DefaultMavenResourcesFiltering - Copying 0 resource from src\main\resources to target\classes
2025-04-18 01:20:08,217 [Worker-15: Building] INFO  o.a.m.s.f.DefaultMavenResourcesFiltering - skip non existing resourceDirectory D:\AgadgoanApplication\DevoteeApplicationBackend\src\test\resources
2025-04-18 01:20:15,252 [Worker-17: Launching Executing install in D__AgadgoanApplication_DevoteeApplicationBackend] INFO  o.eclipse.m2e.core.internal.Bundles - getClasspathEntries(Bundle=org.eclipse.m2e.maven.runtime_3.9.900.20250220-2013 [296])
2025-04-18 01:20:15,262 [Worker-17: Launching Executing install in D__AgadgoanApplication_DevoteeApplicationBackend] INFO  o.eclipse.m2e.core.internal.Bundles - 	Entry: C:\Users\Admin\.p2\pool\plugins\org.eclipse.m2e.maven.runtime_3.9.900.20250220-2013
2025-04-18 01:20:15,263 [Worker-17: Launching Executing install in D__AgadgoanApplication_DevoteeApplicationBackend] INFO  o.eclipse.m2e.core.internal.Bundles - 	Entry: C:\Users\Admin\.p2\pool\plugins\org.eclipse.m2e.maven.runtime_3.9.900.20250220-2013\jars\aopalliance-1.0.jar
2025-04-18 01:20:15,263 [Worker-17: Launching Executing install in D__AgadgoanApplication_DevoteeApplicationBackend] INFO  o.eclipse.m2e.core.internal.Bundles - 	Entry: C:\Users\Admin\.p2\pool\plugins\org.eclipse.m2e.maven.runtime_3.9.900.20250220-2013\jars\guice-5.1.0.jar
2025-04-18 01:20:15,264 [Worker-17: Launching Executing install in D__AgadgoanApplication_DevoteeApplicationBackend] INFO  o.eclipse.m2e.core.internal.Bundles - 	Entry: C:\Users\Admin\.p2\pool\plugins\org.eclipse.m2e.maven.runtime_3.9.900.20250220-2013\jars\httpclient-4.5.14.jar
2025-04-18 01:20:15,266 [Worker-17: Launching Executing install in D__AgadgoanApplication_DevoteeApplicationBackend] INFO  o.eclipse.m2e.core.internal.Bundles - 	Entry: C:\Users\Admin\.p2\pool\plugins\org.eclipse.m2e.maven.runtime_3.9.900.20250220-2013\jars\httpcore-4.4.16.jar
2025-04-18 01:20:15,267 [Worker-17: Launching Executing install in D__AgadgoanApplication_DevoteeApplicationBackend] INFO  o.eclipse.m2e.core.internal.Bundles - 	Entry: C:\Users\Admin\.p2\pool\plugins\org.eclipse.m2e.maven.runtime_3.9.900.20250220-2013\jars\jansi-2.4.1.jar
2025-04-18 01:20:15,269 [Worker-17: Launching Executing install in D__AgadgoanApplication_DevoteeApplicationBackend] INFO  o.eclipse.m2e.core.internal.Bundles - 	Entry: C:\Users\Admin\.p2\pool\plugins\org.eclipse.m2e.maven.runtime_3.9.900.20250220-2013\jars\jcl-over-slf4j-1.7.36.jar
2025-04-18 01:20:15,272 [Worker-17: Launching Executing install in D__AgadgoanApplication_DevoteeApplicationBackend] INFO  o.eclipse.m2e.core.internal.Bundles - 	Entry: C:\Users\Admin\.p2\pool\plugins\org.eclipse.m2e.maven.runtime_3.9.900.20250220-2013\jars\maven-artifact-3.9.9.jar
2025-04-18 01:20:15,273 [Worker-17: Launching Executing install in D__AgadgoanApplication_DevoteeApplicationBackend] INFO  o.eclipse.m2e.core.internal.Bundles - 	Entry: C:\Users\Admin\.p2\pool\plugins\org.eclipse.m2e.maven.runtime_3.9.900.20250220-2013\jars\maven-builder-support-3.9.9.jar
2025-04-18 01:20:15,273 [Worker-17: Launching Executing install in D__AgadgoanApplication_DevoteeApplicationBackend] INFO  o.eclipse.m2e.core.internal.Bundles - 	Entry: C:\Users\Admin\.p2\pool\plugins\org.eclipse.m2e.maven.runtime_3.9.900.20250220-2013\jars\maven-compat-3.9.9.jar
2025-04-18 01:20:15,274 [Worker-17: Launching Executing install in D__AgadgoanApplication_DevoteeApplicationBackend] INFO  o.eclipse.m2e.core.internal.Bundles - 	Entry: C:\Users\Admin\.p2\pool\plugins\org.eclipse.m2e.maven.runtime_3.9.900.20250220-2013\jars\maven-core-3.9.9.jar
2025-04-18 01:20:15,274 [Worker-17: Launching Executing install in D__AgadgoanApplication_DevoteeApplicationBackend] INFO  o.eclipse.m2e.core.internal.Bundles - 	Entry: C:\Users\Admin\.p2\pool\plugins\org.eclipse.m2e.maven.runtime_3.9.900.20250220-2013\jars\maven-embedder-3.9.9.jar
2025-04-18 01:20:15,275 [Worker-17: Launching Executing install in D__AgadgoanApplication_DevoteeApplicationBackend] INFO  o.eclipse.m2e.core.internal.Bundles - 	Entry: C:\Users\Admin\.p2\pool\plugins\org.eclipse.m2e.maven.runtime_3.9.900.20250220-2013\jars\maven-model-3.9.9.jar
2025-04-18 01:20:15,275 [Worker-17: Launching Executing install in D__AgadgoanApplication_DevoteeApplicationBackend] INFO  o.eclipse.m2e.core.internal.Bundles - 	Entry: C:\Users\Admin\.p2\pool\plugins\org.eclipse.m2e.maven.runtime_3.9.900.20250220-2013\jars\maven-model-builder-3.9.9.jar
2025-04-18 01:20:15,275 [Worker-17: Launching Executing install in D__AgadgoanApplication_DevoteeApplicationBackend] INFO  o.eclipse.m2e.core.internal.Bundles - 	Entry: C:\Users\Admin\.p2\pool\plugins\org.eclipse.m2e.maven.runtime_3.9.900.20250220-2013\jars\maven-plugin-api-3.9.9.jar
2025-04-18 01:20:15,275 [Worker-17: Launching Executing install in D__AgadgoanApplication_DevoteeApplicationBackend] INFO  o.eclipse.m2e.core.internal.Bundles - 	Entry: C:\Users\Admin\.p2\pool\plugins\org.eclipse.m2e.maven.runtime_3.9.900.20250220-2013\jars\maven-repository-metadata-3.9.9.jar
2025-04-18 01:20:15,276 [Worker-17: Launching Executing install in D__AgadgoanApplication_DevoteeApplicationBackend] INFO  o.eclipse.m2e.core.internal.Bundles - 	Entry: C:\Users\Admin\.p2\pool\plugins\org.eclipse.m2e.maven.runtime_3.9.900.20250220-2013\jars\maven-resolver-api-1.9.22.jar
2025-04-18 01:20:15,277 [Worker-17: Launching Executing install in D__AgadgoanApplication_DevoteeApplicationBackend] INFO  o.eclipse.m2e.core.internal.Bundles - 	Entry: C:\Users\Admin\.p2\pool\plugins\org.eclipse.m2e.maven.runtime_3.9.900.20250220-2013\jars\maven-resolver-connector-basic-1.9.22.jar
2025-04-18 01:20:15,277 [Worker-17: Launching Executing install in D__AgadgoanApplication_DevoteeApplicationBackend] INFO  o.eclipse.m2e.core.internal.Bundles - 	Entry: C:\Users\Admin\.p2\pool\plugins\org.eclipse.m2e.maven.runtime_3.9.900.20250220-2013\jars\maven-resolver-impl-1.9.22.jar
2025-04-18 01:20:15,278 [Worker-17: Launching Executing install in D__AgadgoanApplication_DevoteeApplicationBackend] INFO  o.eclipse.m2e.core.internal.Bundles - 	Entry: C:\Users\Admin\.p2\pool\plugins\org.eclipse.m2e.maven.runtime_3.9.900.20250220-2013\jars\maven-resolver-named-locks-1.9.22.jar
2025-04-18 01:20:15,278 [Worker-17: Launching Executing install in D__AgadgoanApplication_DevoteeApplicationBackend] INFO  o.eclipse.m2e.core.internal.Bundles - 	Entry: C:\Users\Admin\.p2\pool\plugins\org.eclipse.m2e.maven.runtime_3.9.900.20250220-2013\jars\maven-resolver-provider-3.9.9.jar
2025-04-18 01:20:15,278 [Worker-17: Launching Executing install in D__AgadgoanApplication_DevoteeApplicationBackend] INFO  o.eclipse.m2e.core.internal.Bundles - 	Entry: C:\Users\Admin\.p2\pool\plugins\org.eclipse.m2e.maven.runtime_3.9.900.20250220-2013\jars\maven-resolver-spi-1.9.22.jar
2025-04-18 01:20:15,279 [Worker-17: Launching Executing install in D__AgadgoanApplication_DevoteeApplicationBackend] INFO  o.eclipse.m2e.core.internal.Bundles - 	Entry: C:\Users\Admin\.p2\pool\plugins\org.eclipse.m2e.maven.runtime_3.9.900.20250220-2013\jars\maven-resolver-transport-file-1.9.22.jar
2025-04-18 01:20:15,279 [Worker-17: Launching Executing install in D__AgadgoanApplication_DevoteeApplicationBackend] INFO  o.eclipse.m2e.core.internal.Bundles - 	Entry: C:\Users\Admin\.p2\pool\plugins\org.eclipse.m2e.maven.runtime_3.9.900.20250220-2013\jars\maven-resolver-transport-http-1.9.22.jar
2025-04-18 01:20:15,279 [Worker-17: Launching Executing install in D__AgadgoanApplication_DevoteeApplicationBackend] INFO  o.eclipse.m2e.core.internal.Bundles - 	Entry: C:\Users\Admin\.p2\pool\plugins\org.eclipse.m2e.maven.runtime_3.9.900.20250220-2013\jars\maven-resolver-transport-wagon-1.9.22.jar
2025-04-18 01:20:15,279 [Worker-17: Launching Executing install in D__AgadgoanApplication_DevoteeApplicationBackend] INFO  o.eclipse.m2e.core.internal.Bundles - 	Entry: C:\Users\Admin\.p2\pool\plugins\org.eclipse.m2e.maven.runtime_3.9.900.20250220-2013\jars\maven-resolver-util-1.9.22.jar
2025-04-18 01:20:15,280 [Worker-17: Launching Executing install in D__AgadgoanApplication_DevoteeApplicationBackend] INFO  o.eclipse.m2e.core.internal.Bundles - 	Entry: C:\Users\Admin\.p2\pool\plugins\org.eclipse.m2e.maven.runtime_3.9.900.20250220-2013\jars\maven-settings-3.9.9.jar
2025-04-18 01:20:15,280 [Worker-17: Launching Executing install in D__AgadgoanApplication_DevoteeApplicationBackend] INFO  o.eclipse.m2e.core.internal.Bundles - 	Entry: C:\Users\Admin\.p2\pool\plugins\org.eclipse.m2e.maven.runtime_3.9.900.20250220-2013\jars\maven-settings-builder-3.9.9.jar
2025-04-18 01:20:15,280 [Worker-17: Launching Executing install in D__AgadgoanApplication_DevoteeApplicationBackend] INFO  o.eclipse.m2e.core.internal.Bundles - 	Entry: C:\Users\Admin\.p2\pool\plugins\org.eclipse.m2e.maven.runtime_3.9.900.20250220-2013\jars\maven-shared-utils-3.4.2.jar
2025-04-18 01:20:15,280 [Worker-17: Launching Executing install in D__AgadgoanApplication_DevoteeApplicationBackend] INFO  o.eclipse.m2e.core.internal.Bundles - 	Entry: C:\Users\Admin\.p2\pool\plugins\org.eclipse.m2e.maven.runtime_3.9.900.20250220-2013\jars\org.eclipse.sisu.inject-0.9.0.M3.jar
2025-04-18 01:20:15,281 [Worker-17: Launching Executing install in D__AgadgoanApplication_DevoteeApplicationBackend] INFO  o.eclipse.m2e.core.internal.Bundles - 	Entry: C:\Users\Admin\.p2\pool\plugins\org.eclipse.m2e.maven.runtime_3.9.900.20250220-2013\jars\org.eclipse.sisu.plexus-0.9.0.M3.jar
2025-04-18 01:20:15,281 [Worker-17: Launching Executing install in D__AgadgoanApplication_DevoteeApplicationBackend] INFO  o.eclipse.m2e.core.internal.Bundles - 	Entry: C:\Users\Admin\.p2\pool\plugins\org.eclipse.m2e.maven.runtime_3.9.900.20250220-2013\jars\plexus-build-api-0.0.7.jar
2025-04-18 01:20:15,281 [Worker-17: Launching Executing install in D__AgadgoanApplication_DevoteeApplicationBackend] INFO  o.eclipse.m2e.core.internal.Bundles - 	Entry: C:\Users\Admin\.p2\pool\plugins\org.eclipse.m2e.maven.runtime_3.9.900.20250220-2013\jars\plexus-build-api-1.2.0.jar
2025-04-18 01:20:15,281 [Worker-17: Launching Executing install in D__AgadgoanApplication_DevoteeApplicationBackend] INFO  o.eclipse.m2e.core.internal.Bundles - 	Entry: C:\Users\Admin\.p2\pool\plugins\org.eclipse.m2e.maven.runtime_3.9.900.20250220-2013\jars\plexus-cipher-2.0.jar
2025-04-18 01:20:15,282 [Worker-17: Launching Executing install in D__AgadgoanApplication_DevoteeApplicationBackend] INFO  o.eclipse.m2e.core.internal.Bundles - 	Entry: C:\Users\Admin\.p2\pool\plugins\org.eclipse.m2e.maven.runtime_3.9.900.20250220-2013\jars\plexus-classworlds-2.8.0.jar
2025-04-18 01:20:15,282 [Worker-17: Launching Executing install in D__AgadgoanApplication_DevoteeApplicationBackend] INFO  o.eclipse.m2e.core.internal.Bundles - 	Entry: C:\Users\Admin\.p2\pool\plugins\org.eclipse.m2e.maven.runtime_3.9.900.20250220-2013\jars\plexus-component-annotations-2.1.0.jar
2025-04-18 01:20:15,282 [Worker-17: Launching Executing install in D__AgadgoanApplication_DevoteeApplicationBackend] INFO  o.eclipse.m2e.core.internal.Bundles - 	Entry: C:\Users\Admin\.p2\pool\plugins\org.eclipse.m2e.maven.runtime_3.9.900.20250220-2013\jars\plexus-interpolation-1.27.jar
2025-04-18 01:20:15,282 [Worker-17: Launching Executing install in D__AgadgoanApplication_DevoteeApplicationBackend] INFO  o.eclipse.m2e.core.internal.Bundles - 	Entry: C:\Users\Admin\.p2\pool\plugins\org.eclipse.m2e.maven.runtime_3.9.900.20250220-2013\jars\plexus-sec-dispatcher-2.0.jar
2025-04-18 01:20:15,282 [Worker-17: Launching Executing install in D__AgadgoanApplication_DevoteeApplicationBackend] INFO  o.eclipse.m2e.core.internal.Bundles - 	Entry: C:\Users\Admin\.p2\pool\plugins\org.eclipse.m2e.maven.runtime_3.9.900.20250220-2013\jars\plexus-utils-3.5.1.jar
2025-04-18 01:20:15,283 [Worker-17: Launching Executing install in D__AgadgoanApplication_DevoteeApplicationBackend] INFO  o.eclipse.m2e.core.internal.Bundles - 	Entry: C:\Users\Admin\.p2\pool\plugins\org.eclipse.m2e.maven.runtime_3.9.900.20250220-2013\jars\plexus-xml-3.0.1.jar
2025-04-18 01:20:15,283 [Worker-17: Launching Executing install in D__AgadgoanApplication_DevoteeApplicationBackend] INFO  o.eclipse.m2e.core.internal.Bundles - 	Entry: C:\Users\Admin\.p2\pool\plugins\org.eclipse.m2e.maven.runtime_3.9.900.20250220-2013\jars\wagon-file-3.5.3.jar
2025-04-18 01:20:15,283 [Worker-17: Launching Executing install in D__AgadgoanApplication_DevoteeApplicationBackend] INFO  o.eclipse.m2e.core.internal.Bundles - 	Entry: C:\Users\Admin\.p2\pool\plugins\org.eclipse.m2e.maven.runtime_3.9.900.20250220-2013\jars\wagon-http-3.5.3.jar
2025-04-18 01:20:15,283 [Worker-17: Launching Executing install in D__AgadgoanApplication_DevoteeApplicationBackend] INFO  o.eclipse.m2e.core.internal.Bundles - 	Entry: C:\Users\Admin\.p2\pool\plugins\org.eclipse.m2e.maven.runtime_3.9.900.20250220-2013\jars\wagon-http-shared-3.5.3.jar
2025-04-18 01:20:15,284 [Worker-17: Launching Executing install in D__AgadgoanApplication_DevoteeApplicationBackend] INFO  o.eclipse.m2e.core.internal.Bundles - 	Entry: C:\Users\Admin\.p2\pool\plugins\org.eclipse.m2e.maven.runtime_3.9.900.20250220-2013\jars\wagon-provider-api-3.5.3.jar
2025-04-18 01:20:15,284 [Worker-17: Launching Executing install in D__AgadgoanApplication_DevoteeApplicationBackend] INFO  o.eclipse.m2e.core.internal.Bundles - getClasspathEntries(Bundle=com.google.guava_33.4.0.jre [12])
2025-04-18 01:20:15,285 [Worker-17: Launching Executing install in D__AgadgoanApplication_DevoteeApplicationBackend] INFO  o.eclipse.m2e.core.internal.Bundles - 	Entry: C:\Users\Admin\.p2\pool\plugins\com.google.guava_33.4.0.jre.jar
2025-04-18 01:20:15,285 [Worker-17: Launching Executing install in D__AgadgoanApplication_DevoteeApplicationBackend] INFO  o.eclipse.m2e.core.internal.Bundles - getClasspathEntries(Bundle=slf4j.api_2.0.17 [589])
2025-04-18 01:20:15,287 [Worker-17: Launching Executing install in D__AgadgoanApplication_DevoteeApplicationBackend] INFO  o.eclipse.m2e.core.internal.Bundles - 	Entry: C:\Users\Admin\.p2\pool\plugins\slf4j.api_2.0.17.jar
2025-04-18 01:20:15,288 [Worker-17: Launching Executing install in D__AgadgoanApplication_DevoteeApplicationBackend] INFO  o.eclipse.m2e.core.internal.Bundles - getClasspathEntries(Bundle=jakarta.inject.jakarta.inject-api_1.0.5 [24])
2025-04-18 01:20:15,289 [Worker-17: Launching Executing install in D__AgadgoanApplication_DevoteeApplicationBackend] INFO  o.eclipse.m2e.core.internal.Bundles - 	Entry: C:\Users\Admin\.p2\pool\plugins\jakarta.inject.jakarta.inject-api_1.0.5.jar
2025-04-18 01:20:15,289 [Worker-17: Launching Executing install in D__AgadgoanApplication_DevoteeApplicationBackend] INFO  o.eclipse.m2e.core.internal.Bundles - getClasspathEntries(Bundle=jakarta.annotation-api_1.3.5 [22])
2025-04-18 01:20:15,290 [Worker-17: Launching Executing install in D__AgadgoanApplication_DevoteeApplicationBackend] INFO  o.eclipse.m2e.core.internal.Bundles - 	Entry: C:\Users\Admin\.p2\pool\plugins\jakarta.annotation-api_1.3.5.jar
2025-04-18 01:20:15,290 [Worker-17: Launching Executing install in D__AgadgoanApplication_DevoteeApplicationBackend] INFO  o.eclipse.m2e.core.internal.Bundles - getClasspathEntries(Bundle=org.apache.commons.cli_1.9.0 [48])
2025-04-18 01:20:15,291 [Worker-17: Launching Executing install in D__AgadgoanApplication_DevoteeApplicationBackend] INFO  o.eclipse.m2e.core.internal.Bundles - 	Entry: C:\Users\Admin\.p2\pool\plugins\org.apache.commons.cli_1.9.0.jar
2025-04-18 01:20:15,292 [Worker-17: Launching Executing install in D__AgadgoanApplication_DevoteeApplicationBackend] INFO  o.eclipse.m2e.core.internal.Bundles - getClasspathEntries(Bundle=org.apache.commons.commons-codec_1.16.0 [49])
2025-04-18 01:20:15,293 [Worker-17: Launching Executing install in D__AgadgoanApplication_DevoteeApplicationBackend] INFO  o.eclipse.m2e.core.internal.Bundles - 	Entry: C:\Users\Admin\.p2\pool\plugins\org.apache.commons.commons-codec_1.16.0.jar
2025-04-18 01:20:15,293 [Worker-17: Launching Executing install in D__AgadgoanApplication_DevoteeApplicationBackend] INFO  o.eclipse.m2e.core.internal.Bundles - getClasspathEntries(Bundle=com.google.guava.failureaccess_1.0.2 [13])
2025-04-18 01:20:15,295 [Worker-17: Launching Executing install in D__AgadgoanApplication_DevoteeApplicationBackend] INFO  o.eclipse.m2e.core.internal.Bundles - 	Entry: C:\Users\Admin\.p2\pool\plugins\com.google.guava.failureaccess_1.0.2.jar
2025-04-18 01:20:15,298 [Worker-17: Launching Executing install in D__AgadgoanApplication_DevoteeApplicationBackend] INFO  o.e.m.i.launch.MavenLaunchDelegate - Run build in "D:\AgadgoanApplication\DevoteeApplicationBackend":
2025-04-18 01:20:15,301 [Worker-17: Launching Executing install in D__AgadgoanApplication_DevoteeApplicationBackend] INFO  o.e.m.i.launch.MavenLaunchDelegate -  mvn  -B -Dstyle.color=always install
2025-04-18 09:44:01,223 [Worker-0: Loading available Gradle versions] INFO  o.e.b.c.i.u.g.PublishedGradleVersions - Gradle version information cache is up-to-date. Trying to read.
2025-04-18 09:47:46,734 [Worker-11: Building] INFO  o.a.m.s.f.DefaultMavenResourcesFiltering - Copying 1 resource from src\main\resources to target\classes
2025-04-18 09:47:46,763 [Worker-11: Building] INFO  o.a.m.s.f.DefaultMavenResourcesFiltering - Copying 0 resource from src\main\resources to target\classes
2025-04-18 09:47:46,772 [Worker-11: Building] INFO  o.a.m.s.f.DefaultMavenResourcesFiltering - skip non existing resourceDirectory D:\AgadgoanApplication\DevoteeApplicationBackend\src\test\resources
2025-04-18 09:51:40,124 [Worker-13: Building] INFO  o.a.m.s.f.DefaultMavenResourcesFiltering - Copying 1 resource from src\main\resources to target\classes
2025-04-18 09:51:40,142 [Worker-13: Building] INFO  o.a.m.s.f.DefaultMavenResourcesFiltering - Copying 0 resource from src\main\resources to target\classes
2025-04-18 09:51:40,151 [Worker-13: Building] INFO  o.a.m.s.f.DefaultMavenResourcesFiltering - skip non existing resourceDirectory D:\AgadgoanApplication\DevoteeApplicationBackend\src\test\resources
2025-04-18 09:55:30,435 [Worker-16: Building] INFO  o.a.m.s.f.DefaultMavenResourcesFiltering - Copying 1 resource from src\main\resources to target\classes
2025-04-18 09:55:30,445 [Worker-16: Building] INFO  o.a.m.s.f.DefaultMavenResourcesFiltering - Copying 0 resource from src\main\resources to target\classes
2025-04-18 09:55:30,450 [Worker-16: Building] INFO  o.a.m.s.f.DefaultMavenResourcesFiltering - skip non existing resourceDirectory D:\AgadgoanApplication\DevoteeApplicationBackend\src\test\resources
2025-04-18 13:41:14,134 [Worker-0: Loading available Gradle versions] INFO  o.e.b.c.i.u.g.PublishedGradleVersions - Gradle version information cache is up-to-date. Trying to read.
2025-04-18 13:44:24,860 [Worker-3: Building] INFO  o.a.m.s.f.DefaultMavenResourcesFiltering - Copying 1 resource from src\main\resources to target\classes
2025-04-18 13:44:24,893 [Worker-3: Building] INFO  o.a.m.s.f.DefaultMavenResourcesFiltering - Copying 0 resource from src\main\resources to target\classes
2025-04-18 13:44:24,902 [Worker-3: Building] INFO  o.a.m.s.f.DefaultMavenResourcesFiltering - skip non existing resourceDirectory D:\AgadgoanApplication\DevoteeApplicationBackend\src\test\resources
2025-04-18 13:46:06,710 [Worker-5: Launching Executing clean in D__AgadgoanApplication_DevoteeApplicationBackend] INFO  o.eclipse.m2e.core.internal.Bundles - getClasspathEntries(Bundle=org.eclipse.m2e.maven.runtime_3.9.900.20250220-2013 [296])
2025-04-18 13:46:06,713 [Worker-5: Launching Executing clean in D__AgadgoanApplication_DevoteeApplicationBackend] INFO  o.eclipse.m2e.core.internal.Bundles - 	Entry: C:\Users\Admin\.p2\pool\plugins\org.eclipse.m2e.maven.runtime_3.9.900.20250220-2013
2025-04-18 13:46:06,714 [Worker-5: Launching Executing clean in D__AgadgoanApplication_DevoteeApplicationBackend] INFO  o.eclipse.m2e.core.internal.Bundles - 	Entry: C:\Users\Admin\.p2\pool\plugins\org.eclipse.m2e.maven.runtime_3.9.900.20250220-2013\jars\aopalliance-1.0.jar
2025-04-18 13:46:06,714 [Worker-5: Launching Executing clean in D__AgadgoanApplication_DevoteeApplicationBackend] INFO  o.eclipse.m2e.core.internal.Bundles - 	Entry: C:\Users\Admin\.p2\pool\plugins\org.eclipse.m2e.maven.runtime_3.9.900.20250220-2013\jars\guice-5.1.0.jar
2025-04-18 13:46:06,714 [Worker-5: Launching Executing clean in D__AgadgoanApplication_DevoteeApplicationBackend] INFO  o.eclipse.m2e.core.internal.Bundles - 	Entry: C:\Users\Admin\.p2\pool\plugins\org.eclipse.m2e.maven.runtime_3.9.900.20250220-2013\jars\httpclient-4.5.14.jar
2025-04-18 13:46:06,715 [Worker-5: Launching Executing clean in D__AgadgoanApplication_DevoteeApplicationBackend] INFO  o.eclipse.m2e.core.internal.Bundles - 	Entry: C:\Users\Admin\.p2\pool\plugins\org.eclipse.m2e.maven.runtime_3.9.900.20250220-2013\jars\httpcore-4.4.16.jar
2025-04-18 13:46:06,715 [Worker-5: Launching Executing clean in D__AgadgoanApplication_DevoteeApplicationBackend] INFO  o.eclipse.m2e.core.internal.Bundles - 	Entry: C:\Users\Admin\.p2\pool\plugins\org.eclipse.m2e.maven.runtime_3.9.900.20250220-2013\jars\jansi-2.4.1.jar
2025-04-18 13:46:06,715 [Worker-5: Launching Executing clean in D__AgadgoanApplication_DevoteeApplicationBackend] INFO  o.eclipse.m2e.core.internal.Bundles - 	Entry: C:\Users\Admin\.p2\pool\plugins\org.eclipse.m2e.maven.runtime_3.9.900.20250220-2013\jars\jcl-over-slf4j-1.7.36.jar
2025-04-18 13:46:06,716 [Worker-5: Launching Executing clean in D__AgadgoanApplication_DevoteeApplicationBackend] INFO  o.eclipse.m2e.core.internal.Bundles - 	Entry: C:\Users\Admin\.p2\pool\plugins\org.eclipse.m2e.maven.runtime_3.9.900.20250220-2013\jars\maven-artifact-3.9.9.jar
2025-04-18 13:46:06,717 [Worker-5: Launching Executing clean in D__AgadgoanApplication_DevoteeApplicationBackend] INFO  o.eclipse.m2e.core.internal.Bundles - 	Entry: C:\Users\Admin\.p2\pool\plugins\org.eclipse.m2e.maven.runtime_3.9.900.20250220-2013\jars\maven-builder-support-3.9.9.jar
2025-04-18 13:46:06,717 [Worker-5: Launching Executing clean in D__AgadgoanApplication_DevoteeApplicationBackend] INFO  o.eclipse.m2e.core.internal.Bundles - 	Entry: C:\Users\Admin\.p2\pool\plugins\org.eclipse.m2e.maven.runtime_3.9.900.20250220-2013\jars\maven-compat-3.9.9.jar
2025-04-18 13:46:06,717 [Worker-5: Launching Executing clean in D__AgadgoanApplication_DevoteeApplicationBackend] INFO  o.eclipse.m2e.core.internal.Bundles - 	Entry: C:\Users\Admin\.p2\pool\plugins\org.eclipse.m2e.maven.runtime_3.9.900.20250220-2013\jars\maven-core-3.9.9.jar
2025-04-18 13:46:06,717 [Worker-5: Launching Executing clean in D__AgadgoanApplication_DevoteeApplicationBackend] INFO  o.eclipse.m2e.core.internal.Bundles - 	Entry: C:\Users\Admin\.p2\pool\plugins\org.eclipse.m2e.maven.runtime_3.9.900.20250220-2013\jars\maven-embedder-3.9.9.jar
2025-04-18 13:46:06,718 [Worker-5: Launching Executing clean in D__AgadgoanApplication_DevoteeApplicationBackend] INFO  o.eclipse.m2e.core.internal.Bundles - 	Entry: C:\Users\Admin\.p2\pool\plugins\org.eclipse.m2e.maven.runtime_3.9.900.20250220-2013\jars\maven-model-3.9.9.jar
2025-04-18 13:46:06,718 [Worker-5: Launching Executing clean in D__AgadgoanApplication_DevoteeApplicationBackend] INFO  o.eclipse.m2e.core.internal.Bundles - 	Entry: C:\Users\Admin\.p2\pool\plugins\org.eclipse.m2e.maven.runtime_3.9.900.20250220-2013\jars\maven-model-builder-3.9.9.jar
2025-04-18 13:46:06,718 [Worker-5: Launching Executing clean in D__AgadgoanApplication_DevoteeApplicationBackend] INFO  o.eclipse.m2e.core.internal.Bundles - 	Entry: C:\Users\Admin\.p2\pool\plugins\org.eclipse.m2e.maven.runtime_3.9.900.20250220-2013\jars\maven-plugin-api-3.9.9.jar
2025-04-18 13:46:06,718 [Worker-5: Launching Executing clean in D__AgadgoanApplication_DevoteeApplicationBackend] INFO  o.eclipse.m2e.core.internal.Bundles - 	Entry: C:\Users\Admin\.p2\pool\plugins\org.eclipse.m2e.maven.runtime_3.9.900.20250220-2013\jars\maven-repository-metadata-3.9.9.jar
2025-04-18 13:46:06,719 [Worker-5: Launching Executing clean in D__AgadgoanApplication_DevoteeApplicationBackend] INFO  o.eclipse.m2e.core.internal.Bundles - 	Entry: C:\Users\Admin\.p2\pool\plugins\org.eclipse.m2e.maven.runtime_3.9.900.20250220-2013\jars\maven-resolver-api-1.9.22.jar
2025-04-18 13:46:06,719 [Worker-5: Launching Executing clean in D__AgadgoanApplication_DevoteeApplicationBackend] INFO  o.eclipse.m2e.core.internal.Bundles - 	Entry: C:\Users\Admin\.p2\pool\plugins\org.eclipse.m2e.maven.runtime_3.9.900.20250220-2013\jars\maven-resolver-connector-basic-1.9.22.jar
2025-04-18 13:46:06,719 [Worker-5: Launching Executing clean in D__AgadgoanApplication_DevoteeApplicationBackend] INFO  o.eclipse.m2e.core.internal.Bundles - 	Entry: C:\Users\Admin\.p2\pool\plugins\org.eclipse.m2e.maven.runtime_3.9.900.20250220-2013\jars\maven-resolver-impl-1.9.22.jar
2025-04-18 13:46:06,719 [Worker-5: Launching Executing clean in D__AgadgoanApplication_DevoteeApplicationBackend] INFO  o.eclipse.m2e.core.internal.Bundles - 	Entry: C:\Users\Admin\.p2\pool\plugins\org.eclipse.m2e.maven.runtime_3.9.900.20250220-2013\jars\maven-resolver-named-locks-1.9.22.jar
2025-04-18 13:46:06,719 [Worker-5: Launching Executing clean in D__AgadgoanApplication_DevoteeApplicationBackend] INFO  o.eclipse.m2e.core.internal.Bundles - 	Entry: C:\Users\Admin\.p2\pool\plugins\org.eclipse.m2e.maven.runtime_3.9.900.20250220-2013\jars\maven-resolver-provider-3.9.9.jar
2025-04-18 13:46:06,720 [Worker-5: Launching Executing clean in D__AgadgoanApplication_DevoteeApplicationBackend] INFO  o.eclipse.m2e.core.internal.Bundles - 	Entry: C:\Users\Admin\.p2\pool\plugins\org.eclipse.m2e.maven.runtime_3.9.900.20250220-2013\jars\maven-resolver-spi-1.9.22.jar
2025-04-18 13:46:06,720 [Worker-5: Launching Executing clean in D__AgadgoanApplication_DevoteeApplicationBackend] INFO  o.eclipse.m2e.core.internal.Bundles - 	Entry: C:\Users\Admin\.p2\pool\plugins\org.eclipse.m2e.maven.runtime_3.9.900.20250220-2013\jars\maven-resolver-transport-file-1.9.22.jar
2025-04-18 13:46:06,720 [Worker-5: Launching Executing clean in D__AgadgoanApplication_DevoteeApplicationBackend] INFO  o.eclipse.m2e.core.internal.Bundles - 	Entry: C:\Users\Admin\.p2\pool\plugins\org.eclipse.m2e.maven.runtime_3.9.900.20250220-2013\jars\maven-resolver-transport-http-1.9.22.jar
2025-04-18 13:46:06,720 [Worker-5: Launching Executing clean in D__AgadgoanApplication_DevoteeApplicationBackend] INFO  o.eclipse.m2e.core.internal.Bundles - 	Entry: C:\Users\Admin\.p2\pool\plugins\org.eclipse.m2e.maven.runtime_3.9.900.20250220-2013\jars\maven-resolver-transport-wagon-1.9.22.jar
2025-04-18 13:46:06,721 [Worker-5: Launching Executing clean in D__AgadgoanApplication_DevoteeApplicationBackend] INFO  o.eclipse.m2e.core.internal.Bundles - 	Entry: C:\Users\Admin\.p2\pool\plugins\org.eclipse.m2e.maven.runtime_3.9.900.20250220-2013\jars\maven-resolver-util-1.9.22.jar
2025-04-18 13:46:06,721 [Worker-5: Launching Executing clean in D__AgadgoanApplication_DevoteeApplicationBackend] INFO  o.eclipse.m2e.core.internal.Bundles - 	Entry: C:\Users\Admin\.p2\pool\plugins\org.eclipse.m2e.maven.runtime_3.9.900.20250220-2013\jars\maven-settings-3.9.9.jar
2025-04-18 13:46:06,721 [Worker-5: Launching Executing clean in D__AgadgoanApplication_DevoteeApplicationBackend] INFO  o.eclipse.m2e.core.internal.Bundles - 	Entry: C:\Users\Admin\.p2\pool\plugins\org.eclipse.m2e.maven.runtime_3.9.900.20250220-2013\jars\maven-settings-builder-3.9.9.jar
2025-04-18 13:46:06,721 [Worker-5: Launching Executing clean in D__AgadgoanApplication_DevoteeApplicationBackend] INFO  o.eclipse.m2e.core.internal.Bundles - 	Entry: C:\Users\Admin\.p2\pool\plugins\org.eclipse.m2e.maven.runtime_3.9.900.20250220-2013\jars\maven-shared-utils-3.4.2.jar
2025-04-18 13:46:06,721 [Worker-5: Launching Executing clean in D__AgadgoanApplication_DevoteeApplicationBackend] INFO  o.eclipse.m2e.core.internal.Bundles - 	Entry: C:\Users\Admin\.p2\pool\plugins\org.eclipse.m2e.maven.runtime_3.9.900.20250220-2013\jars\org.eclipse.sisu.inject-0.9.0.M3.jar
2025-04-18 13:46:06,722 [Worker-5: Launching Executing clean in D__AgadgoanApplication_DevoteeApplicationBackend] INFO  o.eclipse.m2e.core.internal.Bundles - 	Entry: C:\Users\Admin\.p2\pool\plugins\org.eclipse.m2e.maven.runtime_3.9.900.20250220-2013\jars\org.eclipse.sisu.plexus-0.9.0.M3.jar
2025-04-18 13:46:06,722 [Worker-5: Launching Executing clean in D__AgadgoanApplication_DevoteeApplicationBackend] INFO  o.eclipse.m2e.core.internal.Bundles - 	Entry: C:\Users\Admin\.p2\pool\plugins\org.eclipse.m2e.maven.runtime_3.9.900.20250220-2013\jars\plexus-build-api-0.0.7.jar
2025-04-18 13:46:06,722 [Worker-5: Launching Executing clean in D__AgadgoanApplication_DevoteeApplicationBackend] INFO  o.eclipse.m2e.core.internal.Bundles - 	Entry: C:\Users\Admin\.p2\pool\plugins\org.eclipse.m2e.maven.runtime_3.9.900.20250220-2013\jars\plexus-build-api-1.2.0.jar
2025-04-18 13:46:06,723 [Worker-5: Launching Executing clean in D__AgadgoanApplication_DevoteeApplicationBackend] INFO  o.eclipse.m2e.core.internal.Bundles - 	Entry: C:\Users\Admin\.p2\pool\plugins\org.eclipse.m2e.maven.runtime_3.9.900.20250220-2013\jars\plexus-cipher-2.0.jar
2025-04-18 13:46:06,723 [Worker-5: Launching Executing clean in D__AgadgoanApplication_DevoteeApplicationBackend] INFO  o.eclipse.m2e.core.internal.Bundles - 	Entry: C:\Users\Admin\.p2\pool\plugins\org.eclipse.m2e.maven.runtime_3.9.900.20250220-2013\jars\plexus-classworlds-2.8.0.jar
2025-04-18 13:46:06,723 [Worker-5: Launching Executing clean in D__AgadgoanApplication_DevoteeApplicationBackend] INFO  o.eclipse.m2e.core.internal.Bundles - 	Entry: C:\Users\Admin\.p2\pool\plugins\org.eclipse.m2e.maven.runtime_3.9.900.20250220-2013\jars\plexus-component-annotations-2.1.0.jar
2025-04-18 13:46:06,723 [Worker-5: Launching Executing clean in D__AgadgoanApplication_DevoteeApplicationBackend] INFO  o.eclipse.m2e.core.internal.Bundles - 	Entry: C:\Users\Admin\.p2\pool\plugins\org.eclipse.m2e.maven.runtime_3.9.900.20250220-2013\jars\plexus-interpolation-1.27.jar
2025-04-18 13:46:06,724 [Worker-5: Launching Executing clean in D__AgadgoanApplication_DevoteeApplicationBackend] INFO  o.eclipse.m2e.core.internal.Bundles - 	Entry: C:\Users\Admin\.p2\pool\plugins\org.eclipse.m2e.maven.runtime_3.9.900.20250220-2013\jars\plexus-sec-dispatcher-2.0.jar
2025-04-18 13:46:06,724 [Worker-5: Launching Executing clean in D__AgadgoanApplication_DevoteeApplicationBackend] INFO  o.eclipse.m2e.core.internal.Bundles - 	Entry: C:\Users\Admin\.p2\pool\plugins\org.eclipse.m2e.maven.runtime_3.9.900.20250220-2013\jars\plexus-utils-3.5.1.jar
2025-04-18 13:46:06,724 [Worker-5: Launching Executing clean in D__AgadgoanApplication_DevoteeApplicationBackend] INFO  o.eclipse.m2e.core.internal.Bundles - 	Entry: C:\Users\Admin\.p2\pool\plugins\org.eclipse.m2e.maven.runtime_3.9.900.20250220-2013\jars\plexus-xml-3.0.1.jar
2025-04-18 13:46:06,725 [Worker-5: Launching Executing clean in D__AgadgoanApplication_DevoteeApplicationBackend] INFO  o.eclipse.m2e.core.internal.Bundles - 	Entry: C:\Users\Admin\.p2\pool\plugins\org.eclipse.m2e.maven.runtime_3.9.900.20250220-2013\jars\wagon-file-3.5.3.jar
2025-04-18 13:46:06,725 [Worker-5: Launching Executing clean in D__AgadgoanApplication_DevoteeApplicationBackend] INFO  o.eclipse.m2e.core.internal.Bundles - 	Entry: C:\Users\Admin\.p2\pool\plugins\org.eclipse.m2e.maven.runtime_3.9.900.20250220-2013\jars\wagon-http-3.5.3.jar
2025-04-18 13:46:06,725 [Worker-5: Launching Executing clean in D__AgadgoanApplication_DevoteeApplicationBackend] INFO  o.eclipse.m2e.core.internal.Bundles - 	Entry: C:\Users\Admin\.p2\pool\plugins\org.eclipse.m2e.maven.runtime_3.9.900.20250220-2013\jars\wagon-http-shared-3.5.3.jar
2025-04-18 13:46:06,726 [Worker-5: Launching Executing clean in D__AgadgoanApplication_DevoteeApplicationBackend] INFO  o.eclipse.m2e.core.internal.Bundles - 	Entry: C:\Users\Admin\.p2\pool\plugins\org.eclipse.m2e.maven.runtime_3.9.900.20250220-2013\jars\wagon-provider-api-3.5.3.jar
2025-04-18 13:46:06,728 [Worker-5: Launching Executing clean in D__AgadgoanApplication_DevoteeApplicationBackend] INFO  o.eclipse.m2e.core.internal.Bundles - getClasspathEntries(Bundle=com.google.guava_33.4.0.jre [12])
2025-04-18 13:46:06,729 [Worker-5: Launching Executing clean in D__AgadgoanApplication_DevoteeApplicationBackend] INFO  o.eclipse.m2e.core.internal.Bundles - 	Entry: C:\Users\Admin\.p2\pool\plugins\com.google.guava_33.4.0.jre.jar
2025-04-18 13:46:06,729 [Worker-5: Launching Executing clean in D__AgadgoanApplication_DevoteeApplicationBackend] INFO  o.eclipse.m2e.core.internal.Bundles - getClasspathEntries(Bundle=slf4j.api_2.0.17 [589])
2025-04-18 13:46:06,729 [Worker-5: Launching Executing clean in D__AgadgoanApplication_DevoteeApplicationBackend] INFO  o.eclipse.m2e.core.internal.Bundles - 	Entry: C:\Users\Admin\.p2\pool\plugins\slf4j.api_2.0.17.jar
2025-04-18 13:46:06,729 [Worker-5: Launching Executing clean in D__AgadgoanApplication_DevoteeApplicationBackend] INFO  o.eclipse.m2e.core.internal.Bundles - getClasspathEntries(Bundle=jakarta.inject.jakarta.inject-api_1.0.5 [24])
2025-04-18 13:46:06,730 [Worker-5: Launching Executing clean in D__AgadgoanApplication_DevoteeApplicationBackend] INFO  o.eclipse.m2e.core.internal.Bundles - 	Entry: C:\Users\Admin\.p2\pool\plugins\jakarta.inject.jakarta.inject-api_1.0.5.jar
2025-04-18 13:46:06,730 [Worker-5: Launching Executing clean in D__AgadgoanApplication_DevoteeApplicationBackend] INFO  o.eclipse.m2e.core.internal.Bundles - getClasspathEntries(Bundle=jakarta.annotation-api_1.3.5 [22])
2025-04-18 13:46:06,730 [Worker-5: Launching Executing clean in D__AgadgoanApplication_DevoteeApplicationBackend] INFO  o.eclipse.m2e.core.internal.Bundles - 	Entry: C:\Users\Admin\.p2\pool\plugins\jakarta.annotation-api_1.3.5.jar
2025-04-18 13:46:06,731 [Worker-5: Launching Executing clean in D__AgadgoanApplication_DevoteeApplicationBackend] INFO  o.eclipse.m2e.core.internal.Bundles - getClasspathEntries(Bundle=org.apache.commons.cli_1.9.0 [48])
2025-04-18 13:46:06,731 [Worker-5: Launching Executing clean in D__AgadgoanApplication_DevoteeApplicationBackend] INFO  o.eclipse.m2e.core.internal.Bundles - 	Entry: C:\Users\Admin\.p2\pool\plugins\org.apache.commons.cli_1.9.0.jar
2025-04-18 13:46:06,731 [Worker-5: Launching Executing clean in D__AgadgoanApplication_DevoteeApplicationBackend] INFO  o.eclipse.m2e.core.internal.Bundles - getClasspathEntries(Bundle=org.apache.commons.commons-codec_1.16.0 [49])
2025-04-18 13:46:06,732 [Worker-5: Launching Executing clean in D__AgadgoanApplication_DevoteeApplicationBackend] INFO  o.eclipse.m2e.core.internal.Bundles - 	Entry: C:\Users\Admin\.p2\pool\plugins\org.apache.commons.commons-codec_1.16.0.jar
2025-04-18 13:46:06,732 [Worker-5: Launching Executing clean in D__AgadgoanApplication_DevoteeApplicationBackend] INFO  o.eclipse.m2e.core.internal.Bundles - getClasspathEntries(Bundle=com.google.guava.failureaccess_1.0.2 [13])
2025-04-18 13:46:06,733 [Worker-5: Launching Executing clean in D__AgadgoanApplication_DevoteeApplicationBackend] INFO  o.eclipse.m2e.core.internal.Bundles - 	Entry: C:\Users\Admin\.p2\pool\plugins\com.google.guava.failureaccess_1.0.2.jar
2025-04-18 13:46:06,738 [Worker-5: Launching Executing clean in D__AgadgoanApplication_DevoteeApplicationBackend] INFO  o.e.m.i.launch.MavenLaunchDelegate - Run build in "D:\AgadgoanApplication\DevoteeApplicationBackend":
2025-04-18 13:46:06,744 [Worker-5: Launching Executing clean in D__AgadgoanApplication_DevoteeApplicationBackend] INFO  o.e.m.i.launch.MavenLaunchDelegate -  mvn  -B -Dstyle.color=always clean
2025-04-18 13:46:13,179 [Worker-7: Building] INFO  o.a.m.s.f.DefaultMavenResourcesFiltering - Copying 1 resource from src\main\resources to target\classes
2025-04-18 13:46:13,183 [Worker-7: Building] INFO  o.a.m.s.f.DefaultMavenResourcesFiltering - Copying 0 resource from src\main\resources to target\classes
2025-04-18 13:46:13,189 [Worker-7: Building] INFO  o.a.m.s.f.DefaultMavenResourcesFiltering - skip non existing resourceDirectory D:\AgadgoanApplication\DevoteeApplicationBackend\src\test\resources
2025-04-18 13:46:38,077 [Worker-4: Launching Executing install in D__AgadgoanApplication_DevoteeApplicationBackend] INFO  o.eclipse.m2e.core.internal.Bundles - getClasspathEntries(Bundle=org.eclipse.m2e.maven.runtime_3.9.900.20250220-2013 [296])
2025-04-18 13:46:38,078 [Worker-4: Launching Executing install in D__AgadgoanApplication_DevoteeApplicationBackend] INFO  o.eclipse.m2e.core.internal.Bundles - 	Entry: C:\Users\Admin\.p2\pool\plugins\org.eclipse.m2e.maven.runtime_3.9.900.20250220-2013
2025-04-18 13:46:38,078 [Worker-4: Launching Executing install in D__AgadgoanApplication_DevoteeApplicationBackend] INFO  o.eclipse.m2e.core.internal.Bundles - 	Entry: C:\Users\Admin\.p2\pool\plugins\org.eclipse.m2e.maven.runtime_3.9.900.20250220-2013\jars\aopalliance-1.0.jar
2025-04-18 13:46:38,078 [Worker-4: Launching Executing install in D__AgadgoanApplication_DevoteeApplicationBackend] INFO  o.eclipse.m2e.core.internal.Bundles - 	Entry: C:\Users\Admin\.p2\pool\plugins\org.eclipse.m2e.maven.runtime_3.9.900.20250220-2013\jars\guice-5.1.0.jar
2025-04-18 13:46:38,079 [Worker-4: Launching Executing install in D__AgadgoanApplication_DevoteeApplicationBackend] INFO  o.eclipse.m2e.core.internal.Bundles - 	Entry: C:\Users\Admin\.p2\pool\plugins\org.eclipse.m2e.maven.runtime_3.9.900.20250220-2013\jars\httpclient-4.5.14.jar
2025-04-18 13:46:38,079 [Worker-4: Launching Executing install in D__AgadgoanApplication_DevoteeApplicationBackend] INFO  o.eclipse.m2e.core.internal.Bundles - 	Entry: C:\Users\Admin\.p2\pool\plugins\org.eclipse.m2e.maven.runtime_3.9.900.20250220-2013\jars\httpcore-4.4.16.jar
2025-04-18 13:46:38,079 [Worker-4: Launching Executing install in D__AgadgoanApplication_DevoteeApplicationBackend] INFO  o.eclipse.m2e.core.internal.Bundles - 	Entry: C:\Users\Admin\.p2\pool\plugins\org.eclipse.m2e.maven.runtime_3.9.900.20250220-2013\jars\jansi-2.4.1.jar
2025-04-18 13:46:38,079 [Worker-4: Launching Executing install in D__AgadgoanApplication_DevoteeApplicationBackend] INFO  o.eclipse.m2e.core.internal.Bundles - 	Entry: C:\Users\Admin\.p2\pool\plugins\org.eclipse.m2e.maven.runtime_3.9.900.20250220-2013\jars\jcl-over-slf4j-1.7.36.jar
2025-04-18 13:46:38,080 [Worker-4: Launching Executing install in D__AgadgoanApplication_DevoteeApplicationBackend] INFO  o.eclipse.m2e.core.internal.Bundles - 	Entry: C:\Users\Admin\.p2\pool\plugins\org.eclipse.m2e.maven.runtime_3.9.900.20250220-2013\jars\maven-artifact-3.9.9.jar
2025-04-18 13:46:38,084 [Worker-4: Launching Executing install in D__AgadgoanApplication_DevoteeApplicationBackend] INFO  o.eclipse.m2e.core.internal.Bundles - 	Entry: C:\Users\Admin\.p2\pool\plugins\org.eclipse.m2e.maven.runtime_3.9.900.20250220-2013\jars\maven-builder-support-3.9.9.jar
2025-04-18 13:46:38,085 [Worker-4: Launching Executing install in D__AgadgoanApplication_DevoteeApplicationBackend] INFO  o.eclipse.m2e.core.internal.Bundles - 	Entry: C:\Users\Admin\.p2\pool\plugins\org.eclipse.m2e.maven.runtime_3.9.900.20250220-2013\jars\maven-compat-3.9.9.jar
2025-04-18 13:46:38,086 [Worker-4: Launching Executing install in D__AgadgoanApplication_DevoteeApplicationBackend] INFO  o.eclipse.m2e.core.internal.Bundles - 	Entry: C:\Users\Admin\.p2\pool\plugins\org.eclipse.m2e.maven.runtime_3.9.900.20250220-2013\jars\maven-core-3.9.9.jar
2025-04-18 13:46:38,087 [Worker-4: Launching Executing install in D__AgadgoanApplication_DevoteeApplicationBackend] INFO  o.eclipse.m2e.core.internal.Bundles - 	Entry: C:\Users\Admin\.p2\pool\plugins\org.eclipse.m2e.maven.runtime_3.9.900.20250220-2013\jars\maven-embedder-3.9.9.jar
2025-04-18 13:46:38,087 [Worker-4: Launching Executing install in D__AgadgoanApplication_DevoteeApplicationBackend] INFO  o.eclipse.m2e.core.internal.Bundles - 	Entry: C:\Users\Admin\.p2\pool\plugins\org.eclipse.m2e.maven.runtime_3.9.900.20250220-2013\jars\maven-model-3.9.9.jar
2025-04-18 13:46:38,087 [Worker-4: Launching Executing install in D__AgadgoanApplication_DevoteeApplicationBackend] INFO  o.eclipse.m2e.core.internal.Bundles - 	Entry: C:\Users\Admin\.p2\pool\plugins\org.eclipse.m2e.maven.runtime_3.9.900.20250220-2013\jars\maven-model-builder-3.9.9.jar
2025-04-18 13:46:38,088 [Worker-4: Launching Executing install in D__AgadgoanApplication_DevoteeApplicationBackend] INFO  o.eclipse.m2e.core.internal.Bundles - 	Entry: C:\Users\Admin\.p2\pool\plugins\org.eclipse.m2e.maven.runtime_3.9.900.20250220-2013\jars\maven-plugin-api-3.9.9.jar
2025-04-18 13:46:38,089 [Worker-4: Launching Executing install in D__AgadgoanApplication_DevoteeApplicationBackend] INFO  o.eclipse.m2e.core.internal.Bundles - 	Entry: C:\Users\Admin\.p2\pool\plugins\org.eclipse.m2e.maven.runtime_3.9.900.20250220-2013\jars\maven-repository-metadata-3.9.9.jar
2025-04-18 13:46:38,089 [Worker-4: Launching Executing install in D__AgadgoanApplication_DevoteeApplicationBackend] INFO  o.eclipse.m2e.core.internal.Bundles - 	Entry: C:\Users\Admin\.p2\pool\plugins\org.eclipse.m2e.maven.runtime_3.9.900.20250220-2013\jars\maven-resolver-api-1.9.22.jar
2025-04-18 13:46:38,089 [Worker-4: Launching Executing install in D__AgadgoanApplication_DevoteeApplicationBackend] INFO  o.eclipse.m2e.core.internal.Bundles - 	Entry: C:\Users\Admin\.p2\pool\plugins\org.eclipse.m2e.maven.runtime_3.9.900.20250220-2013\jars\maven-resolver-connector-basic-1.9.22.jar
2025-04-18 13:46:38,090 [Worker-4: Launching Executing install in D__AgadgoanApplication_DevoteeApplicationBackend] INFO  o.eclipse.m2e.core.internal.Bundles - 	Entry: C:\Users\Admin\.p2\pool\plugins\org.eclipse.m2e.maven.runtime_3.9.900.20250220-2013\jars\maven-resolver-impl-1.9.22.jar
2025-04-18 13:46:38,090 [Worker-4: Launching Executing install in D__AgadgoanApplication_DevoteeApplicationBackend] INFO  o.eclipse.m2e.core.internal.Bundles - 	Entry: C:\Users\Admin\.p2\pool\plugins\org.eclipse.m2e.maven.runtime_3.9.900.20250220-2013\jars\maven-resolver-named-locks-1.9.22.jar
2025-04-18 13:46:38,090 [Worker-4: Launching Executing install in D__AgadgoanApplication_DevoteeApplicationBackend] INFO  o.eclipse.m2e.core.internal.Bundles - 	Entry: C:\Users\Admin\.p2\pool\plugins\org.eclipse.m2e.maven.runtime_3.9.900.20250220-2013\jars\maven-resolver-provider-3.9.9.jar
2025-04-18 13:46:38,091 [Worker-4: Launching Executing install in D__AgadgoanApplication_DevoteeApplicationBackend] INFO  o.eclipse.m2e.core.internal.Bundles - 	Entry: C:\Users\Admin\.p2\pool\plugins\org.eclipse.m2e.maven.runtime_3.9.900.20250220-2013\jars\maven-resolver-spi-1.9.22.jar
2025-04-18 13:46:38,095 [Worker-4: Launching Executing install in D__AgadgoanApplication_DevoteeApplicationBackend] INFO  o.eclipse.m2e.core.internal.Bundles - 	Entry: C:\Users\Admin\.p2\pool\plugins\org.eclipse.m2e.maven.runtime_3.9.900.20250220-2013\jars\maven-resolver-transport-file-1.9.22.jar
2025-04-18 13:46:38,096 [Worker-4: Launching Executing install in D__AgadgoanApplication_DevoteeApplicationBackend] INFO  o.eclipse.m2e.core.internal.Bundles - 	Entry: C:\Users\Admin\.p2\pool\plugins\org.eclipse.m2e.maven.runtime_3.9.900.20250220-2013\jars\maven-resolver-transport-http-1.9.22.jar
2025-04-18 13:46:38,096 [Worker-4: Launching Executing install in D__AgadgoanApplication_DevoteeApplicationBackend] INFO  o.eclipse.m2e.core.internal.Bundles - 	Entry: C:\Users\Admin\.p2\pool\plugins\org.eclipse.m2e.maven.runtime_3.9.900.20250220-2013\jars\maven-resolver-transport-wagon-1.9.22.jar
2025-04-18 13:46:38,096 [Worker-4: Launching Executing install in D__AgadgoanApplication_DevoteeApplicationBackend] INFO  o.eclipse.m2e.core.internal.Bundles - 	Entry: C:\Users\Admin\.p2\pool\plugins\org.eclipse.m2e.maven.runtime_3.9.900.20250220-2013\jars\maven-resolver-util-1.9.22.jar
2025-04-18 13:46:38,100 [Worker-4: Launching Executing install in D__AgadgoanApplication_DevoteeApplicationBackend] INFO  o.eclipse.m2e.core.internal.Bundles - 	Entry: C:\Users\Admin\.p2\pool\plugins\org.eclipse.m2e.maven.runtime_3.9.900.20250220-2013\jars\maven-settings-3.9.9.jar
2025-04-18 13:46:38,101 [Worker-4: Launching Executing install in D__AgadgoanApplication_DevoteeApplicationBackend] INFO  o.eclipse.m2e.core.internal.Bundles - 	Entry: C:\Users\Admin\.p2\pool\plugins\org.eclipse.m2e.maven.runtime_3.9.900.20250220-2013\jars\maven-settings-builder-3.9.9.jar
2025-04-18 13:46:38,101 [Worker-4: Launching Executing install in D__AgadgoanApplication_DevoteeApplicationBackend] INFO  o.eclipse.m2e.core.internal.Bundles - 	Entry: C:\Users\Admin\.p2\pool\plugins\org.eclipse.m2e.maven.runtime_3.9.900.20250220-2013\jars\maven-shared-utils-3.4.2.jar
2025-04-18 13:46:38,102 [Worker-4: Launching Executing install in D__AgadgoanApplication_DevoteeApplicationBackend] INFO  o.eclipse.m2e.core.internal.Bundles - 	Entry: C:\Users\Admin\.p2\pool\plugins\org.eclipse.m2e.maven.runtime_3.9.900.20250220-2013\jars\org.eclipse.sisu.inject-0.9.0.M3.jar
2025-04-18 13:46:38,102 [Worker-4: Launching Executing install in D__AgadgoanApplication_DevoteeApplicationBackend] INFO  o.eclipse.m2e.core.internal.Bundles - 	Entry: C:\Users\Admin\.p2\pool\plugins\org.eclipse.m2e.maven.runtime_3.9.900.20250220-2013\jars\org.eclipse.sisu.plexus-0.9.0.M3.jar
2025-04-18 13:46:38,103 [Worker-4: Launching Executing install in D__AgadgoanApplication_DevoteeApplicationBackend] INFO  o.eclipse.m2e.core.internal.Bundles - 	Entry: C:\Users\Admin\.p2\pool\plugins\org.eclipse.m2e.maven.runtime_3.9.900.20250220-2013\jars\plexus-build-api-0.0.7.jar
2025-04-18 13:46:38,103 [Worker-4: Launching Executing install in D__AgadgoanApplication_DevoteeApplicationBackend] INFO  o.eclipse.m2e.core.internal.Bundles - 	Entry: C:\Users\Admin\.p2\pool\plugins\org.eclipse.m2e.maven.runtime_3.9.900.20250220-2013\jars\plexus-build-api-1.2.0.jar
2025-04-18 13:46:38,103 [Worker-4: Launching Executing install in D__AgadgoanApplication_DevoteeApplicationBackend] INFO  o.eclipse.m2e.core.internal.Bundles - 	Entry: C:\Users\Admin\.p2\pool\plugins\org.eclipse.m2e.maven.runtime_3.9.900.20250220-2013\jars\plexus-cipher-2.0.jar
2025-04-18 13:46:38,103 [Worker-4: Launching Executing install in D__AgadgoanApplication_DevoteeApplicationBackend] INFO  o.eclipse.m2e.core.internal.Bundles - 	Entry: C:\Users\Admin\.p2\pool\plugins\org.eclipse.m2e.maven.runtime_3.9.900.20250220-2013\jars\plexus-classworlds-2.8.0.jar
2025-04-18 13:46:38,104 [Worker-4: Launching Executing install in D__AgadgoanApplication_DevoteeApplicationBackend] INFO  o.eclipse.m2e.core.internal.Bundles - 	Entry: C:\Users\Admin\.p2\pool\plugins\org.eclipse.m2e.maven.runtime_3.9.900.20250220-2013\jars\plexus-component-annotations-2.1.0.jar
2025-04-18 13:46:38,104 [Worker-4: Launching Executing install in D__AgadgoanApplication_DevoteeApplicationBackend] INFO  o.eclipse.m2e.core.internal.Bundles - 	Entry: C:\Users\Admin\.p2\pool\plugins\org.eclipse.m2e.maven.runtime_3.9.900.20250220-2013\jars\plexus-interpolation-1.27.jar
2025-04-18 13:46:38,105 [Worker-4: Launching Executing install in D__AgadgoanApplication_DevoteeApplicationBackend] INFO  o.eclipse.m2e.core.internal.Bundles - 	Entry: C:\Users\Admin\.p2\pool\plugins\org.eclipse.m2e.maven.runtime_3.9.900.20250220-2013\jars\plexus-sec-dispatcher-2.0.jar
2025-04-18 13:46:38,105 [Worker-4: Launching Executing install in D__AgadgoanApplication_DevoteeApplicationBackend] INFO  o.eclipse.m2e.core.internal.Bundles - 	Entry: C:\Users\Admin\.p2\pool\plugins\org.eclipse.m2e.maven.runtime_3.9.900.20250220-2013\jars\plexus-utils-3.5.1.jar
2025-04-18 13:46:38,105 [Worker-4: Launching Executing install in D__AgadgoanApplication_DevoteeApplicationBackend] INFO  o.eclipse.m2e.core.internal.Bundles - 	Entry: C:\Users\Admin\.p2\pool\plugins\org.eclipse.m2e.maven.runtime_3.9.900.20250220-2013\jars\plexus-xml-3.0.1.jar
2025-04-18 13:46:38,105 [Worker-4: Launching Executing install in D__AgadgoanApplication_DevoteeApplicationBackend] INFO  o.eclipse.m2e.core.internal.Bundles - 	Entry: C:\Users\Admin\.p2\pool\plugins\org.eclipse.m2e.maven.runtime_3.9.900.20250220-2013\jars\wagon-file-3.5.3.jar
2025-04-18 13:46:38,106 [Worker-4: Launching Executing install in D__AgadgoanApplication_DevoteeApplicationBackend] INFO  o.eclipse.m2e.core.internal.Bundles - 	Entry: C:\Users\Admin\.p2\pool\plugins\org.eclipse.m2e.maven.runtime_3.9.900.20250220-2013\jars\wagon-http-3.5.3.jar
2025-04-18 13:46:38,106 [Worker-4: Launching Executing install in D__AgadgoanApplication_DevoteeApplicationBackend] INFO  o.eclipse.m2e.core.internal.Bundles - 	Entry: C:\Users\Admin\.p2\pool\plugins\org.eclipse.m2e.maven.runtime_3.9.900.20250220-2013\jars\wagon-http-shared-3.5.3.jar
2025-04-18 13:46:38,106 [Worker-4: Launching Executing install in D__AgadgoanApplication_DevoteeApplicationBackend] INFO  o.eclipse.m2e.core.internal.Bundles - 	Entry: C:\Users\Admin\.p2\pool\plugins\org.eclipse.m2e.maven.runtime_3.9.900.20250220-2013\jars\wagon-provider-api-3.5.3.jar
2025-04-18 13:46:38,107 [Worker-4: Launching Executing install in D__AgadgoanApplication_DevoteeApplicationBackend] INFO  o.eclipse.m2e.core.internal.Bundles - getClasspathEntries(Bundle=com.google.guava_33.4.0.jre [12])
2025-04-18 13:46:38,108 [Worker-4: Launching Executing install in D__AgadgoanApplication_DevoteeApplicationBackend] INFO  o.eclipse.m2e.core.internal.Bundles - 	Entry: C:\Users\Admin\.p2\pool\plugins\com.google.guava_33.4.0.jre.jar
2025-04-18 13:46:38,108 [Worker-4: Launching Executing install in D__AgadgoanApplication_DevoteeApplicationBackend] INFO  o.eclipse.m2e.core.internal.Bundles - getClasspathEntries(Bundle=slf4j.api_2.0.17 [589])
2025-04-18 13:46:38,108 [Worker-4: Launching Executing install in D__AgadgoanApplication_DevoteeApplicationBackend] INFO  o.eclipse.m2e.core.internal.Bundles - 	Entry: C:\Users\Admin\.p2\pool\plugins\slf4j.api_2.0.17.jar
2025-04-18 13:46:38,109 [Worker-4: Launching Executing install in D__AgadgoanApplication_DevoteeApplicationBackend] INFO  o.eclipse.m2e.core.internal.Bundles - getClasspathEntries(Bundle=jakarta.inject.jakarta.inject-api_1.0.5 [24])
2025-04-18 13:46:38,109 [Worker-4: Launching Executing install in D__AgadgoanApplication_DevoteeApplicationBackend] INFO  o.eclipse.m2e.core.internal.Bundles - 	Entry: C:\Users\Admin\.p2\pool\plugins\jakarta.inject.jakarta.inject-api_1.0.5.jar
2025-04-18 13:46:38,110 [Worker-4: Launching Executing install in D__AgadgoanApplication_DevoteeApplicationBackend] INFO  o.eclipse.m2e.core.internal.Bundles - getClasspathEntries(Bundle=jakarta.annotation-api_1.3.5 [22])
2025-04-18 13:46:38,110 [Worker-4: Launching Executing install in D__AgadgoanApplication_DevoteeApplicationBackend] INFO  o.eclipse.m2e.core.internal.Bundles - 	Entry: C:\Users\Admin\.p2\pool\plugins\jakarta.annotation-api_1.3.5.jar
2025-04-18 13:46:38,110 [Worker-4: Launching Executing install in D__AgadgoanApplication_DevoteeApplicationBackend] INFO  o.eclipse.m2e.core.internal.Bundles - getClasspathEntries(Bundle=org.apache.commons.cli_1.9.0 [48])
2025-04-18 13:46:38,111 [Worker-4: Launching Executing install in D__AgadgoanApplication_DevoteeApplicationBackend] INFO  o.eclipse.m2e.core.internal.Bundles - 	Entry: C:\Users\Admin\.p2\pool\plugins\org.apache.commons.cli_1.9.0.jar
2025-04-18 13:46:38,111 [Worker-4: Launching Executing install in D__AgadgoanApplication_DevoteeApplicationBackend] INFO  o.eclipse.m2e.core.internal.Bundles - getClasspathEntries(Bundle=org.apache.commons.commons-codec_1.16.0 [49])
2025-04-18 13:46:38,112 [Worker-4: Launching Executing install in D__AgadgoanApplication_DevoteeApplicationBackend] INFO  o.eclipse.m2e.core.internal.Bundles - 	Entry: C:\Users\Admin\.p2\pool\plugins\org.apache.commons.commons-codec_1.16.0.jar
2025-04-18 13:46:38,112 [Worker-4: Launching Executing install in D__AgadgoanApplication_DevoteeApplicationBackend] INFO  o.eclipse.m2e.core.internal.Bundles - getClasspathEntries(Bundle=com.google.guava.failureaccess_1.0.2 [13])
2025-04-18 13:46:38,113 [Worker-4: Launching Executing install in D__AgadgoanApplication_DevoteeApplicationBackend] INFO  o.eclipse.m2e.core.internal.Bundles - 	Entry: C:\Users\Admin\.p2\pool\plugins\com.google.guava.failureaccess_1.0.2.jar
2025-04-18 13:46:38,117 [Worker-4: Launching Executing install in D__AgadgoanApplication_DevoteeApplicationBackend] INFO  o.e.m.i.launch.MavenLaunchDelegate - Run build in "D:\AgadgoanApplication\DevoteeApplicationBackend":
2025-04-18 13:46:38,119 [Worker-4: Launching Executing install in D__AgadgoanApplication_DevoteeApplicationBackend] INFO  o.e.m.i.launch.MavenLaunchDelegate -  mvn  -B -Dstyle.color=always install
2025-04-18 13:47:04,935 [Worker-6: Building] INFO  o.a.m.s.f.DefaultMavenResourcesFiltering - Copying 1 resource from src\main\resources to target\classes
2025-04-18 13:47:04,938 [Worker-6: Building] INFO  o.a.m.s.f.DefaultMavenResourcesFiltering - Copying 0 resource from src\main\resources to target\classes
2025-04-18 13:47:04,944 [Worker-6: Building] INFO  o.a.m.s.f.DefaultMavenResourcesFiltering - skip non existing resourceDirectory D:\AgadgoanApplication\DevoteeApplicationBackend\src\test\resources
2025-04-18 13:47:27,277 [Worker-3: Searching...] INFO  o.eclipse.m2e.core.internal.Bundles - getClasspathEntries(Bundle=org.eclipse.m2e.workspace.cli_0.4.0 [305])
2025-04-18 13:47:27,278 [Worker-3: Searching...] INFO  o.eclipse.m2e.core.internal.Bundles - 	Entry: C:\Users\Admin\.p2\pool\plugins\org.eclipse.m2e.workspace.cli_0.4.0.jar
2025-04-18 13:47:28,400 [Worker-3: Searching...] INFO  o.e.m.c.i.e.AbstractTransferListenerAdapter - Downloading https://repo.maven.apache.org/maven2/io/takari/m2e/workspace/org.eclipse.m2e.workspace.cli/0.4.0/org.eclipse.m2e.workspace.cli-0.4.0-sources.jar
2025-04-18 13:47:28,514 [Worker-3: Searching...] INFO  o.e.m.c.i.e.AbstractTransferListenerAdapter - Downloaded https://repo.maven.apache.org/maven2/io/takari/m2e/workspace/org.eclipse.m2e.workspace.cli/0.4.0/org.eclipse.m2e.workspace.cli-0.4.0-sources.jar
2025-04-18 13:47:28,526 [Worker-3: Searching...] INFO  o.eclipse.m2e.core.internal.Bundles - getClasspathEntries(Bundle=org.eclipse.m2e.maven.runtime_3.9.900.20250220-2013 [296])
2025-04-18 13:47:28,528 [Worker-3: Searching...] INFO  o.eclipse.m2e.core.internal.Bundles - 	Entry: C:\Users\Admin\.p2\pool\plugins\org.eclipse.m2e.maven.runtime_3.9.900.20250220-2013
2025-04-18 13:47:28,528 [Worker-3: Searching...] INFO  o.eclipse.m2e.core.internal.Bundles - 	Entry: C:\Users\Admin\.p2\pool\plugins\org.eclipse.m2e.maven.runtime_3.9.900.20250220-2013\jars\aopalliance-1.0.jar
2025-04-18 13:47:28,528 [Worker-3: Searching...] INFO  o.eclipse.m2e.core.internal.Bundles - 	Entry: C:\Users\Admin\.p2\pool\plugins\org.eclipse.m2e.maven.runtime_3.9.900.20250220-2013\jars\guice-5.1.0.jar
2025-04-18 13:47:28,529 [Worker-3: Searching...] INFO  o.eclipse.m2e.core.internal.Bundles - 	Entry: C:\Users\Admin\.p2\pool\plugins\org.eclipse.m2e.maven.runtime_3.9.900.20250220-2013\jars\httpclient-4.5.14.jar
2025-04-18 13:47:28,529 [Worker-3: Searching...] INFO  o.eclipse.m2e.core.internal.Bundles - 	Entry: C:\Users\Admin\.p2\pool\plugins\org.eclipse.m2e.maven.runtime_3.9.900.20250220-2013\jars\httpcore-4.4.16.jar
2025-04-18 13:47:28,530 [Worker-3: Searching...] INFO  o.eclipse.m2e.core.internal.Bundles - 	Entry: C:\Users\Admin\.p2\pool\plugins\org.eclipse.m2e.maven.runtime_3.9.900.20250220-2013\jars\jansi-2.4.1.jar
2025-04-18 13:47:28,530 [Worker-3: Searching...] INFO  o.eclipse.m2e.core.internal.Bundles - 	Entry: C:\Users\Admin\.p2\pool\plugins\org.eclipse.m2e.maven.runtime_3.9.900.20250220-2013\jars\jcl-over-slf4j-1.7.36.jar
2025-04-18 13:47:28,530 [Worker-3: Searching...] INFO  o.eclipse.m2e.core.internal.Bundles - 	Entry: C:\Users\Admin\.p2\pool\plugins\org.eclipse.m2e.maven.runtime_3.9.900.20250220-2013\jars\maven-artifact-3.9.9.jar
2025-04-18 13:47:28,530 [Worker-3: Searching...] INFO  o.eclipse.m2e.core.internal.Bundles - 	Entry: C:\Users\Admin\.p2\pool\plugins\org.eclipse.m2e.maven.runtime_3.9.900.20250220-2013\jars\maven-builder-support-3.9.9.jar
2025-04-18 13:47:28,531 [Worker-3: Searching...] INFO  o.eclipse.m2e.core.internal.Bundles - 	Entry: C:\Users\Admin\.p2\pool\plugins\org.eclipse.m2e.maven.runtime_3.9.900.20250220-2013\jars\maven-compat-3.9.9.jar
2025-04-18 13:47:28,531 [Worker-3: Searching...] INFO  o.eclipse.m2e.core.internal.Bundles - 	Entry: C:\Users\Admin\.p2\pool\plugins\org.eclipse.m2e.maven.runtime_3.9.900.20250220-2013\jars\maven-core-3.9.9.jar
2025-04-18 13:47:28,531 [Worker-3: Searching...] INFO  o.eclipse.m2e.core.internal.Bundles - 	Entry: C:\Users\Admin\.p2\pool\plugins\org.eclipse.m2e.maven.runtime_3.9.900.20250220-2013\jars\maven-embedder-3.9.9.jar
2025-04-18 13:47:28,531 [Worker-3: Searching...] INFO  o.eclipse.m2e.core.internal.Bundles - 	Entry: C:\Users\Admin\.p2\pool\plugins\org.eclipse.m2e.maven.runtime_3.9.900.20250220-2013\jars\maven-model-3.9.9.jar
2025-04-18 13:47:28,531 [Worker-3: Searching...] INFO  o.eclipse.m2e.core.internal.Bundles - 	Entry: C:\Users\Admin\.p2\pool\plugins\org.eclipse.m2e.maven.runtime_3.9.900.20250220-2013\jars\maven-model-builder-3.9.9.jar
2025-04-18 13:47:28,532 [Worker-3: Searching...] INFO  o.eclipse.m2e.core.internal.Bundles - 	Entry: C:\Users\Admin\.p2\pool\plugins\org.eclipse.m2e.maven.runtime_3.9.900.20250220-2013\jars\maven-plugin-api-3.9.9.jar
2025-04-18 13:47:28,532 [Worker-3: Searching...] INFO  o.eclipse.m2e.core.internal.Bundles - 	Entry: C:\Users\Admin\.p2\pool\plugins\org.eclipse.m2e.maven.runtime_3.9.900.20250220-2013\jars\maven-repository-metadata-3.9.9.jar
2025-04-18 13:47:28,532 [Worker-3: Searching...] INFO  o.eclipse.m2e.core.internal.Bundles - 	Entry: C:\Users\Admin\.p2\pool\plugins\org.eclipse.m2e.maven.runtime_3.9.900.20250220-2013\jars\maven-resolver-api-1.9.22.jar
2025-04-18 13:47:28,532 [Worker-3: Searching...] INFO  o.eclipse.m2e.core.internal.Bundles - 	Entry: C:\Users\Admin\.p2\pool\plugins\org.eclipse.m2e.maven.runtime_3.9.900.20250220-2013\jars\maven-resolver-connector-basic-1.9.22.jar
2025-04-18 13:47:28,532 [Worker-3: Searching...] INFO  o.eclipse.m2e.core.internal.Bundles - 	Entry: C:\Users\Admin\.p2\pool\plugins\org.eclipse.m2e.maven.runtime_3.9.900.20250220-2013\jars\maven-resolver-impl-1.9.22.jar
2025-04-18 13:47:28,533 [Worker-3: Searching...] INFO  o.eclipse.m2e.core.internal.Bundles - 	Entry: C:\Users\Admin\.p2\pool\plugins\org.eclipse.m2e.maven.runtime_3.9.900.20250220-2013\jars\maven-resolver-named-locks-1.9.22.jar
2025-04-18 13:47:28,533 [Worker-3: Searching...] INFO  o.eclipse.m2e.core.internal.Bundles - 	Entry: C:\Users\Admin\.p2\pool\plugins\org.eclipse.m2e.maven.runtime_3.9.900.20250220-2013\jars\maven-resolver-provider-3.9.9.jar
2025-04-18 13:47:28,533 [Worker-3: Searching...] INFO  o.eclipse.m2e.core.internal.Bundles - 	Entry: C:\Users\Admin\.p2\pool\plugins\org.eclipse.m2e.maven.runtime_3.9.900.20250220-2013\jars\maven-resolver-spi-1.9.22.jar
2025-04-18 13:47:28,533 [Worker-3: Searching...] INFO  o.eclipse.m2e.core.internal.Bundles - 	Entry: C:\Users\Admin\.p2\pool\plugins\org.eclipse.m2e.maven.runtime_3.9.900.20250220-2013\jars\maven-resolver-transport-file-1.9.22.jar
2025-04-18 13:47:28,534 [Worker-3: Searching...] INFO  o.eclipse.m2e.core.internal.Bundles - 	Entry: C:\Users\Admin\.p2\pool\plugins\org.eclipse.m2e.maven.runtime_3.9.900.20250220-2013\jars\maven-resolver-transport-http-1.9.22.jar
2025-04-18 13:47:28,534 [Worker-3: Searching...] INFO  o.eclipse.m2e.core.internal.Bundles - 	Entry: C:\Users\Admin\.p2\pool\plugins\org.eclipse.m2e.maven.runtime_3.9.900.20250220-2013\jars\maven-resolver-transport-wagon-1.9.22.jar
2025-04-18 13:47:28,534 [Worker-3: Searching...] INFO  o.eclipse.m2e.core.internal.Bundles - 	Entry: C:\Users\Admin\.p2\pool\plugins\org.eclipse.m2e.maven.runtime_3.9.900.20250220-2013\jars\maven-resolver-util-1.9.22.jar
2025-04-18 13:47:28,534 [Worker-3: Searching...] INFO  o.eclipse.m2e.core.internal.Bundles - 	Entry: C:\Users\Admin\.p2\pool\plugins\org.eclipse.m2e.maven.runtime_3.9.900.20250220-2013\jars\maven-settings-3.9.9.jar
2025-04-18 13:47:28,534 [Worker-3: Searching...] INFO  o.eclipse.m2e.core.internal.Bundles - 	Entry: C:\Users\Admin\.p2\pool\plugins\org.eclipse.m2e.maven.runtime_3.9.900.20250220-2013\jars\maven-settings-builder-3.9.9.jar
2025-04-18 13:47:28,535 [Worker-3: Searching...] INFO  o.eclipse.m2e.core.internal.Bundles - 	Entry: C:\Users\Admin\.p2\pool\plugins\org.eclipse.m2e.maven.runtime_3.9.900.20250220-2013\jars\maven-shared-utils-3.4.2.jar
2025-04-18 13:47:28,535 [Worker-3: Searching...] INFO  o.eclipse.m2e.core.internal.Bundles - 	Entry: C:\Users\Admin\.p2\pool\plugins\org.eclipse.m2e.maven.runtime_3.9.900.20250220-2013\jars\org.eclipse.sisu.inject-0.9.0.M3.jar
2025-04-18 13:47:28,535 [Worker-3: Searching...] INFO  o.eclipse.m2e.core.internal.Bundles - 	Entry: C:\Users\Admin\.p2\pool\plugins\org.eclipse.m2e.maven.runtime_3.9.900.20250220-2013\jars\org.eclipse.sisu.plexus-0.9.0.M3.jar
2025-04-18 13:47:28,535 [Worker-3: Searching...] INFO  o.eclipse.m2e.core.internal.Bundles - 	Entry: C:\Users\Admin\.p2\pool\plugins\org.eclipse.m2e.maven.runtime_3.9.900.20250220-2013\jars\plexus-build-api-0.0.7.jar
2025-04-18 13:47:28,535 [Worker-3: Searching...] INFO  o.eclipse.m2e.core.internal.Bundles - 	Entry: C:\Users\Admin\.p2\pool\plugins\org.eclipse.m2e.maven.runtime_3.9.900.20250220-2013\jars\plexus-build-api-1.2.0.jar
2025-04-18 13:47:28,536 [Worker-3: Searching...] INFO  o.eclipse.m2e.core.internal.Bundles - 	Entry: C:\Users\Admin\.p2\pool\plugins\org.eclipse.m2e.maven.runtime_3.9.900.20250220-2013\jars\plexus-cipher-2.0.jar
2025-04-18 13:47:28,536 [Worker-3: Searching...] INFO  o.eclipse.m2e.core.internal.Bundles - 	Entry: C:\Users\Admin\.p2\pool\plugins\org.eclipse.m2e.maven.runtime_3.9.900.20250220-2013\jars\plexus-classworlds-2.8.0.jar
2025-04-18 13:47:28,536 [Worker-3: Searching...] INFO  o.eclipse.m2e.core.internal.Bundles - 	Entry: C:\Users\Admin\.p2\pool\plugins\org.eclipse.m2e.maven.runtime_3.9.900.20250220-2013\jars\plexus-component-annotations-2.1.0.jar
2025-04-18 13:47:28,536 [Worker-3: Searching...] INFO  o.eclipse.m2e.core.internal.Bundles - 	Entry: C:\Users\Admin\.p2\pool\plugins\org.eclipse.m2e.maven.runtime_3.9.900.20250220-2013\jars\plexus-interpolation-1.27.jar
2025-04-18 13:47:28,536 [Worker-3: Searching...] INFO  o.eclipse.m2e.core.internal.Bundles - 	Entry: C:\Users\Admin\.p2\pool\plugins\org.eclipse.m2e.maven.runtime_3.9.900.20250220-2013\jars\plexus-sec-dispatcher-2.0.jar
2025-04-18 13:47:28,536 [Worker-3: Searching...] INFO  o.eclipse.m2e.core.internal.Bundles - 	Entry: C:\Users\Admin\.p2\pool\plugins\org.eclipse.m2e.maven.runtime_3.9.900.20250220-2013\jars\plexus-utils-3.5.1.jar
2025-04-18 13:47:28,537 [Worker-3: Searching...] INFO  o.eclipse.m2e.core.internal.Bundles - 	Entry: C:\Users\Admin\.p2\pool\plugins\org.eclipse.m2e.maven.runtime_3.9.900.20250220-2013\jars\plexus-xml-3.0.1.jar
2025-04-18 13:47:28,537 [Worker-3: Searching...] INFO  o.eclipse.m2e.core.internal.Bundles - 	Entry: C:\Users\Admin\.p2\pool\plugins\org.eclipse.m2e.maven.runtime_3.9.900.20250220-2013\jars\wagon-file-3.5.3.jar
2025-04-18 13:47:28,537 [Worker-3: Searching...] INFO  o.eclipse.m2e.core.internal.Bundles - 	Entry: C:\Users\Admin\.p2\pool\plugins\org.eclipse.m2e.maven.runtime_3.9.900.20250220-2013\jars\wagon-http-3.5.3.jar
2025-04-18 13:47:28,537 [Worker-3: Searching...] INFO  o.eclipse.m2e.core.internal.Bundles - 	Entry: C:\Users\Admin\.p2\pool\plugins\org.eclipse.m2e.maven.runtime_3.9.900.20250220-2013\jars\wagon-http-shared-3.5.3.jar
2025-04-18 13:47:28,537 [Worker-3: Searching...] INFO  o.eclipse.m2e.core.internal.Bundles - 	Entry: C:\Users\Admin\.p2\pool\plugins\org.eclipse.m2e.maven.runtime_3.9.900.20250220-2013\jars\wagon-provider-api-3.5.3.jar
2025-04-18 13:47:28,538 [Worker-3: Searching...] INFO  o.eclipse.m2e.core.internal.Bundles - getClasspathEntries(Bundle=com.google.guava_33.4.0.jre [12])
2025-04-18 13:47:28,539 [Worker-3: Searching...] INFO  o.eclipse.m2e.core.internal.Bundles - 	Entry: C:\Users\Admin\.p2\pool\plugins\com.google.guava_33.4.0.jre.jar
2025-04-18 13:47:28,539 [Worker-3: Searching...] INFO  o.eclipse.m2e.core.internal.Bundles - getClasspathEntries(Bundle=slf4j.api_2.0.17 [589])
2025-04-18 13:47:28,540 [Worker-3: Searching...] INFO  o.eclipse.m2e.core.internal.Bundles - 	Entry: C:\Users\Admin\.p2\pool\plugins\slf4j.api_2.0.17.jar
2025-04-18 13:47:28,540 [Worker-3: Searching...] INFO  o.eclipse.m2e.core.internal.Bundles - getClasspathEntries(Bundle=jakarta.inject.jakarta.inject-api_1.0.5 [24])
2025-04-18 13:47:28,541 [Worker-3: Searching...] INFO  o.eclipse.m2e.core.internal.Bundles - 	Entry: C:\Users\Admin\.p2\pool\plugins\jakarta.inject.jakarta.inject-api_1.0.5.jar
2025-04-18 13:47:28,541 [Worker-3: Searching...] INFO  o.eclipse.m2e.core.internal.Bundles - getClasspathEntries(Bundle=jakarta.annotation-api_1.3.5 [22])
2025-04-18 13:47:28,542 [Worker-3: Searching...] INFO  o.eclipse.m2e.core.internal.Bundles - 	Entry: C:\Users\Admin\.p2\pool\plugins\jakarta.annotation-api_1.3.5.jar
2025-04-18 13:47:28,542 [Worker-3: Searching...] INFO  o.eclipse.m2e.core.internal.Bundles - getClasspathEntries(Bundle=org.apache.commons.cli_1.9.0 [48])
2025-04-18 13:47:28,543 [Worker-3: Searching...] INFO  o.eclipse.m2e.core.internal.Bundles - 	Entry: C:\Users\Admin\.p2\pool\plugins\org.apache.commons.cli_1.9.0.jar
2025-04-18 13:47:28,543 [Worker-3: Searching...] INFO  o.eclipse.m2e.core.internal.Bundles - getClasspathEntries(Bundle=org.apache.commons.commons-codec_1.16.0 [49])
2025-04-18 13:47:28,544 [Worker-3: Searching...] INFO  o.eclipse.m2e.core.internal.Bundles - 	Entry: C:\Users\Admin\.p2\pool\plugins\org.apache.commons.commons-codec_1.16.0.jar
2025-04-18 13:47:28,544 [Worker-3: Searching...] INFO  o.eclipse.m2e.core.internal.Bundles - getClasspathEntries(Bundle=com.google.guava.failureaccess_1.0.2 [13])
2025-04-18 13:47:28,545 [Worker-3: Searching...] INFO  o.eclipse.m2e.core.internal.Bundles - 	Entry: C:\Users\Admin\.p2\pool\plugins\com.google.guava.failureaccess_1.0.2.jar
2025-04-18 13:47:28,918 [Worker-3: Searching...] INFO  o.e.m.c.i.e.AbstractTransferListenerAdapter - Downloading https://repo.maven.apache.org/maven2/org/apache/maven/maven-artifact/3.9.9/maven-artifact-3.9.9-sources.jar
2025-04-18 13:47:29,081 [Worker-3: Searching...] INFO  o.e.m.c.i.e.AbstractTransferListenerAdapter - Downloaded https://repo.maven.apache.org/maven2/org/apache/maven/maven-artifact/3.9.9/maven-artifact-3.9.9-sources.jar
2025-04-18 13:47:29,413 [Worker-3: Searching...] INFO  o.e.m.c.i.e.AbstractTransferListenerAdapter - Downloading https://repo.maven.apache.org/maven2/org/apache/maven/maven-builder-support/3.9.9/maven-builder-support-3.9.9-sources.jar
2025-04-18 13:47:29,443 [Worker-3: Searching...] INFO  o.e.m.c.i.e.AbstractTransferListenerAdapter - Downloaded https://repo.maven.apache.org/maven2/org/apache/maven/maven-builder-support/3.9.9/maven-builder-support-3.9.9-sources.jar
2025-04-18 13:47:29,752 [Worker-3: Searching...] INFO  o.e.m.c.i.e.AbstractTransferListenerAdapter - Downloading https://repo.maven.apache.org/maven2/org/apache/maven/maven-compat/3.9.9/maven-compat-3.9.9-sources.jar
2025-04-18 13:47:30,117 [Worker-3: Searching...] INFO  o.e.m.c.i.e.AbstractTransferListenerAdapter - Downloaded https://repo.maven.apache.org/maven2/org/apache/maven/maven-compat/3.9.9/maven-compat-3.9.9-sources.jar
2025-04-18 13:47:30,446 [Worker-3: Searching...] INFO  o.e.m.c.i.e.AbstractTransferListenerAdapter - Downloading https://repo.maven.apache.org/maven2/org/apache/maven/maven-core/3.9.9/maven-core-3.9.9-sources.jar
2025-04-18 13:47:31,504 [Worker-3: Searching...] INFO  o.e.m.c.i.e.AbstractTransferListenerAdapter - Downloaded https://repo.maven.apache.org/maven2/org/apache/maven/maven-core/3.9.9/maven-core-3.9.9-sources.jar
2025-04-18 13:47:31,810 [Worker-3: Searching...] INFO  o.e.m.c.i.e.AbstractTransferListenerAdapter - Downloading https://repo.maven.apache.org/maven2/org/apache/maven/maven-embedder/3.9.9/maven-embedder-3.9.9-sources.jar
2025-04-18 13:47:31,995 [Worker-3: Searching...] INFO  o.e.m.c.i.e.AbstractTransferListenerAdapter - Downloaded https://repo.maven.apache.org/maven2/org/apache/maven/maven-embedder/3.9.9/maven-embedder-3.9.9-sources.jar
2025-04-18 13:47:32,325 [Worker-3: Searching...] INFO  o.e.m.c.i.e.AbstractTransferListenerAdapter - Downloading https://repo.maven.apache.org/maven2/org/apache/maven/maven-model/3.9.9/maven-model-3.9.9-sources.jar
2025-04-18 13:47:32,641 [Worker-3: Searching...] INFO  o.e.m.c.i.e.AbstractTransferListenerAdapter - Downloaded https://repo.maven.apache.org/maven2/org/apache/maven/maven-model/3.9.9/maven-model-3.9.9-sources.jar
2025-04-18 13:47:33,000 [Worker-3: Searching...] INFO  o.e.m.c.i.e.AbstractTransferListenerAdapter - Downloading https://repo.maven.apache.org/maven2/org/apache/maven/maven-model-builder/3.9.9/maven-model-builder-3.9.9-sources.jar
2025-04-18 13:47:33,312 [Worker-3: Searching...] INFO  o.e.m.c.i.e.AbstractTransferListenerAdapter - Downloaded https://repo.maven.apache.org/maven2/org/apache/maven/maven-model-builder/3.9.9/maven-model-builder-3.9.9-sources.jar
2025-04-18 13:47:33,670 [Worker-3: Searching...] INFO  o.e.m.c.i.e.AbstractTransferListenerAdapter - Downloading https://repo.maven.apache.org/maven2/org/apache/maven/maven-plugin-api/3.9.9/maven-plugin-api-3.9.9-sources.jar
2025-04-18 13:47:33,824 [Worker-3: Searching...] INFO  o.e.m.c.i.e.AbstractTransferListenerAdapter - Downloaded https://repo.maven.apache.org/maven2/org/apache/maven/maven-plugin-api/3.9.9/maven-plugin-api-3.9.9-sources.jar
2025-04-18 13:47:34,108 [Worker-3: Searching...] INFO  o.e.m.c.i.e.AbstractTransferListenerAdapter - Downloading https://repo.maven.apache.org/maven2/org/apache/maven/maven-repository-metadata/3.9.9/maven-repository-metadata-3.9.9-sources.jar
2025-04-18 13:47:34,142 [Worker-3: Searching...] INFO  o.e.m.c.i.e.AbstractTransferListenerAdapter - Downloaded https://repo.maven.apache.org/maven2/org/apache/maven/maven-repository-metadata/3.9.9/maven-repository-metadata-3.9.9-sources.jar
2025-04-18 13:47:34,493 [Worker-3: Searching...] INFO  o.e.m.c.i.e.AbstractTransferListenerAdapter - Downloading https://repo.maven.apache.org/maven2/org/apache/maven/resolver/maven-resolver-api/1.9.22/maven-resolver-api-1.9.22-sources.jar
2025-04-18 13:47:34,937 [Worker-3: Searching...] INFO  o.e.m.c.i.e.AbstractTransferListenerAdapter - Downloaded https://repo.maven.apache.org/maven2/org/apache/maven/resolver/maven-resolver-api/1.9.22/maven-resolver-api-1.9.22-sources.jar
2025-04-18 13:47:35,284 [Worker-3: Searching...] INFO  o.e.m.c.i.e.AbstractTransferListenerAdapter - Downloading https://repo.maven.apache.org/maven2/org/apache/maven/resolver/maven-resolver-connector-basic/1.9.22/maven-resolver-connector-basic-1.9.22-sources.jar
2025-04-18 13:47:35,371 [Worker-3: Searching...] INFO  o.e.m.c.i.e.AbstractTransferListenerAdapter - Downloaded https://repo.maven.apache.org/maven2/org/apache/maven/resolver/maven-resolver-connector-basic/1.9.22/maven-resolver-connector-basic-1.9.22-sources.jar
2025-04-18 13:47:35,708 [Worker-3: Searching...] INFO  o.e.m.c.i.e.AbstractTransferListenerAdapter - Downloading https://repo.maven.apache.org/maven2/org/apache/maven/resolver/maven-resolver-impl/1.9.22/maven-resolver-impl-1.9.22-sources.jar
2025-04-18 13:47:36,217 [Worker-3: Searching...] INFO  o.e.m.c.i.e.AbstractTransferListenerAdapter - Downloaded https://repo.maven.apache.org/maven2/org/apache/maven/resolver/maven-resolver-impl/1.9.22/maven-resolver-impl-1.9.22-sources.jar
2025-04-18 13:47:36,559 [Worker-3: Searching...] INFO  o.e.m.c.i.e.AbstractTransferListenerAdapter - Downloading https://repo.maven.apache.org/maven2/org/apache/maven/resolver/maven-resolver-named-locks/1.9.22/maven-resolver-named-locks-1.9.22-sources.jar
2025-04-18 13:47:36,592 [Worker-3: Searching...] INFO  o.e.m.c.i.e.AbstractTransferListenerAdapter - Downloaded https://repo.maven.apache.org/maven2/org/apache/maven/resolver/maven-resolver-named-locks/1.9.22/maven-resolver-named-locks-1.9.22-sources.jar
2025-04-18 13:47:36,922 [Worker-3: Searching...] INFO  o.e.m.c.i.e.AbstractTransferListenerAdapter - Downloading https://repo.maven.apache.org/maven2/org/apache/maven/maven-resolver-provider/3.9.9/maven-resolver-provider-3.9.9-sources.jar
2025-04-18 13:47:37,059 [Worker-3: Searching...] INFO  o.e.m.c.i.e.AbstractTransferListenerAdapter - Downloaded https://repo.maven.apache.org/maven2/org/apache/maven/maven-resolver-provider/3.9.9/maven-resolver-provider-3.9.9-sources.jar
2025-04-18 13:47:37,478 [Worker-3: Searching...] INFO  o.e.m.c.i.e.AbstractTransferListenerAdapter - Downloading https://repo.maven.apache.org/maven2/org/apache/maven/resolver/maven-resolver-spi/1.9.22/maven-resolver-spi-1.9.22-sources.jar
2025-04-18 13:47:37,645 [Worker-3: Searching...] INFO  o.e.m.c.i.e.AbstractTransferListenerAdapter - Downloaded https://repo.maven.apache.org/maven2/org/apache/maven/resolver/maven-resolver-spi/1.9.22/maven-resolver-spi-1.9.22-sources.jar
2025-04-18 13:47:37,933 [Worker-3: Searching...] INFO  o.e.m.c.i.e.AbstractTransferListenerAdapter - Downloading https://repo.maven.apache.org/maven2/org/apache/maven/resolver/maven-resolver-transport-file/1.9.22/maven-resolver-transport-file-1.9.22-sources.jar
2025-04-18 13:47:37,997 [Worker-3: Searching...] INFO  o.e.m.c.i.e.AbstractTransferListenerAdapter - Downloaded https://repo.maven.apache.org/maven2/org/apache/maven/resolver/maven-resolver-transport-file/1.9.22/maven-resolver-transport-file-1.9.22-sources.jar
2025-04-18 13:47:38,353 [Worker-3: Searching...] INFO  o.e.m.c.i.e.AbstractTransferListenerAdapter - Downloading https://repo.maven.apache.org/maven2/org/apache/maven/resolver/maven-resolver-transport-http/1.9.22/maven-resolver-transport-http-1.9.22-sources.jar
2025-04-18 13:47:38,423 [Worker-3: Searching...] INFO  o.e.m.c.i.e.AbstractTransferListenerAdapter - Downloaded https://repo.maven.apache.org/maven2/org/apache/maven/resolver/maven-resolver-transport-http/1.9.22/maven-resolver-transport-http-1.9.22-sources.jar
2025-04-18 13:47:38,843 [Worker-3: Searching...] INFO  o.e.m.c.i.e.AbstractTransferListenerAdapter - Downloading https://repo.maven.apache.org/maven2/org/apache/maven/resolver/maven-resolver-transport-wagon/1.9.22/maven-resolver-transport-wagon-1.9.22-sources.jar
2025-04-18 13:47:38,860 [Worker-3: Searching...] INFO  o.e.m.c.i.e.AbstractTransferListenerAdapter - Downloaded https://repo.maven.apache.org/maven2/org/apache/maven/resolver/maven-resolver-transport-wagon/1.9.22/maven-resolver-transport-wagon-1.9.22-sources.jar
2025-04-18 13:47:39,633 [Worker-3: Searching...] INFO  o.e.m.c.i.e.AbstractTransferListenerAdapter - Downloading https://repo.maven.apache.org/maven2/org/apache/maven/resolver/maven-resolver-util/1.9.22/maven-resolver-util-1.9.22-sources.jar
2025-04-18 13:47:40,038 [Worker-3: Searching...] INFO  o.e.m.c.i.e.AbstractTransferListenerAdapter - Downloaded https://repo.maven.apache.org/maven2/org/apache/maven/resolver/maven-resolver-util/1.9.22/maven-resolver-util-1.9.22-sources.jar
2025-04-18 13:47:40,453 [Worker-3: Searching...] INFO  o.e.m.c.i.e.AbstractTransferListenerAdapter - Downloading https://repo.maven.apache.org/maven2/org/apache/maven/maven-settings/3.9.9/maven-settings-3.9.9-sources.jar
2025-04-18 13:47:40,474 [Worker-3: Searching...] INFO  o.e.m.c.i.e.AbstractTransferListenerAdapter - Downloaded https://repo.maven.apache.org/maven2/org/apache/maven/maven-settings/3.9.9/maven-settings-3.9.9-sources.jar
2025-04-18 13:47:40,799 [Worker-3: Searching...] INFO  o.e.m.c.i.e.AbstractTransferListenerAdapter - Downloading https://repo.maven.apache.org/maven2/org/apache/maven/maven-settings-builder/3.9.9/maven-settings-builder-3.9.9-sources.jar
2025-04-18 13:47:40,893 [Worker-3: Searching...] INFO  o.e.m.c.i.e.AbstractTransferListenerAdapter - Downloaded https://repo.maven.apache.org/maven2/org/apache/maven/maven-settings-builder/3.9.9/maven-settings-builder-3.9.9-sources.jar
2025-04-18 13:47:41,237 [Worker-3: Searching...] INFO  o.e.m.c.i.e.AbstractTransferListenerAdapter - Downloading https://repo.maven.apache.org/maven2/org/eclipse/sisu/org.eclipse.sisu.inject/0.9.0.M3/org.eclipse.sisu.inject-0.9.0.M3-sources.jar
2025-04-18 13:47:42,435 [Worker-3: Searching...] INFO  o.e.m.c.i.e.AbstractTransferListenerAdapter - Downloaded https://repo.maven.apache.org/maven2/org/eclipse/sisu/org.eclipse.sisu.inject/0.9.0.M3/org.eclipse.sisu.inject-0.9.0.M3-sources.jar
2025-04-18 13:47:42,855 [Worker-3: Searching...] INFO  o.e.m.c.i.e.AbstractTransferListenerAdapter - Downloading https://repo.maven.apache.org/maven2/org/eclipse/sisu/org.eclipse.sisu.plexus/0.9.0.M3/org.eclipse.sisu.plexus-0.9.0.M3-sources.jar
2025-04-18 13:47:43,341 [Worker-3: Searching...] INFO  o.e.m.c.i.e.AbstractTransferListenerAdapter - Downloaded https://repo.maven.apache.org/maven2/org/eclipse/sisu/org.eclipse.sisu.plexus/0.9.0.M3/org.eclipse.sisu.plexus-0.9.0.M3-sources.jar
2025-04-18 13:47:43,764 [Worker-3: Searching...] INFO  o.e.m.c.i.e.AbstractTransferListenerAdapter - Downloading https://repo.maven.apache.org/maven2/org/codehaus/plexus/plexus-xml/3.0.1/plexus-xml-3.0.1-sources.jar
2025-04-18 13:47:43,953 [Worker-3: Searching...] INFO  o.e.m.c.i.e.AbstractTransferListenerAdapter - Downloaded https://repo.maven.apache.org/maven2/org/codehaus/plexus/plexus-xml/3.0.1/plexus-xml-3.0.1-sources.jar
2025-04-18 13:47:44,365 [Worker-3: Searching...] INFO  o.e.m.c.i.e.AbstractTransferListenerAdapter - Downloading https://repo.maven.apache.org/maven2/org/apache/maven/maven-slf4j-provider/3.9.9/maven-slf4j-provider-3.9.9-sources.jar
2025-04-18 13:47:44,398 [Worker-3: Searching...] INFO  o.e.m.c.i.e.AbstractTransferListenerAdapter - Downloaded https://repo.maven.apache.org/maven2/org/apache/maven/maven-slf4j-provider/3.9.9/maven-slf4j-provider-3.9.9-sources.jar
2025-04-18 13:47:44,707 [Worker-3: Searching...] INFO  o.e.m.c.i.e.AbstractTransferListenerAdapter - Downloading https://repo.maven.apache.org/maven2/com/google/guava/guava/33.4.0-jre/guava-33.4.0-jre-sources.jar
2025-04-18 13:47:45,813 [Worker-3: Searching...] INFO  o.e.m.c.i.e.AbstractTransferListenerAdapter - Downloaded https://repo.maven.apache.org/maven2/com/google/guava/guava/33.4.0-jre/guava-33.4.0-jre-sources.jar
2025-04-18 13:47:46,158 [Worker-3: Searching...] INFO  o.e.m.c.i.e.AbstractTransferListenerAdapter - Downloading https://repo.maven.apache.org/maven2/commons-cli/commons-cli/1.9.0/commons-cli-1.9.0-sources.jar
2025-04-18 13:47:46,329 [Worker-3: Searching...] INFO  o.e.m.c.i.e.AbstractTransferListenerAdapter - Downloaded https://repo.maven.apache.org/maven2/commons-cli/commons-cli/1.9.0/commons-cli-1.9.0-sources.jar
2025-04-18 13:48:23,588 [Worker-7: Building] INFO  o.a.m.s.f.DefaultMavenResourcesFiltering - Copying 1 resource from src\main\resources to target\classes
2025-04-18 13:48:23,598 [Worker-7: Building] INFO  o.a.m.s.f.DefaultMavenResourcesFiltering - Copying 0 resource from src\main\resources to target\classes
2025-04-18 13:48:23,633 [Worker-7: Building] INFO  o.a.m.s.f.DefaultMavenResourcesFiltering - skip non existing resourceDirectory D:\AgadgoanApplication\DevoteeApplicationBackend\src\test\resources
2025-04-18 13:48:38,343 [Worker-5: Updating Maven Project] INFO  o.e.m.c.i.p.ProjectConfigurationManager - Update started
2025-04-18 13:48:39,817 [Worker-5: Updating Maven Project] INFO  o.e.m.c.i.l.LifecycleMappingFactory - Using org.eclipse.m2e.jdt.JarLifecycleMapping lifecycle mapping for MavenProject: com.project:AgadgoanApplication:0.0.1-SNAPSHOT @ D:\AgadgoanApplication\DevoteeApplicationBackend\pom.xml.
2025-04-18 13:48:41,896 [Worker-5: Updating Maven Project] INFO  o.e.m.j.i.AbstractJavaProjectConfigurator - Adding source folder /AgadgoanApplication/src/main/java
2025-04-18 13:48:41,901 [Worker-5: Updating Maven Project] INFO  o.e.m.j.i.AbstractJavaProjectConfigurator - Adding resource folder /AgadgoanApplication/src/main/resources
2025-04-18 13:48:41,902 [Worker-5: Updating Maven Project] INFO  o.e.m.j.i.AbstractJavaProjectConfigurator - Adding resource folder /AgadgoanApplication/src/main/resources
2025-04-18 13:48:41,903 [Worker-5: Updating Maven Project] INFO  o.e.m.j.i.AbstractJavaProjectConfigurator - Adding source folder /AgadgoanApplication/src/test/java
2025-04-18 13:48:41,905 [Worker-5: Updating Maven Project] INFO  o.e.m.j.i.AbstractJavaProjectConfigurator - Adding resource folder /AgadgoanApplication/src/test/resources
2025-04-18 13:48:42,570 [Worker-5: Updating Maven Project] INFO  o.e.m.c.i.p.ProjectConfigurationManager - Update completed for 1 poms: local refresh takes 0.00 sec, refresh facades takes 3.00 sec, update config takes 0.00 sec 
2025-04-18 13:48:43,445 [Worker-5: Building] INFO  o.a.m.s.f.DefaultMavenResourcesFiltering - Copying 1 resource from src\main\resources to target\classes
2025-04-18 13:48:43,466 [Worker-5: Building] INFO  o.a.m.s.f.DefaultMavenResourcesFiltering - Copying 0 resource from src\main\resources to target\classes
2025-04-18 13:48:43,473 [Worker-5: Building] INFO  o.a.m.s.f.DefaultMavenResourcesFiltering - skip non existing resourceDirectory D:\AgadgoanApplication\DevoteeApplicationBackend\src\test\resources
2025-04-18 13:51:32,431 [Worker-8: Building] INFO  o.a.m.s.f.DefaultMavenResourcesFiltering - Copying 1 resource from src\main\resources to target\classes
2025-04-18 13:51:32,452 [Worker-8: Building] INFO  o.a.m.s.f.DefaultMavenResourcesFiltering - Copying 0 resource from src\main\resources to target\classes
2025-04-18 13:51:32,463 [Worker-8: Building] INFO  o.a.m.s.f.DefaultMavenResourcesFiltering - skip non existing resourceDirectory D:\AgadgoanApplication\DevoteeApplicationBackend\src\test\resources
2025-04-18 13:51:46,519 [Worker-5: Launching Executing clean in D__AgadgoanApplication_DevoteeApplicationBackend] INFO  o.eclipse.m2e.core.internal.Bundles - getClasspathEntries(Bundle=org.eclipse.m2e.maven.runtime_3.9.900.20250220-2013 [296])
2025-04-18 13:51:46,520 [Worker-5: Launching Executing clean in D__AgadgoanApplication_DevoteeApplicationBackend] INFO  o.eclipse.m2e.core.internal.Bundles - 	Entry: C:\Users\Admin\.p2\pool\plugins\org.eclipse.m2e.maven.runtime_3.9.900.20250220-2013
2025-04-18 13:51:46,520 [Worker-5: Launching Executing clean in D__AgadgoanApplication_DevoteeApplicationBackend] INFO  o.eclipse.m2e.core.internal.Bundles - 	Entry: C:\Users\Admin\.p2\pool\plugins\org.eclipse.m2e.maven.runtime_3.9.900.20250220-2013\jars\aopalliance-1.0.jar
2025-04-18 13:51:46,521 [Worker-5: Launching Executing clean in D__AgadgoanApplication_DevoteeApplicationBackend] INFO  o.eclipse.m2e.core.internal.Bundles - 	Entry: C:\Users\Admin\.p2\pool\plugins\org.eclipse.m2e.maven.runtime_3.9.900.20250220-2013\jars\guice-5.1.0.jar
2025-04-18 13:51:46,521 [Worker-5: Launching Executing clean in D__AgadgoanApplication_DevoteeApplicationBackend] INFO  o.eclipse.m2e.core.internal.Bundles - 	Entry: C:\Users\Admin\.p2\pool\plugins\org.eclipse.m2e.maven.runtime_3.9.900.20250220-2013\jars\httpclient-4.5.14.jar
2025-04-18 13:51:46,521 [Worker-5: Launching Executing clean in D__AgadgoanApplication_DevoteeApplicationBackend] INFO  o.eclipse.m2e.core.internal.Bundles - 	Entry: C:\Users\Admin\.p2\pool\plugins\org.eclipse.m2e.maven.runtime_3.9.900.20250220-2013\jars\httpcore-4.4.16.jar
2025-04-18 13:51:46,521 [Worker-5: Launching Executing clean in D__AgadgoanApplication_DevoteeApplicationBackend] INFO  o.eclipse.m2e.core.internal.Bundles - 	Entry: C:\Users\Admin\.p2\pool\plugins\org.eclipse.m2e.maven.runtime_3.9.900.20250220-2013\jars\jansi-2.4.1.jar
2025-04-18 13:51:46,521 [Worker-5: Launching Executing clean in D__AgadgoanApplication_DevoteeApplicationBackend] INFO  o.eclipse.m2e.core.internal.Bundles - 	Entry: C:\Users\Admin\.p2\pool\plugins\org.eclipse.m2e.maven.runtime_3.9.900.20250220-2013\jars\jcl-over-slf4j-1.7.36.jar
2025-04-18 13:51:46,521 [Worker-5: Launching Executing clean in D__AgadgoanApplication_DevoteeApplicationBackend] INFO  o.eclipse.m2e.core.internal.Bundles - 	Entry: C:\Users\Admin\.p2\pool\plugins\org.eclipse.m2e.maven.runtime_3.9.900.20250220-2013\jars\maven-artifact-3.9.9.jar
2025-04-18 13:51:46,521 [Worker-5: Launching Executing clean in D__AgadgoanApplication_DevoteeApplicationBackend] INFO  o.eclipse.m2e.core.internal.Bundles - 	Entry: C:\Users\Admin\.p2\pool\plugins\org.eclipse.m2e.maven.runtime_3.9.900.20250220-2013\jars\maven-builder-support-3.9.9.jar
2025-04-18 13:51:46,521 [Worker-5: Launching Executing clean in D__AgadgoanApplication_DevoteeApplicationBackend] INFO  o.eclipse.m2e.core.internal.Bundles - 	Entry: C:\Users\Admin\.p2\pool\plugins\org.eclipse.m2e.maven.runtime_3.9.900.20250220-2013\jars\maven-compat-3.9.9.jar
2025-04-18 13:51:46,521 [Worker-5: Launching Executing clean in D__AgadgoanApplication_DevoteeApplicationBackend] INFO  o.eclipse.m2e.core.internal.Bundles - 	Entry: C:\Users\Admin\.p2\pool\plugins\org.eclipse.m2e.maven.runtime_3.9.900.20250220-2013\jars\maven-core-3.9.9.jar
2025-04-18 13:51:46,521 [Worker-5: Launching Executing clean in D__AgadgoanApplication_DevoteeApplicationBackend] INFO  o.eclipse.m2e.core.internal.Bundles - 	Entry: C:\Users\Admin\.p2\pool\plugins\org.eclipse.m2e.maven.runtime_3.9.900.20250220-2013\jars\maven-embedder-3.9.9.jar
2025-04-18 13:51:46,523 [Worker-5: Launching Executing clean in D__AgadgoanApplication_DevoteeApplicationBackend] INFO  o.eclipse.m2e.core.internal.Bundles - 	Entry: C:\Users\Admin\.p2\pool\plugins\org.eclipse.m2e.maven.runtime_3.9.900.20250220-2013\jars\maven-model-3.9.9.jar
2025-04-18 13:51:46,523 [Worker-5: Launching Executing clean in D__AgadgoanApplication_DevoteeApplicationBackend] INFO  o.eclipse.m2e.core.internal.Bundles - 	Entry: C:\Users\Admin\.p2\pool\plugins\org.eclipse.m2e.maven.runtime_3.9.900.20250220-2013\jars\maven-model-builder-3.9.9.jar
2025-04-18 13:51:46,523 [Worker-5: Launching Executing clean in D__AgadgoanApplication_DevoteeApplicationBackend] INFO  o.eclipse.m2e.core.internal.Bundles - 	Entry: C:\Users\Admin\.p2\pool\plugins\org.eclipse.m2e.maven.runtime_3.9.900.20250220-2013\jars\maven-plugin-api-3.9.9.jar
2025-04-18 13:51:46,523 [Worker-5: Launching Executing clean in D__AgadgoanApplication_DevoteeApplicationBackend] INFO  o.eclipse.m2e.core.internal.Bundles - 	Entry: C:\Users\Admin\.p2\pool\plugins\org.eclipse.m2e.maven.runtime_3.9.900.20250220-2013\jars\maven-repository-metadata-3.9.9.jar
2025-04-18 13:51:46,524 [Worker-5: Launching Executing clean in D__AgadgoanApplication_DevoteeApplicationBackend] INFO  o.eclipse.m2e.core.internal.Bundles - 	Entry: C:\Users\Admin\.p2\pool\plugins\org.eclipse.m2e.maven.runtime_3.9.900.20250220-2013\jars\maven-resolver-api-1.9.22.jar
2025-04-18 13:51:46,524 [Worker-5: Launching Executing clean in D__AgadgoanApplication_DevoteeApplicationBackend] INFO  o.eclipse.m2e.core.internal.Bundles - 	Entry: C:\Users\Admin\.p2\pool\plugins\org.eclipse.m2e.maven.runtime_3.9.900.20250220-2013\jars\maven-resolver-connector-basic-1.9.22.jar
2025-04-18 13:51:46,524 [Worker-5: Launching Executing clean in D__AgadgoanApplication_DevoteeApplicationBackend] INFO  o.eclipse.m2e.core.internal.Bundles - 	Entry: C:\Users\Admin\.p2\pool\plugins\org.eclipse.m2e.maven.runtime_3.9.900.20250220-2013\jars\maven-resolver-impl-1.9.22.jar
2025-04-18 13:51:46,524 [Worker-5: Launching Executing clean in D__AgadgoanApplication_DevoteeApplicationBackend] INFO  o.eclipse.m2e.core.internal.Bundles - 	Entry: C:\Users\Admin\.p2\pool\plugins\org.eclipse.m2e.maven.runtime_3.9.900.20250220-2013\jars\maven-resolver-named-locks-1.9.22.jar
2025-04-18 13:51:46,524 [Worker-5: Launching Executing clean in D__AgadgoanApplication_DevoteeApplicationBackend] INFO  o.eclipse.m2e.core.internal.Bundles - 	Entry: C:\Users\Admin\.p2\pool\plugins\org.eclipse.m2e.maven.runtime_3.9.900.20250220-2013\jars\maven-resolver-provider-3.9.9.jar
2025-04-18 13:51:46,524 [Worker-5: Launching Executing clean in D__AgadgoanApplication_DevoteeApplicationBackend] INFO  o.eclipse.m2e.core.internal.Bundles - 	Entry: C:\Users\Admin\.p2\pool\plugins\org.eclipse.m2e.maven.runtime_3.9.900.20250220-2013\jars\maven-resolver-spi-1.9.22.jar
2025-04-18 13:51:46,524 [Worker-5: Launching Executing clean in D__AgadgoanApplication_DevoteeApplicationBackend] INFO  o.eclipse.m2e.core.internal.Bundles - 	Entry: C:\Users\Admin\.p2\pool\plugins\org.eclipse.m2e.maven.runtime_3.9.900.20250220-2013\jars\maven-resolver-transport-file-1.9.22.jar
2025-04-18 13:51:46,524 [Worker-5: Launching Executing clean in D__AgadgoanApplication_DevoteeApplicationBackend] INFO  o.eclipse.m2e.core.internal.Bundles - 	Entry: C:\Users\Admin\.p2\pool\plugins\org.eclipse.m2e.maven.runtime_3.9.900.20250220-2013\jars\maven-resolver-transport-http-1.9.22.jar
2025-04-18 13:51:46,524 [Worker-5: Launching Executing clean in D__AgadgoanApplication_DevoteeApplicationBackend] INFO  o.eclipse.m2e.core.internal.Bundles - 	Entry: C:\Users\Admin\.p2\pool\plugins\org.eclipse.m2e.maven.runtime_3.9.900.20250220-2013\jars\maven-resolver-transport-wagon-1.9.22.jar
2025-04-18 13:51:46,525 [Worker-5: Launching Executing clean in D__AgadgoanApplication_DevoteeApplicationBackend] INFO  o.eclipse.m2e.core.internal.Bundles - 	Entry: C:\Users\Admin\.p2\pool\plugins\org.eclipse.m2e.maven.runtime_3.9.900.20250220-2013\jars\maven-resolver-util-1.9.22.jar
2025-04-18 13:51:46,525 [Worker-5: Launching Executing clean in D__AgadgoanApplication_DevoteeApplicationBackend] INFO  o.eclipse.m2e.core.internal.Bundles - 	Entry: C:\Users\Admin\.p2\pool\plugins\org.eclipse.m2e.maven.runtime_3.9.900.20250220-2013\jars\maven-settings-3.9.9.jar
2025-04-18 13:51:46,525 [Worker-5: Launching Executing clean in D__AgadgoanApplication_DevoteeApplicationBackend] INFO  o.eclipse.m2e.core.internal.Bundles - 	Entry: C:\Users\Admin\.p2\pool\plugins\org.eclipse.m2e.maven.runtime_3.9.900.20250220-2013\jars\maven-settings-builder-3.9.9.jar
2025-04-18 13:51:46,525 [Worker-5: Launching Executing clean in D__AgadgoanApplication_DevoteeApplicationBackend] INFO  o.eclipse.m2e.core.internal.Bundles - 	Entry: C:\Users\Admin\.p2\pool\plugins\org.eclipse.m2e.maven.runtime_3.9.900.20250220-2013\jars\maven-shared-utils-3.4.2.jar
2025-04-18 13:51:46,526 [Worker-5: Launching Executing clean in D__AgadgoanApplication_DevoteeApplicationBackend] INFO  o.eclipse.m2e.core.internal.Bundles - 	Entry: C:\Users\Admin\.p2\pool\plugins\org.eclipse.m2e.maven.runtime_3.9.900.20250220-2013\jars\org.eclipse.sisu.inject-0.9.0.M3.jar
2025-04-18 13:51:46,526 [Worker-5: Launching Executing clean in D__AgadgoanApplication_DevoteeApplicationBackend] INFO  o.eclipse.m2e.core.internal.Bundles - 	Entry: C:\Users\Admin\.p2\pool\plugins\org.eclipse.m2e.maven.runtime_3.9.900.20250220-2013\jars\org.eclipse.sisu.plexus-0.9.0.M3.jar
2025-04-18 13:51:46,526 [Worker-5: Launching Executing clean in D__AgadgoanApplication_DevoteeApplicationBackend] INFO  o.eclipse.m2e.core.internal.Bundles - 	Entry: C:\Users\Admin\.p2\pool\plugins\org.eclipse.m2e.maven.runtime_3.9.900.20250220-2013\jars\plexus-build-api-0.0.7.jar
2025-04-18 13:51:46,526 [Worker-5: Launching Executing clean in D__AgadgoanApplication_DevoteeApplicationBackend] INFO  o.eclipse.m2e.core.internal.Bundles - 	Entry: C:\Users\Admin\.p2\pool\plugins\org.eclipse.m2e.maven.runtime_3.9.900.20250220-2013\jars\plexus-build-api-1.2.0.jar
2025-04-18 13:51:46,527 [Worker-5: Launching Executing clean in D__AgadgoanApplication_DevoteeApplicationBackend] INFO  o.eclipse.m2e.core.internal.Bundles - 	Entry: C:\Users\Admin\.p2\pool\plugins\org.eclipse.m2e.maven.runtime_3.9.900.20250220-2013\jars\plexus-cipher-2.0.jar
2025-04-18 13:51:46,527 [Worker-5: Launching Executing clean in D__AgadgoanApplication_DevoteeApplicationBackend] INFO  o.eclipse.m2e.core.internal.Bundles - 	Entry: C:\Users\Admin\.p2\pool\plugins\org.eclipse.m2e.maven.runtime_3.9.900.20250220-2013\jars\plexus-classworlds-2.8.0.jar
2025-04-18 13:51:46,528 [Worker-5: Launching Executing clean in D__AgadgoanApplication_DevoteeApplicationBackend] INFO  o.eclipse.m2e.core.internal.Bundles - 	Entry: C:\Users\Admin\.p2\pool\plugins\org.eclipse.m2e.maven.runtime_3.9.900.20250220-2013\jars\plexus-component-annotations-2.1.0.jar
2025-04-18 13:51:46,528 [Worker-5: Launching Executing clean in D__AgadgoanApplication_DevoteeApplicationBackend] INFO  o.eclipse.m2e.core.internal.Bundles - 	Entry: C:\Users\Admin\.p2\pool\plugins\org.eclipse.m2e.maven.runtime_3.9.900.20250220-2013\jars\plexus-interpolation-1.27.jar
2025-04-18 13:51:46,528 [Worker-5: Launching Executing clean in D__AgadgoanApplication_DevoteeApplicationBackend] INFO  o.eclipse.m2e.core.internal.Bundles - 	Entry: C:\Users\Admin\.p2\pool\plugins\org.eclipse.m2e.maven.runtime_3.9.900.20250220-2013\jars\plexus-sec-dispatcher-2.0.jar
2025-04-18 13:51:46,528 [Worker-5: Launching Executing clean in D__AgadgoanApplication_DevoteeApplicationBackend] INFO  o.eclipse.m2e.core.internal.Bundles - 	Entry: C:\Users\Admin\.p2\pool\plugins\org.eclipse.m2e.maven.runtime_3.9.900.20250220-2013\jars\plexus-utils-3.5.1.jar
2025-04-18 13:51:46,528 [Worker-5: Launching Executing clean in D__AgadgoanApplication_DevoteeApplicationBackend] INFO  o.eclipse.m2e.core.internal.Bundles - 	Entry: C:\Users\Admin\.p2\pool\plugins\org.eclipse.m2e.maven.runtime_3.9.900.20250220-2013\jars\plexus-xml-3.0.1.jar
2025-04-18 13:51:46,528 [Worker-5: Launching Executing clean in D__AgadgoanApplication_DevoteeApplicationBackend] INFO  o.eclipse.m2e.core.internal.Bundles - 	Entry: C:\Users\Admin\.p2\pool\plugins\org.eclipse.m2e.maven.runtime_3.9.900.20250220-2013\jars\wagon-file-3.5.3.jar
2025-04-18 13:51:46,529 [Worker-5: Launching Executing clean in D__AgadgoanApplication_DevoteeApplicationBackend] INFO  o.eclipse.m2e.core.internal.Bundles - 	Entry: C:\Users\Admin\.p2\pool\plugins\org.eclipse.m2e.maven.runtime_3.9.900.20250220-2013\jars\wagon-http-3.5.3.jar
2025-04-18 13:51:46,529 [Worker-5: Launching Executing clean in D__AgadgoanApplication_DevoteeApplicationBackend] INFO  o.eclipse.m2e.core.internal.Bundles - 	Entry: C:\Users\Admin\.p2\pool\plugins\org.eclipse.m2e.maven.runtime_3.9.900.20250220-2013\jars\wagon-http-shared-3.5.3.jar
2025-04-18 13:51:46,529 [Worker-5: Launching Executing clean in D__AgadgoanApplication_DevoteeApplicationBackend] INFO  o.eclipse.m2e.core.internal.Bundles - 	Entry: C:\Users\Admin\.p2\pool\plugins\org.eclipse.m2e.maven.runtime_3.9.900.20250220-2013\jars\wagon-provider-api-3.5.3.jar
2025-04-18 13:51:46,529 [Worker-5: Launching Executing clean in D__AgadgoanApplication_DevoteeApplicationBackend] INFO  o.eclipse.m2e.core.internal.Bundles - getClasspathEntries(Bundle=com.google.guava_33.4.0.jre [12])
2025-04-18 13:51:46,530 [Worker-5: Launching Executing clean in D__AgadgoanApplication_DevoteeApplicationBackend] INFO  o.eclipse.m2e.core.internal.Bundles - 	Entry: C:\Users\Admin\.p2\pool\plugins\com.google.guava_33.4.0.jre.jar
2025-04-18 13:51:46,530 [Worker-5: Launching Executing clean in D__AgadgoanApplication_DevoteeApplicationBackend] INFO  o.eclipse.m2e.core.internal.Bundles - getClasspathEntries(Bundle=slf4j.api_2.0.17 [589])
2025-04-18 13:51:46,530 [Worker-5: Launching Executing clean in D__AgadgoanApplication_DevoteeApplicationBackend] INFO  o.eclipse.m2e.core.internal.Bundles - 	Entry: C:\Users\Admin\.p2\pool\plugins\slf4j.api_2.0.17.jar
2025-04-18 13:51:46,530 [Worker-5: Launching Executing clean in D__AgadgoanApplication_DevoteeApplicationBackend] INFO  o.eclipse.m2e.core.internal.Bundles - getClasspathEntries(Bundle=jakarta.inject.jakarta.inject-api_1.0.5 [24])
2025-04-18 13:51:46,531 [Worker-5: Launching Executing clean in D__AgadgoanApplication_DevoteeApplicationBackend] INFO  o.eclipse.m2e.core.internal.Bundles - 	Entry: C:\Users\Admin\.p2\pool\plugins\jakarta.inject.jakarta.inject-api_1.0.5.jar
2025-04-18 13:51:46,531 [Worker-5: Launching Executing clean in D__AgadgoanApplication_DevoteeApplicationBackend] INFO  o.eclipse.m2e.core.internal.Bundles - getClasspathEntries(Bundle=jakarta.annotation-api_1.3.5 [22])
2025-04-18 13:51:46,536 [Worker-5: Launching Executing clean in D__AgadgoanApplication_DevoteeApplicationBackend] INFO  o.eclipse.m2e.core.internal.Bundles - 	Entry: C:\Users\Admin\.p2\pool\plugins\jakarta.annotation-api_1.3.5.jar
2025-04-18 13:51:46,536 [Worker-5: Launching Executing clean in D__AgadgoanApplication_DevoteeApplicationBackend] INFO  o.eclipse.m2e.core.internal.Bundles - getClasspathEntries(Bundle=org.apache.commons.cli_1.9.0 [48])
2025-04-18 13:51:46,537 [Worker-5: Launching Executing clean in D__AgadgoanApplication_DevoteeApplicationBackend] INFO  o.eclipse.m2e.core.internal.Bundles - 	Entry: C:\Users\Admin\.p2\pool\plugins\org.apache.commons.cli_1.9.0.jar
2025-04-18 13:51:46,537 [Worker-5: Launching Executing clean in D__AgadgoanApplication_DevoteeApplicationBackend] INFO  o.eclipse.m2e.core.internal.Bundles - getClasspathEntries(Bundle=org.apache.commons.commons-codec_1.16.0 [49])
2025-04-18 13:51:46,538 [Worker-5: Launching Executing clean in D__AgadgoanApplication_DevoteeApplicationBackend] INFO  o.eclipse.m2e.core.internal.Bundles - 	Entry: C:\Users\Admin\.p2\pool\plugins\org.apache.commons.commons-codec_1.16.0.jar
2025-04-18 13:51:46,538 [Worker-5: Launching Executing clean in D__AgadgoanApplication_DevoteeApplicationBackend] INFO  o.eclipse.m2e.core.internal.Bundles - getClasspathEntries(Bundle=com.google.guava.failureaccess_1.0.2 [13])
2025-04-18 13:51:46,539 [Worker-5: Launching Executing clean in D__AgadgoanApplication_DevoteeApplicationBackend] INFO  o.eclipse.m2e.core.internal.Bundles - 	Entry: C:\Users\Admin\.p2\pool\plugins\com.google.guava.failureaccess_1.0.2.jar
2025-04-18 13:51:46,541 [Worker-5: Launching Executing clean in D__AgadgoanApplication_DevoteeApplicationBackend] INFO  o.e.m.i.launch.MavenLaunchDelegate - Run build in "D:\AgadgoanApplication\DevoteeApplicationBackend":
2025-04-18 13:51:46,542 [Worker-5: Launching Executing clean in D__AgadgoanApplication_DevoteeApplicationBackend] INFO  o.e.m.i.launch.MavenLaunchDelegate -  mvn  -B -Dstyle.color=always clean
2025-04-18 13:51:51,013 [Worker-16: Building] INFO  o.a.m.s.f.DefaultMavenResourcesFiltering - Copying 1 resource from src\main\resources to target\classes
2025-04-18 13:51:51,019 [Worker-16: Building] INFO  o.a.m.s.f.DefaultMavenResourcesFiltering - Copying 0 resource from src\main\resources to target\classes
2025-04-18 13:51:51,025 [Worker-16: Building] INFO  o.a.m.s.f.DefaultMavenResourcesFiltering - skip non existing resourceDirectory D:\AgadgoanApplication\DevoteeApplicationBackend\src\test\resources
2025-04-18 13:52:07,210 [Worker-13: Launching Executing install in D__AgadgoanApplication_DevoteeApplicationBackend] INFO  o.eclipse.m2e.core.internal.Bundles - getClasspathEntries(Bundle=org.eclipse.m2e.maven.runtime_3.9.900.20250220-2013 [296])
2025-04-18 13:52:07,211 [Worker-13: Launching Executing install in D__AgadgoanApplication_DevoteeApplicationBackend] INFO  o.eclipse.m2e.core.internal.Bundles - 	Entry: C:\Users\Admin\.p2\pool\plugins\org.eclipse.m2e.maven.runtime_3.9.900.20250220-2013
2025-04-18 13:52:07,212 [Worker-13: Launching Executing install in D__AgadgoanApplication_DevoteeApplicationBackend] INFO  o.eclipse.m2e.core.internal.Bundles - 	Entry: C:\Users\Admin\.p2\pool\plugins\org.eclipse.m2e.maven.runtime_3.9.900.20250220-2013\jars\aopalliance-1.0.jar
2025-04-18 13:52:07,212 [Worker-13: Launching Executing install in D__AgadgoanApplication_DevoteeApplicationBackend] INFO  o.eclipse.m2e.core.internal.Bundles - 	Entry: C:\Users\Admin\.p2\pool\plugins\org.eclipse.m2e.maven.runtime_3.9.900.20250220-2013\jars\guice-5.1.0.jar
2025-04-18 13:52:07,212 [Worker-13: Launching Executing install in D__AgadgoanApplication_DevoteeApplicationBackend] INFO  o.eclipse.m2e.core.internal.Bundles - 	Entry: C:\Users\Admin\.p2\pool\plugins\org.eclipse.m2e.maven.runtime_3.9.900.20250220-2013\jars\httpclient-4.5.14.jar
2025-04-18 13:52:07,214 [Worker-13: Launching Executing install in D__AgadgoanApplication_DevoteeApplicationBackend] INFO  o.eclipse.m2e.core.internal.Bundles - 	Entry: C:\Users\Admin\.p2\pool\plugins\org.eclipse.m2e.maven.runtime_3.9.900.20250220-2013\jars\httpcore-4.4.16.jar
2025-04-18 13:52:07,216 [Worker-13: Launching Executing install in D__AgadgoanApplication_DevoteeApplicationBackend] INFO  o.eclipse.m2e.core.internal.Bundles - 	Entry: C:\Users\Admin\.p2\pool\plugins\org.eclipse.m2e.maven.runtime_3.9.900.20250220-2013\jars\jansi-2.4.1.jar
2025-04-18 13:52:07,216 [Worker-13: Launching Executing install in D__AgadgoanApplication_DevoteeApplicationBackend] INFO  o.eclipse.m2e.core.internal.Bundles - 	Entry: C:\Users\Admin\.p2\pool\plugins\org.eclipse.m2e.maven.runtime_3.9.900.20250220-2013\jars\jcl-over-slf4j-1.7.36.jar
2025-04-18 13:52:07,217 [Worker-13: Launching Executing install in D__AgadgoanApplication_DevoteeApplicationBackend] INFO  o.eclipse.m2e.core.internal.Bundles - 	Entry: C:\Users\Admin\.p2\pool\plugins\org.eclipse.m2e.maven.runtime_3.9.900.20250220-2013\jars\maven-artifact-3.9.9.jar
2025-04-18 13:52:07,218 [Worker-13: Launching Executing install in D__AgadgoanApplication_DevoteeApplicationBackend] INFO  o.eclipse.m2e.core.internal.Bundles - 	Entry: C:\Users\Admin\.p2\pool\plugins\org.eclipse.m2e.maven.runtime_3.9.900.20250220-2013\jars\maven-builder-support-3.9.9.jar
2025-04-18 13:52:07,218 [Worker-13: Launching Executing install in D__AgadgoanApplication_DevoteeApplicationBackend] INFO  o.eclipse.m2e.core.internal.Bundles - 	Entry: C:\Users\Admin\.p2\pool\plugins\org.eclipse.m2e.maven.runtime_3.9.900.20250220-2013\jars\maven-compat-3.9.9.jar
2025-04-18 13:52:07,219 [Worker-13: Launching Executing install in D__AgadgoanApplication_DevoteeApplicationBackend] INFO  o.eclipse.m2e.core.internal.Bundles - 	Entry: C:\Users\Admin\.p2\pool\plugins\org.eclipse.m2e.maven.runtime_3.9.900.20250220-2013\jars\maven-core-3.9.9.jar
2025-04-18 13:52:07,220 [Worker-13: Launching Executing install in D__AgadgoanApplication_DevoteeApplicationBackend] INFO  o.eclipse.m2e.core.internal.Bundles - 	Entry: C:\Users\Admin\.p2\pool\plugins\org.eclipse.m2e.maven.runtime_3.9.900.20250220-2013\jars\maven-embedder-3.9.9.jar
2025-04-18 13:52:07,221 [Worker-13: Launching Executing install in D__AgadgoanApplication_DevoteeApplicationBackend] INFO  o.eclipse.m2e.core.internal.Bundles - 	Entry: C:\Users\Admin\.p2\pool\plugins\org.eclipse.m2e.maven.runtime_3.9.900.20250220-2013\jars\maven-model-3.9.9.jar
2025-04-18 13:52:07,221 [Worker-13: Launching Executing install in D__AgadgoanApplication_DevoteeApplicationBackend] INFO  o.eclipse.m2e.core.internal.Bundles - 	Entry: C:\Users\Admin\.p2\pool\plugins\org.eclipse.m2e.maven.runtime_3.9.900.20250220-2013\jars\maven-model-builder-3.9.9.jar
2025-04-18 13:52:07,222 [Worker-13: Launching Executing install in D__AgadgoanApplication_DevoteeApplicationBackend] INFO  o.eclipse.m2e.core.internal.Bundles - 	Entry: C:\Users\Admin\.p2\pool\plugins\org.eclipse.m2e.maven.runtime_3.9.900.20250220-2013\jars\maven-plugin-api-3.9.9.jar
2025-04-18 13:52:07,222 [Worker-13: Launching Executing install in D__AgadgoanApplication_DevoteeApplicationBackend] INFO  o.eclipse.m2e.core.internal.Bundles - 	Entry: C:\Users\Admin\.p2\pool\plugins\org.eclipse.m2e.maven.runtime_3.9.900.20250220-2013\jars\maven-repository-metadata-3.9.9.jar
2025-04-18 13:52:07,222 [Worker-13: Launching Executing install in D__AgadgoanApplication_DevoteeApplicationBackend] INFO  o.eclipse.m2e.core.internal.Bundles - 	Entry: C:\Users\Admin\.p2\pool\plugins\org.eclipse.m2e.maven.runtime_3.9.900.20250220-2013\jars\maven-resolver-api-1.9.22.jar
2025-04-18 13:52:07,222 [Worker-13: Launching Executing install in D__AgadgoanApplication_DevoteeApplicationBackend] INFO  o.eclipse.m2e.core.internal.Bundles - 	Entry: C:\Users\Admin\.p2\pool\plugins\org.eclipse.m2e.maven.runtime_3.9.900.20250220-2013\jars\maven-resolver-connector-basic-1.9.22.jar
2025-04-18 13:52:07,223 [Worker-13: Launching Executing install in D__AgadgoanApplication_DevoteeApplicationBackend] INFO  o.eclipse.m2e.core.internal.Bundles - 	Entry: C:\Users\Admin\.p2\pool\plugins\org.eclipse.m2e.maven.runtime_3.9.900.20250220-2013\jars\maven-resolver-impl-1.9.22.jar
2025-04-18 13:52:07,223 [Worker-13: Launching Executing install in D__AgadgoanApplication_DevoteeApplicationBackend] INFO  o.eclipse.m2e.core.internal.Bundles - 	Entry: C:\Users\Admin\.p2\pool\plugins\org.eclipse.m2e.maven.runtime_3.9.900.20250220-2013\jars\maven-resolver-named-locks-1.9.22.jar
2025-04-18 13:52:07,223 [Worker-13: Launching Executing install in D__AgadgoanApplication_DevoteeApplicationBackend] INFO  o.eclipse.m2e.core.internal.Bundles - 	Entry: C:\Users\Admin\.p2\pool\plugins\org.eclipse.m2e.maven.runtime_3.9.900.20250220-2013\jars\maven-resolver-provider-3.9.9.jar
2025-04-18 13:52:07,224 [Worker-13: Launching Executing install in D__AgadgoanApplication_DevoteeApplicationBackend] INFO  o.eclipse.m2e.core.internal.Bundles - 	Entry: C:\Users\Admin\.p2\pool\plugins\org.eclipse.m2e.maven.runtime_3.9.900.20250220-2013\jars\maven-resolver-spi-1.9.22.jar
2025-04-18 13:52:07,224 [Worker-13: Launching Executing install in D__AgadgoanApplication_DevoteeApplicationBackend] INFO  o.eclipse.m2e.core.internal.Bundles - 	Entry: C:\Users\Admin\.p2\pool\plugins\org.eclipse.m2e.maven.runtime_3.9.900.20250220-2013\jars\maven-resolver-transport-file-1.9.22.jar
2025-04-18 13:52:07,224 [Worker-13: Launching Executing install in D__AgadgoanApplication_DevoteeApplicationBackend] INFO  o.eclipse.m2e.core.internal.Bundles - 	Entry: C:\Users\Admin\.p2\pool\plugins\org.eclipse.m2e.maven.runtime_3.9.900.20250220-2013\jars\maven-resolver-transport-http-1.9.22.jar
2025-04-18 13:52:07,225 [Worker-13: Launching Executing install in D__AgadgoanApplication_DevoteeApplicationBackend] INFO  o.eclipse.m2e.core.internal.Bundles - 	Entry: C:\Users\Admin\.p2\pool\plugins\org.eclipse.m2e.maven.runtime_3.9.900.20250220-2013\jars\maven-resolver-transport-wagon-1.9.22.jar
2025-04-18 13:52:07,225 [Worker-13: Launching Executing install in D__AgadgoanApplication_DevoteeApplicationBackend] INFO  o.eclipse.m2e.core.internal.Bundles - 	Entry: C:\Users\Admin\.p2\pool\plugins\org.eclipse.m2e.maven.runtime_3.9.900.20250220-2013\jars\maven-resolver-util-1.9.22.jar
2025-04-18 13:52:07,225 [Worker-13: Launching Executing install in D__AgadgoanApplication_DevoteeApplicationBackend] INFO  o.eclipse.m2e.core.internal.Bundles - 	Entry: C:\Users\Admin\.p2\pool\plugins\org.eclipse.m2e.maven.runtime_3.9.900.20250220-2013\jars\maven-settings-3.9.9.jar
2025-04-18 13:52:07,225 [Worker-13: Launching Executing install in D__AgadgoanApplication_DevoteeApplicationBackend] INFO  o.eclipse.m2e.core.internal.Bundles - 	Entry: C:\Users\Admin\.p2\pool\plugins\org.eclipse.m2e.maven.runtime_3.9.900.20250220-2013\jars\maven-settings-builder-3.9.9.jar
2025-04-18 13:52:07,226 [Worker-13: Launching Executing install in D__AgadgoanApplication_DevoteeApplicationBackend] INFO  o.eclipse.m2e.core.internal.Bundles - 	Entry: C:\Users\Admin\.p2\pool\plugins\org.eclipse.m2e.maven.runtime_3.9.900.20250220-2013\jars\maven-shared-utils-3.4.2.jar
2025-04-18 13:52:07,226 [Worker-13: Launching Executing install in D__AgadgoanApplication_DevoteeApplicationBackend] INFO  o.eclipse.m2e.core.internal.Bundles - 	Entry: C:\Users\Admin\.p2\pool\plugins\org.eclipse.m2e.maven.runtime_3.9.900.20250220-2013\jars\org.eclipse.sisu.inject-0.9.0.M3.jar
2025-04-18 13:52:07,226 [Worker-13: Launching Executing install in D__AgadgoanApplication_DevoteeApplicationBackend] INFO  o.eclipse.m2e.core.internal.Bundles - 	Entry: C:\Users\Admin\.p2\pool\plugins\org.eclipse.m2e.maven.runtime_3.9.900.20250220-2013\jars\org.eclipse.sisu.plexus-0.9.0.M3.jar
2025-04-18 13:52:07,226 [Worker-13: Launching Executing install in D__AgadgoanApplication_DevoteeApplicationBackend] INFO  o.eclipse.m2e.core.internal.Bundles - 	Entry: C:\Users\Admin\.p2\pool\plugins\org.eclipse.m2e.maven.runtime_3.9.900.20250220-2013\jars\plexus-build-api-0.0.7.jar
2025-04-18 13:52:07,227 [Worker-13: Launching Executing install in D__AgadgoanApplication_DevoteeApplicationBackend] INFO  o.eclipse.m2e.core.internal.Bundles - 	Entry: C:\Users\Admin\.p2\pool\plugins\org.eclipse.m2e.maven.runtime_3.9.900.20250220-2013\jars\plexus-build-api-1.2.0.jar
2025-04-18 13:52:07,227 [Worker-13: Launching Executing install in D__AgadgoanApplication_DevoteeApplicationBackend] INFO  o.eclipse.m2e.core.internal.Bundles - 	Entry: C:\Users\Admin\.p2\pool\plugins\org.eclipse.m2e.maven.runtime_3.9.900.20250220-2013\jars\plexus-cipher-2.0.jar
2025-04-18 13:52:07,227 [Worker-13: Launching Executing install in D__AgadgoanApplication_DevoteeApplicationBackend] INFO  o.eclipse.m2e.core.internal.Bundles - 	Entry: C:\Users\Admin\.p2\pool\plugins\org.eclipse.m2e.maven.runtime_3.9.900.20250220-2013\jars\plexus-classworlds-2.8.0.jar
2025-04-18 13:52:07,227 [Worker-13: Launching Executing install in D__AgadgoanApplication_DevoteeApplicationBackend] INFO  o.eclipse.m2e.core.internal.Bundles - 	Entry: C:\Users\Admin\.p2\pool\plugins\org.eclipse.m2e.maven.runtime_3.9.900.20250220-2013\jars\plexus-component-annotations-2.1.0.jar
2025-04-18 13:52:07,227 [Worker-13: Launching Executing install in D__AgadgoanApplication_DevoteeApplicationBackend] INFO  o.eclipse.m2e.core.internal.Bundles - 	Entry: C:\Users\Admin\.p2\pool\plugins\org.eclipse.m2e.maven.runtime_3.9.900.20250220-2013\jars\plexus-interpolation-1.27.jar
2025-04-18 13:52:07,228 [Worker-13: Launching Executing install in D__AgadgoanApplication_DevoteeApplicationBackend] INFO  o.eclipse.m2e.core.internal.Bundles - 	Entry: C:\Users\Admin\.p2\pool\plugins\org.eclipse.m2e.maven.runtime_3.9.900.20250220-2013\jars\plexus-sec-dispatcher-2.0.jar
2025-04-18 13:52:07,228 [Worker-13: Launching Executing install in D__AgadgoanApplication_DevoteeApplicationBackend] INFO  o.eclipse.m2e.core.internal.Bundles - 	Entry: C:\Users\Admin\.p2\pool\plugins\org.eclipse.m2e.maven.runtime_3.9.900.20250220-2013\jars\plexus-utils-3.5.1.jar
2025-04-18 13:52:07,228 [Worker-13: Launching Executing install in D__AgadgoanApplication_DevoteeApplicationBackend] INFO  o.eclipse.m2e.core.internal.Bundles - 	Entry: C:\Users\Admin\.p2\pool\plugins\org.eclipse.m2e.maven.runtime_3.9.900.20250220-2013\jars\plexus-xml-3.0.1.jar
2025-04-18 13:52:07,228 [Worker-13: Launching Executing install in D__AgadgoanApplication_DevoteeApplicationBackend] INFO  o.eclipse.m2e.core.internal.Bundles - 	Entry: C:\Users\Admin\.p2\pool\plugins\org.eclipse.m2e.maven.runtime_3.9.900.20250220-2013\jars\wagon-file-3.5.3.jar
2025-04-18 13:52:07,229 [Worker-13: Launching Executing install in D__AgadgoanApplication_DevoteeApplicationBackend] INFO  o.eclipse.m2e.core.internal.Bundles - 	Entry: C:\Users\Admin\.p2\pool\plugins\org.eclipse.m2e.maven.runtime_3.9.900.20250220-2013\jars\wagon-http-3.5.3.jar
2025-04-18 13:52:07,229 [Worker-13: Launching Executing install in D__AgadgoanApplication_DevoteeApplicationBackend] INFO  o.eclipse.m2e.core.internal.Bundles - 	Entry: C:\Users\Admin\.p2\pool\plugins\org.eclipse.m2e.maven.runtime_3.9.900.20250220-2013\jars\wagon-http-shared-3.5.3.jar
2025-04-18 13:52:07,229 [Worker-13: Launching Executing install in D__AgadgoanApplication_DevoteeApplicationBackend] INFO  o.eclipse.m2e.core.internal.Bundles - 	Entry: C:\Users\Admin\.p2\pool\plugins\org.eclipse.m2e.maven.runtime_3.9.900.20250220-2013\jars\wagon-provider-api-3.5.3.jar
2025-04-18 13:52:07,229 [Worker-13: Launching Executing install in D__AgadgoanApplication_DevoteeApplicationBackend] INFO  o.eclipse.m2e.core.internal.Bundles - getClasspathEntries(Bundle=com.google.guava_33.4.0.jre [12])
2025-04-18 13:52:07,230 [Worker-13: Launching Executing install in D__AgadgoanApplication_DevoteeApplicationBackend] INFO  o.eclipse.m2e.core.internal.Bundles - 	Entry: C:\Users\Admin\.p2\pool\plugins\com.google.guava_33.4.0.jre.jar
2025-04-18 13:52:07,230 [Worker-13: Launching Executing install in D__AgadgoanApplication_DevoteeApplicationBackend] INFO  o.eclipse.m2e.core.internal.Bundles - getClasspathEntries(Bundle=slf4j.api_2.0.17 [589])
2025-04-18 13:52:07,235 [Worker-13: Launching Executing install in D__AgadgoanApplication_DevoteeApplicationBackend] INFO  o.eclipse.m2e.core.internal.Bundles - 	Entry: C:\Users\Admin\.p2\pool\plugins\slf4j.api_2.0.17.jar
2025-04-18 13:52:07,235 [Worker-13: Launching Executing install in D__AgadgoanApplication_DevoteeApplicationBackend] INFO  o.eclipse.m2e.core.internal.Bundles - getClasspathEntries(Bundle=jakarta.inject.jakarta.inject-api_1.0.5 [24])
2025-04-18 13:52:07,236 [Worker-13: Launching Executing install in D__AgadgoanApplication_DevoteeApplicationBackend] INFO  o.eclipse.m2e.core.internal.Bundles - 	Entry: C:\Users\Admin\.p2\pool\plugins\jakarta.inject.jakarta.inject-api_1.0.5.jar
2025-04-18 13:52:07,236 [Worker-13: Launching Executing install in D__AgadgoanApplication_DevoteeApplicationBackend] INFO  o.eclipse.m2e.core.internal.Bundles - getClasspathEntries(Bundle=jakarta.annotation-api_1.3.5 [22])
2025-04-18 13:52:07,238 [Worker-13: Launching Executing install in D__AgadgoanApplication_DevoteeApplicationBackend] INFO  o.eclipse.m2e.core.internal.Bundles - 	Entry: C:\Users\Admin\.p2\pool\plugins\jakarta.annotation-api_1.3.5.jar
2025-04-18 13:52:07,238 [Worker-13: Launching Executing install in D__AgadgoanApplication_DevoteeApplicationBackend] INFO  o.eclipse.m2e.core.internal.Bundles - getClasspathEntries(Bundle=org.apache.commons.cli_1.9.0 [48])
2025-04-18 13:52:07,239 [Worker-13: Launching Executing install in D__AgadgoanApplication_DevoteeApplicationBackend] INFO  o.eclipse.m2e.core.internal.Bundles - 	Entry: C:\Users\Admin\.p2\pool\plugins\org.apache.commons.cli_1.9.0.jar
2025-04-18 13:52:07,239 [Worker-13: Launching Executing install in D__AgadgoanApplication_DevoteeApplicationBackend] INFO  o.eclipse.m2e.core.internal.Bundles - getClasspathEntries(Bundle=org.apache.commons.commons-codec_1.16.0 [49])
2025-04-18 13:52:07,240 [Worker-13: Launching Executing install in D__AgadgoanApplication_DevoteeApplicationBackend] INFO  o.eclipse.m2e.core.internal.Bundles - 	Entry: C:\Users\Admin\.p2\pool\plugins\org.apache.commons.commons-codec_1.16.0.jar
2025-04-18 13:52:07,240 [Worker-13: Launching Executing install in D__AgadgoanApplication_DevoteeApplicationBackend] INFO  o.eclipse.m2e.core.internal.Bundles - getClasspathEntries(Bundle=com.google.guava.failureaccess_1.0.2 [13])
2025-04-18 13:52:07,243 [Worker-13: Launching Executing install in D__AgadgoanApplication_DevoteeApplicationBackend] INFO  o.eclipse.m2e.core.internal.Bundles - 	Entry: C:\Users\Admin\.p2\pool\plugins\com.google.guava.failureaccess_1.0.2.jar
2025-04-18 13:52:07,245 [Worker-13: Launching Executing install in D__AgadgoanApplication_DevoteeApplicationBackend] INFO  o.e.m.i.launch.MavenLaunchDelegate - Run build in "D:\AgadgoanApplication\DevoteeApplicationBackend":
2025-04-18 13:52:07,246 [Worker-13: Launching Executing install in D__AgadgoanApplication_DevoteeApplicationBackend] INFO  o.e.m.i.launch.MavenLaunchDelegate -  mvn  -B -Dstyle.color=always install
2025-04-18 13:52:32,753 [Worker-16: Building] INFO  o.a.m.s.f.DefaultMavenResourcesFiltering - Copying 1 resource from src\main\resources to target\classes
2025-04-18 13:52:32,755 [Worker-16: Building] INFO  o.a.m.s.f.DefaultMavenResourcesFiltering - Copying 0 resource from src\main\resources to target\classes
2025-04-18 13:52:32,760 [Worker-16: Building] INFO  o.a.m.s.f.DefaultMavenResourcesFiltering - skip non existing resourceDirectory D:\AgadgoanApplication\DevoteeApplicationBackend\src\test\resources
2025-04-18 13:52:45,962 [Worker-5: Building] INFO  o.a.m.s.f.DefaultMavenResourcesFiltering - Copying 1 resource from src\main\resources to target\classes
2025-04-18 13:52:45,980 [Worker-5: Building] INFO  o.a.m.s.f.DefaultMavenResourcesFiltering - Copying 0 resource from src\main\resources to target\classes
2025-04-18 13:52:45,992 [Worker-5: Building] INFO  o.a.m.s.f.DefaultMavenResourcesFiltering - skip non existing resourceDirectory D:\AgadgoanApplication\DevoteeApplicationBackend\src\test\resources
2025-04-18 13:52:52,089 [Worker-16: Launching Executing install in D__AgadgoanApplication_DevoteeApplicationBackend] INFO  o.eclipse.m2e.core.internal.Bundles - getClasspathEntries(Bundle=org.eclipse.m2e.maven.runtime_3.9.900.20250220-2013 [296])
2025-04-18 13:52:52,090 [Worker-16: Launching Executing install in D__AgadgoanApplication_DevoteeApplicationBackend] INFO  o.eclipse.m2e.core.internal.Bundles - 	Entry: C:\Users\Admin\.p2\pool\plugins\org.eclipse.m2e.maven.runtime_3.9.900.20250220-2013
2025-04-18 13:52:52,091 [Worker-16: Launching Executing install in D__AgadgoanApplication_DevoteeApplicationBackend] INFO  o.eclipse.m2e.core.internal.Bundles - 	Entry: C:\Users\Admin\.p2\pool\plugins\org.eclipse.m2e.maven.runtime_3.9.900.20250220-2013\jars\aopalliance-1.0.jar
2025-04-18 13:52:52,091 [Worker-16: Launching Executing install in D__AgadgoanApplication_DevoteeApplicationBackend] INFO  o.eclipse.m2e.core.internal.Bundles - 	Entry: C:\Users\Admin\.p2\pool\plugins\org.eclipse.m2e.maven.runtime_3.9.900.20250220-2013\jars\guice-5.1.0.jar
2025-04-18 13:52:52,091 [Worker-16: Launching Executing install in D__AgadgoanApplication_DevoteeApplicationBackend] INFO  o.eclipse.m2e.core.internal.Bundles - 	Entry: C:\Users\Admin\.p2\pool\plugins\org.eclipse.m2e.maven.runtime_3.9.900.20250220-2013\jars\httpclient-4.5.14.jar
2025-04-18 13:52:52,091 [Worker-16: Launching Executing install in D__AgadgoanApplication_DevoteeApplicationBackend] INFO  o.eclipse.m2e.core.internal.Bundles - 	Entry: C:\Users\Admin\.p2\pool\plugins\org.eclipse.m2e.maven.runtime_3.9.900.20250220-2013\jars\httpcore-4.4.16.jar
2025-04-18 13:52:52,091 [Worker-16: Launching Executing install in D__AgadgoanApplication_DevoteeApplicationBackend] INFO  o.eclipse.m2e.core.internal.Bundles - 	Entry: C:\Users\Admin\.p2\pool\plugins\org.eclipse.m2e.maven.runtime_3.9.900.20250220-2013\jars\jansi-2.4.1.jar
2025-04-18 13:52:52,091 [Worker-16: Launching Executing install in D__AgadgoanApplication_DevoteeApplicationBackend] INFO  o.eclipse.m2e.core.internal.Bundles - 	Entry: C:\Users\Admin\.p2\pool\plugins\org.eclipse.m2e.maven.runtime_3.9.900.20250220-2013\jars\jcl-over-slf4j-1.7.36.jar
2025-04-18 13:52:52,092 [Worker-16: Launching Executing install in D__AgadgoanApplication_DevoteeApplicationBackend] INFO  o.eclipse.m2e.core.internal.Bundles - 	Entry: C:\Users\Admin\.p2\pool\plugins\org.eclipse.m2e.maven.runtime_3.9.900.20250220-2013\jars\maven-artifact-3.9.9.jar
2025-04-18 13:52:52,092 [Worker-16: Launching Executing install in D__AgadgoanApplication_DevoteeApplicationBackend] INFO  o.eclipse.m2e.core.internal.Bundles - 	Entry: C:\Users\Admin\.p2\pool\plugins\org.eclipse.m2e.maven.runtime_3.9.900.20250220-2013\jars\maven-builder-support-3.9.9.jar
2025-04-18 13:52:52,092 [Worker-16: Launching Executing install in D__AgadgoanApplication_DevoteeApplicationBackend] INFO  o.eclipse.m2e.core.internal.Bundles - 	Entry: C:\Users\Admin\.p2\pool\plugins\org.eclipse.m2e.maven.runtime_3.9.900.20250220-2013\jars\maven-compat-3.9.9.jar
2025-04-18 13:52:52,092 [Worker-16: Launching Executing install in D__AgadgoanApplication_DevoteeApplicationBackend] INFO  o.eclipse.m2e.core.internal.Bundles - 	Entry: C:\Users\Admin\.p2\pool\plugins\org.eclipse.m2e.maven.runtime_3.9.900.20250220-2013\jars\maven-core-3.9.9.jar
2025-04-18 13:52:52,093 [Worker-16: Launching Executing install in D__AgadgoanApplication_DevoteeApplicationBackend] INFO  o.eclipse.m2e.core.internal.Bundles - 	Entry: C:\Users\Admin\.p2\pool\plugins\org.eclipse.m2e.maven.runtime_3.9.900.20250220-2013\jars\maven-embedder-3.9.9.jar
2025-04-18 13:52:52,093 [Worker-16: Launching Executing install in D__AgadgoanApplication_DevoteeApplicationBackend] INFO  o.eclipse.m2e.core.internal.Bundles - 	Entry: C:\Users\Admin\.p2\pool\plugins\org.eclipse.m2e.maven.runtime_3.9.900.20250220-2013\jars\maven-model-3.9.9.jar
2025-04-18 13:52:52,093 [Worker-16: Launching Executing install in D__AgadgoanApplication_DevoteeApplicationBackend] INFO  o.eclipse.m2e.core.internal.Bundles - 	Entry: C:\Users\Admin\.p2\pool\plugins\org.eclipse.m2e.maven.runtime_3.9.900.20250220-2013\jars\maven-model-builder-3.9.9.jar
2025-04-18 13:52:52,093 [Worker-16: Launching Executing install in D__AgadgoanApplication_DevoteeApplicationBackend] INFO  o.eclipse.m2e.core.internal.Bundles - 	Entry: C:\Users\Admin\.p2\pool\plugins\org.eclipse.m2e.maven.runtime_3.9.900.20250220-2013\jars\maven-plugin-api-3.9.9.jar
2025-04-18 13:52:52,094 [Worker-16: Launching Executing install in D__AgadgoanApplication_DevoteeApplicationBackend] INFO  o.eclipse.m2e.core.internal.Bundles - 	Entry: C:\Users\Admin\.p2\pool\plugins\org.eclipse.m2e.maven.runtime_3.9.900.20250220-2013\jars\maven-repository-metadata-3.9.9.jar
2025-04-18 13:52:52,094 [Worker-16: Launching Executing install in D__AgadgoanApplication_DevoteeApplicationBackend] INFO  o.eclipse.m2e.core.internal.Bundles - 	Entry: C:\Users\Admin\.p2\pool\plugins\org.eclipse.m2e.maven.runtime_3.9.900.20250220-2013\jars\maven-resolver-api-1.9.22.jar
2025-04-18 13:52:52,094 [Worker-16: Launching Executing install in D__AgadgoanApplication_DevoteeApplicationBackend] INFO  o.eclipse.m2e.core.internal.Bundles - 	Entry: C:\Users\Admin\.p2\pool\plugins\org.eclipse.m2e.maven.runtime_3.9.900.20250220-2013\jars\maven-resolver-connector-basic-1.9.22.jar
2025-04-18 13:52:52,094 [Worker-16: Launching Executing install in D__AgadgoanApplication_DevoteeApplicationBackend] INFO  o.eclipse.m2e.core.internal.Bundles - 	Entry: C:\Users\Admin\.p2\pool\plugins\org.eclipse.m2e.maven.runtime_3.9.900.20250220-2013\jars\maven-resolver-impl-1.9.22.jar
2025-04-18 13:52:52,094 [Worker-16: Launching Executing install in D__AgadgoanApplication_DevoteeApplicationBackend] INFO  o.eclipse.m2e.core.internal.Bundles - 	Entry: C:\Users\Admin\.p2\pool\plugins\org.eclipse.m2e.maven.runtime_3.9.900.20250220-2013\jars\maven-resolver-named-locks-1.9.22.jar
2025-04-18 13:52:52,095 [Worker-16: Launching Executing install in D__AgadgoanApplication_DevoteeApplicationBackend] INFO  o.eclipse.m2e.core.internal.Bundles - 	Entry: C:\Users\Admin\.p2\pool\plugins\org.eclipse.m2e.maven.runtime_3.9.900.20250220-2013\jars\maven-resolver-provider-3.9.9.jar
2025-04-18 13:52:52,095 [Worker-16: Launching Executing install in D__AgadgoanApplication_DevoteeApplicationBackend] INFO  o.eclipse.m2e.core.internal.Bundles - 	Entry: C:\Users\Admin\.p2\pool\plugins\org.eclipse.m2e.maven.runtime_3.9.900.20250220-2013\jars\maven-resolver-spi-1.9.22.jar
2025-04-18 13:52:52,095 [Worker-16: Launching Executing install in D__AgadgoanApplication_DevoteeApplicationBackend] INFO  o.eclipse.m2e.core.internal.Bundles - 	Entry: C:\Users\Admin\.p2\pool\plugins\org.eclipse.m2e.maven.runtime_3.9.900.20250220-2013\jars\maven-resolver-transport-file-1.9.22.jar
2025-04-18 13:52:52,095 [Worker-16: Launching Executing install in D__AgadgoanApplication_DevoteeApplicationBackend] INFO  o.eclipse.m2e.core.internal.Bundles - 	Entry: C:\Users\Admin\.p2\pool\plugins\org.eclipse.m2e.maven.runtime_3.9.900.20250220-2013\jars\maven-resolver-transport-http-1.9.22.jar
2025-04-18 13:52:52,095 [Worker-16: Launching Executing install in D__AgadgoanApplication_DevoteeApplicationBackend] INFO  o.eclipse.m2e.core.internal.Bundles - 	Entry: C:\Users\Admin\.p2\pool\plugins\org.eclipse.m2e.maven.runtime_3.9.900.20250220-2013\jars\maven-resolver-transport-wagon-1.9.22.jar
2025-04-18 13:52:52,096 [Worker-16: Launching Executing install in D__AgadgoanApplication_DevoteeApplicationBackend] INFO  o.eclipse.m2e.core.internal.Bundles - 	Entry: C:\Users\Admin\.p2\pool\plugins\org.eclipse.m2e.maven.runtime_3.9.900.20250220-2013\jars\maven-resolver-util-1.9.22.jar
2025-04-18 13:52:52,096 [Worker-16: Launching Executing install in D__AgadgoanApplication_DevoteeApplicationBackend] INFO  o.eclipse.m2e.core.internal.Bundles - 	Entry: C:\Users\Admin\.p2\pool\plugins\org.eclipse.m2e.maven.runtime_3.9.900.20250220-2013\jars\maven-settings-3.9.9.jar
2025-04-18 13:52:52,097 [Worker-16: Launching Executing install in D__AgadgoanApplication_DevoteeApplicationBackend] INFO  o.eclipse.m2e.core.internal.Bundles - 	Entry: C:\Users\Admin\.p2\pool\plugins\org.eclipse.m2e.maven.runtime_3.9.900.20250220-2013\jars\maven-settings-builder-3.9.9.jar
2025-04-18 13:52:52,100 [Worker-16: Launching Executing install in D__AgadgoanApplication_DevoteeApplicationBackend] INFO  o.eclipse.m2e.core.internal.Bundles - 	Entry: C:\Users\Admin\.p2\pool\plugins\org.eclipse.m2e.maven.runtime_3.9.900.20250220-2013\jars\maven-shared-utils-3.4.2.jar
2025-04-18 13:52:52,100 [Worker-16: Launching Executing install in D__AgadgoanApplication_DevoteeApplicationBackend] INFO  o.eclipse.m2e.core.internal.Bundles - 	Entry: C:\Users\Admin\.p2\pool\plugins\org.eclipse.m2e.maven.runtime_3.9.900.20250220-2013\jars\org.eclipse.sisu.inject-0.9.0.M3.jar
2025-04-18 13:52:52,100 [Worker-16: Launching Executing install in D__AgadgoanApplication_DevoteeApplicationBackend] INFO  o.eclipse.m2e.core.internal.Bundles - 	Entry: C:\Users\Admin\.p2\pool\plugins\org.eclipse.m2e.maven.runtime_3.9.900.20250220-2013\jars\org.eclipse.sisu.plexus-0.9.0.M3.jar
2025-04-18 13:52:52,101 [Worker-16: Launching Executing install in D__AgadgoanApplication_DevoteeApplicationBackend] INFO  o.eclipse.m2e.core.internal.Bundles - 	Entry: C:\Users\Admin\.p2\pool\plugins\org.eclipse.m2e.maven.runtime_3.9.900.20250220-2013\jars\plexus-build-api-0.0.7.jar
2025-04-18 13:52:52,102 [Worker-16: Launching Executing install in D__AgadgoanApplication_DevoteeApplicationBackend] INFO  o.eclipse.m2e.core.internal.Bundles - 	Entry: C:\Users\Admin\.p2\pool\plugins\org.eclipse.m2e.maven.runtime_3.9.900.20250220-2013\jars\plexus-build-api-1.2.0.jar
2025-04-18 13:52:52,102 [Worker-16: Launching Executing install in D__AgadgoanApplication_DevoteeApplicationBackend] INFO  o.eclipse.m2e.core.internal.Bundles - 	Entry: C:\Users\Admin\.p2\pool\plugins\org.eclipse.m2e.maven.runtime_3.9.900.20250220-2013\jars\plexus-cipher-2.0.jar
2025-04-18 13:52:52,103 [Worker-16: Launching Executing install in D__AgadgoanApplication_DevoteeApplicationBackend] INFO  o.eclipse.m2e.core.internal.Bundles - 	Entry: C:\Users\Admin\.p2\pool\plugins\org.eclipse.m2e.maven.runtime_3.9.900.20250220-2013\jars\plexus-classworlds-2.8.0.jar
2025-04-18 13:52:52,104 [Worker-16: Launching Executing install in D__AgadgoanApplication_DevoteeApplicationBackend] INFO  o.eclipse.m2e.core.internal.Bundles - 	Entry: C:\Users\Admin\.p2\pool\plugins\org.eclipse.m2e.maven.runtime_3.9.900.20250220-2013\jars\plexus-component-annotations-2.1.0.jar
2025-04-18 13:52:52,105 [Worker-16: Launching Executing install in D__AgadgoanApplication_DevoteeApplicationBackend] INFO  o.eclipse.m2e.core.internal.Bundles - 	Entry: C:\Users\Admin\.p2\pool\plugins\org.eclipse.m2e.maven.runtime_3.9.900.20250220-2013\jars\plexus-interpolation-1.27.jar
2025-04-18 13:52:52,106 [Worker-16: Launching Executing install in D__AgadgoanApplication_DevoteeApplicationBackend] INFO  o.eclipse.m2e.core.internal.Bundles - 	Entry: C:\Users\Admin\.p2\pool\plugins\org.eclipse.m2e.maven.runtime_3.9.900.20250220-2013\jars\plexus-sec-dispatcher-2.0.jar
2025-04-18 13:52:52,110 [Worker-16: Launching Executing install in D__AgadgoanApplication_DevoteeApplicationBackend] INFO  o.eclipse.m2e.core.internal.Bundles - 	Entry: C:\Users\Admin\.p2\pool\plugins\org.eclipse.m2e.maven.runtime_3.9.900.20250220-2013\jars\plexus-utils-3.5.1.jar
2025-04-18 13:52:52,110 [Worker-16: Launching Executing install in D__AgadgoanApplication_DevoteeApplicationBackend] INFO  o.eclipse.m2e.core.internal.Bundles - 	Entry: C:\Users\Admin\.p2\pool\plugins\org.eclipse.m2e.maven.runtime_3.9.900.20250220-2013\jars\plexus-xml-3.0.1.jar
2025-04-18 13:52:52,110 [Worker-16: Launching Executing install in D__AgadgoanApplication_DevoteeApplicationBackend] INFO  o.eclipse.m2e.core.internal.Bundles - 	Entry: C:\Users\Admin\.p2\pool\plugins\org.eclipse.m2e.maven.runtime_3.9.900.20250220-2013\jars\wagon-file-3.5.3.jar
2025-04-18 13:52:52,110 [Worker-16: Launching Executing install in D__AgadgoanApplication_DevoteeApplicationBackend] INFO  o.eclipse.m2e.core.internal.Bundles - 	Entry: C:\Users\Admin\.p2\pool\plugins\org.eclipse.m2e.maven.runtime_3.9.900.20250220-2013\jars\wagon-http-3.5.3.jar
2025-04-18 13:52:52,111 [Worker-16: Launching Executing install in D__AgadgoanApplication_DevoteeApplicationBackend] INFO  o.eclipse.m2e.core.internal.Bundles - 	Entry: C:\Users\Admin\.p2\pool\plugins\org.eclipse.m2e.maven.runtime_3.9.900.20250220-2013\jars\wagon-http-shared-3.5.3.jar
2025-04-18 13:52:52,111 [Worker-16: Launching Executing install in D__AgadgoanApplication_DevoteeApplicationBackend] INFO  o.eclipse.m2e.core.internal.Bundles - 	Entry: C:\Users\Admin\.p2\pool\plugins\org.eclipse.m2e.maven.runtime_3.9.900.20250220-2013\jars\wagon-provider-api-3.5.3.jar
2025-04-18 13:52:52,111 [Worker-16: Launching Executing install in D__AgadgoanApplication_DevoteeApplicationBackend] INFO  o.eclipse.m2e.core.internal.Bundles - getClasspathEntries(Bundle=com.google.guava_33.4.0.jre [12])
2025-04-18 13:52:52,112 [Worker-16: Launching Executing install in D__AgadgoanApplication_DevoteeApplicationBackend] INFO  o.eclipse.m2e.core.internal.Bundles - 	Entry: C:\Users\Admin\.p2\pool\plugins\com.google.guava_33.4.0.jre.jar
2025-04-18 13:52:52,115 [Worker-16: Launching Executing install in D__AgadgoanApplication_DevoteeApplicationBackend] INFO  o.eclipse.m2e.core.internal.Bundles - getClasspathEntries(Bundle=slf4j.api_2.0.17 [589])
2025-04-18 13:52:52,116 [Worker-16: Launching Executing install in D__AgadgoanApplication_DevoteeApplicationBackend] INFO  o.eclipse.m2e.core.internal.Bundles - 	Entry: C:\Users\Admin\.p2\pool\plugins\slf4j.api_2.0.17.jar
2025-04-18 13:52:52,116 [Worker-16: Launching Executing install in D__AgadgoanApplication_DevoteeApplicationBackend] INFO  o.eclipse.m2e.core.internal.Bundles - getClasspathEntries(Bundle=jakarta.inject.jakarta.inject-api_1.0.5 [24])
2025-04-18 13:52:52,116 [Worker-16: Launching Executing install in D__AgadgoanApplication_DevoteeApplicationBackend] INFO  o.eclipse.m2e.core.internal.Bundles - 	Entry: C:\Users\Admin\.p2\pool\plugins\jakarta.inject.jakarta.inject-api_1.0.5.jar
2025-04-18 13:52:52,117 [Worker-16: Launching Executing install in D__AgadgoanApplication_DevoteeApplicationBackend] INFO  o.eclipse.m2e.core.internal.Bundles - getClasspathEntries(Bundle=jakarta.annotation-api_1.3.5 [22])
2025-04-18 13:52:52,117 [Worker-16: Launching Executing install in D__AgadgoanApplication_DevoteeApplicationBackend] INFO  o.eclipse.m2e.core.internal.Bundles - 	Entry: C:\Users\Admin\.p2\pool\plugins\jakarta.annotation-api_1.3.5.jar
2025-04-18 13:52:52,117 [Worker-16: Launching Executing install in D__AgadgoanApplication_DevoteeApplicationBackend] INFO  o.eclipse.m2e.core.internal.Bundles - getClasspathEntries(Bundle=org.apache.commons.cli_1.9.0 [48])
2025-04-18 13:52:52,118 [Worker-16: Launching Executing install in D__AgadgoanApplication_DevoteeApplicationBackend] INFO  o.eclipse.m2e.core.internal.Bundles - 	Entry: C:\Users\Admin\.p2\pool\plugins\org.apache.commons.cli_1.9.0.jar
2025-04-18 13:52:52,118 [Worker-16: Launching Executing install in D__AgadgoanApplication_DevoteeApplicationBackend] INFO  o.eclipse.m2e.core.internal.Bundles - getClasspathEntries(Bundle=org.apache.commons.commons-codec_1.16.0 [49])
2025-04-18 13:52:52,119 [Worker-16: Launching Executing install in D__AgadgoanApplication_DevoteeApplicationBackend] INFO  o.eclipse.m2e.core.internal.Bundles - 	Entry: C:\Users\Admin\.p2\pool\plugins\org.apache.commons.commons-codec_1.16.0.jar
2025-04-18 13:52:52,119 [Worker-16: Launching Executing install in D__AgadgoanApplication_DevoteeApplicationBackend] INFO  o.eclipse.m2e.core.internal.Bundles - getClasspathEntries(Bundle=com.google.guava.failureaccess_1.0.2 [13])
2025-04-18 13:52:52,119 [Worker-16: Launching Executing install in D__AgadgoanApplication_DevoteeApplicationBackend] INFO  o.eclipse.m2e.core.internal.Bundles - 	Entry: C:\Users\Admin\.p2\pool\plugins\com.google.guava.failureaccess_1.0.2.jar
2025-04-18 13:52:52,121 [Worker-16: Launching Executing install in D__AgadgoanApplication_DevoteeApplicationBackend] INFO  o.e.m.i.launch.MavenLaunchDelegate - Run build in "D:\AgadgoanApplication\DevoteeApplicationBackend":
2025-04-18 13:52:52,122 [Worker-16: Launching Executing install in D__AgadgoanApplication_DevoteeApplicationBackend] INFO  o.e.m.i.launch.MavenLaunchDelegate -  mvn  -B -Dstyle.color=always install
2025-04-18 13:54:09,120 [Worker-7: Building] INFO  o.a.m.s.f.DefaultMavenResourcesFiltering - Copying 1 resource from src\main\resources to target\classes
2025-04-18 13:54:09,126 [Worker-7: Building] INFO  o.a.m.s.f.DefaultMavenResourcesFiltering - Copying 0 resource from src\main\resources to target\classes
2025-04-18 13:54:09,130 [Worker-7: Building] INFO  o.a.m.s.f.DefaultMavenResourcesFiltering - skip non existing resourceDirectory D:\AgadgoanApplication\DevoteeApplicationBackend\src\test\resources
2025-04-18 13:54:16,991 [Worker-14: Launching Executing install in D__AgadgoanApplication_DevoteeApplicationBackend] INFO  o.eclipse.m2e.core.internal.Bundles - getClasspathEntries(Bundle=org.eclipse.m2e.maven.runtime_3.9.900.20250220-2013 [296])
2025-04-18 13:54:16,992 [Worker-14: Launching Executing install in D__AgadgoanApplication_DevoteeApplicationBackend] INFO  o.eclipse.m2e.core.internal.Bundles - 	Entry: C:\Users\Admin\.p2\pool\plugins\org.eclipse.m2e.maven.runtime_3.9.900.20250220-2013
2025-04-18 13:54:16,993 [Worker-14: Launching Executing install in D__AgadgoanApplication_DevoteeApplicationBackend] INFO  o.eclipse.m2e.core.internal.Bundles - 	Entry: C:\Users\Admin\.p2\pool\plugins\org.eclipse.m2e.maven.runtime_3.9.900.20250220-2013\jars\aopalliance-1.0.jar
2025-04-18 13:54:16,993 [Worker-14: Launching Executing install in D__AgadgoanApplication_DevoteeApplicationBackend] INFO  o.eclipse.m2e.core.internal.Bundles - 	Entry: C:\Users\Admin\.p2\pool\plugins\org.eclipse.m2e.maven.runtime_3.9.900.20250220-2013\jars\guice-5.1.0.jar
2025-04-18 13:54:16,993 [Worker-14: Launching Executing install in D__AgadgoanApplication_DevoteeApplicationBackend] INFO  o.eclipse.m2e.core.internal.Bundles - 	Entry: C:\Users\Admin\.p2\pool\plugins\org.eclipse.m2e.maven.runtime_3.9.900.20250220-2013\jars\httpclient-4.5.14.jar
2025-04-18 13:54:16,994 [Worker-14: Launching Executing install in D__AgadgoanApplication_DevoteeApplicationBackend] INFO  o.eclipse.m2e.core.internal.Bundles - 	Entry: C:\Users\Admin\.p2\pool\plugins\org.eclipse.m2e.maven.runtime_3.9.900.20250220-2013\jars\httpcore-4.4.16.jar
2025-04-18 13:54:16,995 [Worker-14: Launching Executing install in D__AgadgoanApplication_DevoteeApplicationBackend] INFO  o.eclipse.m2e.core.internal.Bundles - 	Entry: C:\Users\Admin\.p2\pool\plugins\org.eclipse.m2e.maven.runtime_3.9.900.20250220-2013\jars\jansi-2.4.1.jar
2025-04-18 13:54:16,995 [Worker-14: Launching Executing install in D__AgadgoanApplication_DevoteeApplicationBackend] INFO  o.eclipse.m2e.core.internal.Bundles - 	Entry: C:\Users\Admin\.p2\pool\plugins\org.eclipse.m2e.maven.runtime_3.9.900.20250220-2013\jars\jcl-over-slf4j-1.7.36.jar
2025-04-18 13:54:16,995 [Worker-14: Launching Executing install in D__AgadgoanApplication_DevoteeApplicationBackend] INFO  o.eclipse.m2e.core.internal.Bundles - 	Entry: C:\Users\Admin\.p2\pool\plugins\org.eclipse.m2e.maven.runtime_3.9.900.20250220-2013\jars\maven-artifact-3.9.9.jar
2025-04-18 13:54:16,996 [Worker-14: Launching Executing install in D__AgadgoanApplication_DevoteeApplicationBackend] INFO  o.eclipse.m2e.core.internal.Bundles - 	Entry: C:\Users\Admin\.p2\pool\plugins\org.eclipse.m2e.maven.runtime_3.9.900.20250220-2013\jars\maven-builder-support-3.9.9.jar
2025-04-18 13:54:16,996 [Worker-14: Launching Executing install in D__AgadgoanApplication_DevoteeApplicationBackend] INFO  o.eclipse.m2e.core.internal.Bundles - 	Entry: C:\Users\Admin\.p2\pool\plugins\org.eclipse.m2e.maven.runtime_3.9.900.20250220-2013\jars\maven-compat-3.9.9.jar
2025-04-18 13:54:16,996 [Worker-14: Launching Executing install in D__AgadgoanApplication_DevoteeApplicationBackend] INFO  o.eclipse.m2e.core.internal.Bundles - 	Entry: C:\Users\Admin\.p2\pool\plugins\org.eclipse.m2e.maven.runtime_3.9.900.20250220-2013\jars\maven-core-3.9.9.jar
2025-04-18 13:54:16,997 [Worker-14: Launching Executing install in D__AgadgoanApplication_DevoteeApplicationBackend] INFO  o.eclipse.m2e.core.internal.Bundles - 	Entry: C:\Users\Admin\.p2\pool\plugins\org.eclipse.m2e.maven.runtime_3.9.900.20250220-2013\jars\maven-embedder-3.9.9.jar
2025-04-18 13:54:16,997 [Worker-14: Launching Executing install in D__AgadgoanApplication_DevoteeApplicationBackend] INFO  o.eclipse.m2e.core.internal.Bundles - 	Entry: C:\Users\Admin\.p2\pool\plugins\org.eclipse.m2e.maven.runtime_3.9.900.20250220-2013\jars\maven-model-3.9.9.jar
2025-04-18 13:54:16,997 [Worker-14: Launching Executing install in D__AgadgoanApplication_DevoteeApplicationBackend] INFO  o.eclipse.m2e.core.internal.Bundles - 	Entry: C:\Users\Admin\.p2\pool\plugins\org.eclipse.m2e.maven.runtime_3.9.900.20250220-2013\jars\maven-model-builder-3.9.9.jar
2025-04-18 13:54:16,998 [Worker-14: Launching Executing install in D__AgadgoanApplication_DevoteeApplicationBackend] INFO  o.eclipse.m2e.core.internal.Bundles - 	Entry: C:\Users\Admin\.p2\pool\plugins\org.eclipse.m2e.maven.runtime_3.9.900.20250220-2013\jars\maven-plugin-api-3.9.9.jar
2025-04-18 13:54:16,998 [Worker-14: Launching Executing install in D__AgadgoanApplication_DevoteeApplicationBackend] INFO  o.eclipse.m2e.core.internal.Bundles - 	Entry: C:\Users\Admin\.p2\pool\plugins\org.eclipse.m2e.maven.runtime_3.9.900.20250220-2013\jars\maven-repository-metadata-3.9.9.jar
2025-04-18 13:54:16,998 [Worker-14: Launching Executing install in D__AgadgoanApplication_DevoteeApplicationBackend] INFO  o.eclipse.m2e.core.internal.Bundles - 	Entry: C:\Users\Admin\.p2\pool\plugins\org.eclipse.m2e.maven.runtime_3.9.900.20250220-2013\jars\maven-resolver-api-1.9.22.jar
2025-04-18 13:54:16,998 [Worker-14: Launching Executing install in D__AgadgoanApplication_DevoteeApplicationBackend] INFO  o.eclipse.m2e.core.internal.Bundles - 	Entry: C:\Users\Admin\.p2\pool\plugins\org.eclipse.m2e.maven.runtime_3.9.900.20250220-2013\jars\maven-resolver-connector-basic-1.9.22.jar
2025-04-18 13:54:16,998 [Worker-14: Launching Executing install in D__AgadgoanApplication_DevoteeApplicationBackend] INFO  o.eclipse.m2e.core.internal.Bundles - 	Entry: C:\Users\Admin\.p2\pool\plugins\org.eclipse.m2e.maven.runtime_3.9.900.20250220-2013\jars\maven-resolver-impl-1.9.22.jar
2025-04-18 13:54:16,998 [Worker-14: Launching Executing install in D__AgadgoanApplication_DevoteeApplicationBackend] INFO  o.eclipse.m2e.core.internal.Bundles - 	Entry: C:\Users\Admin\.p2\pool\plugins\org.eclipse.m2e.maven.runtime_3.9.900.20250220-2013\jars\maven-resolver-named-locks-1.9.22.jar
2025-04-18 13:54:16,998 [Worker-14: Launching Executing install in D__AgadgoanApplication_DevoteeApplicationBackend] INFO  o.eclipse.m2e.core.internal.Bundles - 	Entry: C:\Users\Admin\.p2\pool\plugins\org.eclipse.m2e.maven.runtime_3.9.900.20250220-2013\jars\maven-resolver-provider-3.9.9.jar
2025-04-18 13:54:16,998 [Worker-14: Launching Executing install in D__AgadgoanApplication_DevoteeApplicationBackend] INFO  o.eclipse.m2e.core.internal.Bundles - 	Entry: C:\Users\Admin\.p2\pool\plugins\org.eclipse.m2e.maven.runtime_3.9.900.20250220-2013\jars\maven-resolver-spi-1.9.22.jar
2025-04-18 13:54:16,999 [Worker-14: Launching Executing install in D__AgadgoanApplication_DevoteeApplicationBackend] INFO  o.eclipse.m2e.core.internal.Bundles - 	Entry: C:\Users\Admin\.p2\pool\plugins\org.eclipse.m2e.maven.runtime_3.9.900.20250220-2013\jars\maven-resolver-transport-file-1.9.22.jar
2025-04-18 13:54:16,999 [Worker-14: Launching Executing install in D__AgadgoanApplication_DevoteeApplicationBackend] INFO  o.eclipse.m2e.core.internal.Bundles - 	Entry: C:\Users\Admin\.p2\pool\plugins\org.eclipse.m2e.maven.runtime_3.9.900.20250220-2013\jars\maven-resolver-transport-http-1.9.22.jar
2025-04-18 13:54:16,999 [Worker-14: Launching Executing install in D__AgadgoanApplication_DevoteeApplicationBackend] INFO  o.eclipse.m2e.core.internal.Bundles - 	Entry: C:\Users\Admin\.p2\pool\plugins\org.eclipse.m2e.maven.runtime_3.9.900.20250220-2013\jars\maven-resolver-transport-wagon-1.9.22.jar
2025-04-18 13:54:16,999 [Worker-14: Launching Executing install in D__AgadgoanApplication_DevoteeApplicationBackend] INFO  o.eclipse.m2e.core.internal.Bundles - 	Entry: C:\Users\Admin\.p2\pool\plugins\org.eclipse.m2e.maven.runtime_3.9.900.20250220-2013\jars\maven-resolver-util-1.9.22.jar
2025-04-18 13:54:16,999 [Worker-14: Launching Executing install in D__AgadgoanApplication_DevoteeApplicationBackend] INFO  o.eclipse.m2e.core.internal.Bundles - 	Entry: C:\Users\Admin\.p2\pool\plugins\org.eclipse.m2e.maven.runtime_3.9.900.20250220-2013\jars\maven-settings-3.9.9.jar
2025-04-18 13:54:16,999 [Worker-14: Launching Executing install in D__AgadgoanApplication_DevoteeApplicationBackend] INFO  o.eclipse.m2e.core.internal.Bundles - 	Entry: C:\Users\Admin\.p2\pool\plugins\org.eclipse.m2e.maven.runtime_3.9.900.20250220-2013\jars\maven-settings-builder-3.9.9.jar
2025-04-18 13:54:16,999 [Worker-14: Launching Executing install in D__AgadgoanApplication_DevoteeApplicationBackend] INFO  o.eclipse.m2e.core.internal.Bundles - 	Entry: C:\Users\Admin\.p2\pool\plugins\org.eclipse.m2e.maven.runtime_3.9.900.20250220-2013\jars\maven-shared-utils-3.4.2.jar
2025-04-18 13:54:16,999 [Worker-14: Launching Executing install in D__AgadgoanApplication_DevoteeApplicationBackend] INFO  o.eclipse.m2e.core.internal.Bundles - 	Entry: C:\Users\Admin\.p2\pool\plugins\org.eclipse.m2e.maven.runtime_3.9.900.20250220-2013\jars\org.eclipse.sisu.inject-0.9.0.M3.jar
2025-04-18 13:54:16,999 [Worker-14: Launching Executing install in D__AgadgoanApplication_DevoteeApplicationBackend] INFO  o.eclipse.m2e.core.internal.Bundles - 	Entry: C:\Users\Admin\.p2\pool\plugins\org.eclipse.m2e.maven.runtime_3.9.900.20250220-2013\jars\org.eclipse.sisu.plexus-0.9.0.M3.jar
2025-04-18 13:54:17,000 [Worker-14: Launching Executing install in D__AgadgoanApplication_DevoteeApplicationBackend] INFO  o.eclipse.m2e.core.internal.Bundles - 	Entry: C:\Users\Admin\.p2\pool\plugins\org.eclipse.m2e.maven.runtime_3.9.900.20250220-2013\jars\plexus-build-api-0.0.7.jar
2025-04-18 13:54:17,000 [Worker-14: Launching Executing install in D__AgadgoanApplication_DevoteeApplicationBackend] INFO  o.eclipse.m2e.core.internal.Bundles - 	Entry: C:\Users\Admin\.p2\pool\plugins\org.eclipse.m2e.maven.runtime_3.9.900.20250220-2013\jars\plexus-build-api-1.2.0.jar
2025-04-18 13:54:17,000 [Worker-14: Launching Executing install in D__AgadgoanApplication_DevoteeApplicationBackend] INFO  o.eclipse.m2e.core.internal.Bundles - 	Entry: C:\Users\Admin\.p2\pool\plugins\org.eclipse.m2e.maven.runtime_3.9.900.20250220-2013\jars\plexus-cipher-2.0.jar
2025-04-18 13:54:17,000 [Worker-14: Launching Executing install in D__AgadgoanApplication_DevoteeApplicationBackend] INFO  o.eclipse.m2e.core.internal.Bundles - 	Entry: C:\Users\Admin\.p2\pool\plugins\org.eclipse.m2e.maven.runtime_3.9.900.20250220-2013\jars\plexus-classworlds-2.8.0.jar
2025-04-18 13:54:17,001 [Worker-14: Launching Executing install in D__AgadgoanApplication_DevoteeApplicationBackend] INFO  o.eclipse.m2e.core.internal.Bundles - 	Entry: C:\Users\Admin\.p2\pool\plugins\org.eclipse.m2e.maven.runtime_3.9.900.20250220-2013\jars\plexus-component-annotations-2.1.0.jar
2025-04-18 13:54:17,001 [Worker-14: Launching Executing install in D__AgadgoanApplication_DevoteeApplicationBackend] INFO  o.eclipse.m2e.core.internal.Bundles - 	Entry: C:\Users\Admin\.p2\pool\plugins\org.eclipse.m2e.maven.runtime_3.9.900.20250220-2013\jars\plexus-interpolation-1.27.jar
2025-04-18 13:54:17,001 [Worker-14: Launching Executing install in D__AgadgoanApplication_DevoteeApplicationBackend] INFO  o.eclipse.m2e.core.internal.Bundles - 	Entry: C:\Users\Admin\.p2\pool\plugins\org.eclipse.m2e.maven.runtime_3.9.900.20250220-2013\jars\plexus-sec-dispatcher-2.0.jar
2025-04-18 13:54:17,001 [Worker-14: Launching Executing install in D__AgadgoanApplication_DevoteeApplicationBackend] INFO  o.eclipse.m2e.core.internal.Bundles - 	Entry: C:\Users\Admin\.p2\pool\plugins\org.eclipse.m2e.maven.runtime_3.9.900.20250220-2013\jars\plexus-utils-3.5.1.jar
2025-04-18 13:54:17,001 [Worker-14: Launching Executing install in D__AgadgoanApplication_DevoteeApplicationBackend] INFO  o.eclipse.m2e.core.internal.Bundles - 	Entry: C:\Users\Admin\.p2\pool\plugins\org.eclipse.m2e.maven.runtime_3.9.900.20250220-2013\jars\plexus-xml-3.0.1.jar
2025-04-18 13:54:17,001 [Worker-14: Launching Executing install in D__AgadgoanApplication_DevoteeApplicationBackend] INFO  o.eclipse.m2e.core.internal.Bundles - 	Entry: C:\Users\Admin\.p2\pool\plugins\org.eclipse.m2e.maven.runtime_3.9.900.20250220-2013\jars\wagon-file-3.5.3.jar
2025-04-18 13:54:17,001 [Worker-14: Launching Executing install in D__AgadgoanApplication_DevoteeApplicationBackend] INFO  o.eclipse.m2e.core.internal.Bundles - 	Entry: C:\Users\Admin\.p2\pool\plugins\org.eclipse.m2e.maven.runtime_3.9.900.20250220-2013\jars\wagon-http-3.5.3.jar
2025-04-18 13:54:17,002 [Worker-14: Launching Executing install in D__AgadgoanApplication_DevoteeApplicationBackend] INFO  o.eclipse.m2e.core.internal.Bundles - 	Entry: C:\Users\Admin\.p2\pool\plugins\org.eclipse.m2e.maven.runtime_3.9.900.20250220-2013\jars\wagon-http-shared-3.5.3.jar
2025-04-18 13:54:17,002 [Worker-14: Launching Executing install in D__AgadgoanApplication_DevoteeApplicationBackend] INFO  o.eclipse.m2e.core.internal.Bundles - 	Entry: C:\Users\Admin\.p2\pool\plugins\org.eclipse.m2e.maven.runtime_3.9.900.20250220-2013\jars\wagon-provider-api-3.5.3.jar
2025-04-18 13:54:17,002 [Worker-14: Launching Executing install in D__AgadgoanApplication_DevoteeApplicationBackend] INFO  o.eclipse.m2e.core.internal.Bundles - getClasspathEntries(Bundle=com.google.guava_33.4.0.jre [12])
2025-04-18 13:54:17,003 [Worker-14: Launching Executing install in D__AgadgoanApplication_DevoteeApplicationBackend] INFO  o.eclipse.m2e.core.internal.Bundles - 	Entry: C:\Users\Admin\.p2\pool\plugins\com.google.guava_33.4.0.jre.jar
2025-04-18 13:54:17,003 [Worker-14: Launching Executing install in D__AgadgoanApplication_DevoteeApplicationBackend] INFO  o.eclipse.m2e.core.internal.Bundles - getClasspathEntries(Bundle=slf4j.api_2.0.17 [589])
2025-04-18 13:54:17,004 [Worker-14: Launching Executing install in D__AgadgoanApplication_DevoteeApplicationBackend] INFO  o.eclipse.m2e.core.internal.Bundles - 	Entry: C:\Users\Admin\.p2\pool\plugins\slf4j.api_2.0.17.jar
2025-04-18 13:54:17,005 [Worker-14: Launching Executing install in D__AgadgoanApplication_DevoteeApplicationBackend] INFO  o.eclipse.m2e.core.internal.Bundles - getClasspathEntries(Bundle=jakarta.inject.jakarta.inject-api_1.0.5 [24])
2025-04-18 13:54:17,005 [Worker-14: Launching Executing install in D__AgadgoanApplication_DevoteeApplicationBackend] INFO  o.eclipse.m2e.core.internal.Bundles - 	Entry: C:\Users\Admin\.p2\pool\plugins\jakarta.inject.jakarta.inject-api_1.0.5.jar
2025-04-18 13:54:17,006 [Worker-14: Launching Executing install in D__AgadgoanApplication_DevoteeApplicationBackend] INFO  o.eclipse.m2e.core.internal.Bundles - getClasspathEntries(Bundle=jakarta.annotation-api_1.3.5 [22])
2025-04-18 13:54:17,007 [Worker-14: Launching Executing install in D__AgadgoanApplication_DevoteeApplicationBackend] INFO  o.eclipse.m2e.core.internal.Bundles - 	Entry: C:\Users\Admin\.p2\pool\plugins\jakarta.annotation-api_1.3.5.jar
2025-04-18 13:54:17,007 [Worker-14: Launching Executing install in D__AgadgoanApplication_DevoteeApplicationBackend] INFO  o.eclipse.m2e.core.internal.Bundles - getClasspathEntries(Bundle=org.apache.commons.cli_1.9.0 [48])
2025-04-18 13:54:17,008 [Worker-14: Launching Executing install in D__AgadgoanApplication_DevoteeApplicationBackend] INFO  o.eclipse.m2e.core.internal.Bundles - 	Entry: C:\Users\Admin\.p2\pool\plugins\org.apache.commons.cli_1.9.0.jar
2025-04-18 13:54:17,008 [Worker-14: Launching Executing install in D__AgadgoanApplication_DevoteeApplicationBackend] INFO  o.eclipse.m2e.core.internal.Bundles - getClasspathEntries(Bundle=org.apache.commons.commons-codec_1.16.0 [49])
2025-04-18 13:54:17,009 [Worker-14: Launching Executing install in D__AgadgoanApplication_DevoteeApplicationBackend] INFO  o.eclipse.m2e.core.internal.Bundles - 	Entry: C:\Users\Admin\.p2\pool\plugins\org.apache.commons.commons-codec_1.16.0.jar
2025-04-18 13:54:17,010 [Worker-14: Launching Executing install in D__AgadgoanApplication_DevoteeApplicationBackend] INFO  o.eclipse.m2e.core.internal.Bundles - getClasspathEntries(Bundle=com.google.guava.failureaccess_1.0.2 [13])
2025-04-18 13:54:17,011 [Worker-14: Launching Executing install in D__AgadgoanApplication_DevoteeApplicationBackend] INFO  o.eclipse.m2e.core.internal.Bundles - 	Entry: C:\Users\Admin\.p2\pool\plugins\com.google.guava.failureaccess_1.0.2.jar
2025-04-18 13:54:17,013 [Worker-14: Launching Executing install in D__AgadgoanApplication_DevoteeApplicationBackend] INFO  o.e.m.i.launch.MavenLaunchDelegate - Run build in "D:\AgadgoanApplication\DevoteeApplicationBackend":
2025-04-18 13:54:17,014 [Worker-14: Launching Executing install in D__AgadgoanApplication_DevoteeApplicationBackend] INFO  o.e.m.i.launch.MavenLaunchDelegate -  mvn  -B -Dstyle.color=always install
2025-04-18 13:56:29,966 [Worker-6: Building] INFO  o.a.m.s.f.DefaultMavenResourcesFiltering - Copying 1 resource from src\main\resources to target\classes
2025-04-18 13:56:29,976 [Worker-6: Building] INFO  o.a.m.s.f.DefaultMavenResourcesFiltering - Copying 0 resource from src\main\resources to target\classes
2025-04-18 13:56:29,981 [Worker-6: Building] INFO  o.a.m.s.f.DefaultMavenResourcesFiltering - skip non existing resourceDirectory D:\AgadgoanApplication\DevoteeApplicationBackend\src\test\resources
2025-04-18 13:56:35,445 [Worker-13: Launching Executing install in D__AgadgoanApplication_DevoteeApplicationBackend] INFO  o.eclipse.m2e.core.internal.Bundles - getClasspathEntries(Bundle=org.eclipse.m2e.maven.runtime_3.9.900.20250220-2013 [296])
2025-04-18 13:56:35,446 [Worker-13: Launching Executing install in D__AgadgoanApplication_DevoteeApplicationBackend] INFO  o.eclipse.m2e.core.internal.Bundles - 	Entry: C:\Users\Admin\.p2\pool\plugins\org.eclipse.m2e.maven.runtime_3.9.900.20250220-2013
2025-04-18 13:56:35,446 [Worker-13: Launching Executing install in D__AgadgoanApplication_DevoteeApplicationBackend] INFO  o.eclipse.m2e.core.internal.Bundles - 	Entry: C:\Users\Admin\.p2\pool\plugins\org.eclipse.m2e.maven.runtime_3.9.900.20250220-2013\jars\aopalliance-1.0.jar
2025-04-18 13:56:35,446 [Worker-13: Launching Executing install in D__AgadgoanApplication_DevoteeApplicationBackend] INFO  o.eclipse.m2e.core.internal.Bundles - 	Entry: C:\Users\Admin\.p2\pool\plugins\org.eclipse.m2e.maven.runtime_3.9.900.20250220-2013\jars\guice-5.1.0.jar
2025-04-18 13:56:35,447 [Worker-13: Launching Executing install in D__AgadgoanApplication_DevoteeApplicationBackend] INFO  o.eclipse.m2e.core.internal.Bundles - 	Entry: C:\Users\Admin\.p2\pool\plugins\org.eclipse.m2e.maven.runtime_3.9.900.20250220-2013\jars\httpclient-4.5.14.jar
2025-04-18 13:56:35,447 [Worker-13: Launching Executing install in D__AgadgoanApplication_DevoteeApplicationBackend] INFO  o.eclipse.m2e.core.internal.Bundles - 	Entry: C:\Users\Admin\.p2\pool\plugins\org.eclipse.m2e.maven.runtime_3.9.900.20250220-2013\jars\httpcore-4.4.16.jar
2025-04-18 13:56:35,447 [Worker-13: Launching Executing install in D__AgadgoanApplication_DevoteeApplicationBackend] INFO  o.eclipse.m2e.core.internal.Bundles - 	Entry: C:\Users\Admin\.p2\pool\plugins\org.eclipse.m2e.maven.runtime_3.9.900.20250220-2013\jars\jansi-2.4.1.jar
2025-04-18 13:56:35,447 [Worker-13: Launching Executing install in D__AgadgoanApplication_DevoteeApplicationBackend] INFO  o.eclipse.m2e.core.internal.Bundles - 	Entry: C:\Users\Admin\.p2\pool\plugins\org.eclipse.m2e.maven.runtime_3.9.900.20250220-2013\jars\jcl-over-slf4j-1.7.36.jar
2025-04-18 13:56:35,447 [Worker-13: Launching Executing install in D__AgadgoanApplication_DevoteeApplicationBackend] INFO  o.eclipse.m2e.core.internal.Bundles - 	Entry: C:\Users\Admin\.p2\pool\plugins\org.eclipse.m2e.maven.runtime_3.9.900.20250220-2013\jars\maven-artifact-3.9.9.jar
2025-04-18 13:56:35,447 [Worker-13: Launching Executing install in D__AgadgoanApplication_DevoteeApplicationBackend] INFO  o.eclipse.m2e.core.internal.Bundles - 	Entry: C:\Users\Admin\.p2\pool\plugins\org.eclipse.m2e.maven.runtime_3.9.900.20250220-2013\jars\maven-builder-support-3.9.9.jar
2025-04-18 13:56:35,447 [Worker-13: Launching Executing install in D__AgadgoanApplication_DevoteeApplicationBackend] INFO  o.eclipse.m2e.core.internal.Bundles - 	Entry: C:\Users\Admin\.p2\pool\plugins\org.eclipse.m2e.maven.runtime_3.9.900.20250220-2013\jars\maven-compat-3.9.9.jar
2025-04-18 13:56:35,447 [Worker-13: Launching Executing install in D__AgadgoanApplication_DevoteeApplicationBackend] INFO  o.eclipse.m2e.core.internal.Bundles - 	Entry: C:\Users\Admin\.p2\pool\plugins\org.eclipse.m2e.maven.runtime_3.9.900.20250220-2013\jars\maven-core-3.9.9.jar
2025-04-18 13:56:35,448 [Worker-13: Launching Executing install in D__AgadgoanApplication_DevoteeApplicationBackend] INFO  o.eclipse.m2e.core.internal.Bundles - 	Entry: C:\Users\Admin\.p2\pool\plugins\org.eclipse.m2e.maven.runtime_3.9.900.20250220-2013\jars\maven-embedder-3.9.9.jar
2025-04-18 13:56:35,448 [Worker-13: Launching Executing install in D__AgadgoanApplication_DevoteeApplicationBackend] INFO  o.eclipse.m2e.core.internal.Bundles - 	Entry: C:\Users\Admin\.p2\pool\plugins\org.eclipse.m2e.maven.runtime_3.9.900.20250220-2013\jars\maven-model-3.9.9.jar
2025-04-18 13:56:35,448 [Worker-13: Launching Executing install in D__AgadgoanApplication_DevoteeApplicationBackend] INFO  o.eclipse.m2e.core.internal.Bundles - 	Entry: C:\Users\Admin\.p2\pool\plugins\org.eclipse.m2e.maven.runtime_3.9.900.20250220-2013\jars\maven-model-builder-3.9.9.jar
2025-04-18 13:56:35,448 [Worker-13: Launching Executing install in D__AgadgoanApplication_DevoteeApplicationBackend] INFO  o.eclipse.m2e.core.internal.Bundles - 	Entry: C:\Users\Admin\.p2\pool\plugins\org.eclipse.m2e.maven.runtime_3.9.900.20250220-2013\jars\maven-plugin-api-3.9.9.jar
2025-04-18 13:56:35,448 [Worker-13: Launching Executing install in D__AgadgoanApplication_DevoteeApplicationBackend] INFO  o.eclipse.m2e.core.internal.Bundles - 	Entry: C:\Users\Admin\.p2\pool\plugins\org.eclipse.m2e.maven.runtime_3.9.900.20250220-2013\jars\maven-repository-metadata-3.9.9.jar
2025-04-18 13:56:35,448 [Worker-13: Launching Executing install in D__AgadgoanApplication_DevoteeApplicationBackend] INFO  o.eclipse.m2e.core.internal.Bundles - 	Entry: C:\Users\Admin\.p2\pool\plugins\org.eclipse.m2e.maven.runtime_3.9.900.20250220-2013\jars\maven-resolver-api-1.9.22.jar
2025-04-18 13:56:35,448 [Worker-13: Launching Executing install in D__AgadgoanApplication_DevoteeApplicationBackend] INFO  o.eclipse.m2e.core.internal.Bundles - 	Entry: C:\Users\Admin\.p2\pool\plugins\org.eclipse.m2e.maven.runtime_3.9.900.20250220-2013\jars\maven-resolver-connector-basic-1.9.22.jar
2025-04-18 13:56:35,449 [Worker-13: Launching Executing install in D__AgadgoanApplication_DevoteeApplicationBackend] INFO  o.eclipse.m2e.core.internal.Bundles - 	Entry: C:\Users\Admin\.p2\pool\plugins\org.eclipse.m2e.maven.runtime_3.9.900.20250220-2013\jars\maven-resolver-impl-1.9.22.jar
2025-04-18 13:56:35,449 [Worker-13: Launching Executing install in D__AgadgoanApplication_DevoteeApplicationBackend] INFO  o.eclipse.m2e.core.internal.Bundles - 	Entry: C:\Users\Admin\.p2\pool\plugins\org.eclipse.m2e.maven.runtime_3.9.900.20250220-2013\jars\maven-resolver-named-locks-1.9.22.jar
2025-04-18 13:56:35,449 [Worker-13: Launching Executing install in D__AgadgoanApplication_DevoteeApplicationBackend] INFO  o.eclipse.m2e.core.internal.Bundles - 	Entry: C:\Users\Admin\.p2\pool\plugins\org.eclipse.m2e.maven.runtime_3.9.900.20250220-2013\jars\maven-resolver-provider-3.9.9.jar
2025-04-18 13:56:35,449 [Worker-13: Launching Executing install in D__AgadgoanApplication_DevoteeApplicationBackend] INFO  o.eclipse.m2e.core.internal.Bundles - 	Entry: C:\Users\Admin\.p2\pool\plugins\org.eclipse.m2e.maven.runtime_3.9.900.20250220-2013\jars\maven-resolver-spi-1.9.22.jar
2025-04-18 13:56:35,449 [Worker-13: Launching Executing install in D__AgadgoanApplication_DevoteeApplicationBackend] INFO  o.eclipse.m2e.core.internal.Bundles - 	Entry: C:\Users\Admin\.p2\pool\plugins\org.eclipse.m2e.maven.runtime_3.9.900.20250220-2013\jars\maven-resolver-transport-file-1.9.22.jar
2025-04-18 13:56:35,449 [Worker-13: Launching Executing install in D__AgadgoanApplication_DevoteeApplicationBackend] INFO  o.eclipse.m2e.core.internal.Bundles - 	Entry: C:\Users\Admin\.p2\pool\plugins\org.eclipse.m2e.maven.runtime_3.9.900.20250220-2013\jars\maven-resolver-transport-http-1.9.22.jar
2025-04-18 13:56:35,449 [Worker-13: Launching Executing install in D__AgadgoanApplication_DevoteeApplicationBackend] INFO  o.eclipse.m2e.core.internal.Bundles - 	Entry: C:\Users\Admin\.p2\pool\plugins\org.eclipse.m2e.maven.runtime_3.9.900.20250220-2013\jars\maven-resolver-transport-wagon-1.9.22.jar
2025-04-18 13:56:35,449 [Worker-13: Launching Executing install in D__AgadgoanApplication_DevoteeApplicationBackend] INFO  o.eclipse.m2e.core.internal.Bundles - 	Entry: C:\Users\Admin\.p2\pool\plugins\org.eclipse.m2e.maven.runtime_3.9.900.20250220-2013\jars\maven-resolver-util-1.9.22.jar
2025-04-18 13:56:35,450 [Worker-13: Launching Executing install in D__AgadgoanApplication_DevoteeApplicationBackend] INFO  o.eclipse.m2e.core.internal.Bundles - 	Entry: C:\Users\Admin\.p2\pool\plugins\org.eclipse.m2e.maven.runtime_3.9.900.20250220-2013\jars\maven-settings-3.9.9.jar
2025-04-18 13:56:35,450 [Worker-13: Launching Executing install in D__AgadgoanApplication_DevoteeApplicationBackend] INFO  o.eclipse.m2e.core.internal.Bundles - 	Entry: C:\Users\Admin\.p2\pool\plugins\org.eclipse.m2e.maven.runtime_3.9.900.20250220-2013\jars\maven-settings-builder-3.9.9.jar
2025-04-18 13:56:35,450 [Worker-13: Launching Executing install in D__AgadgoanApplication_DevoteeApplicationBackend] INFO  o.eclipse.m2e.core.internal.Bundles - 	Entry: C:\Users\Admin\.p2\pool\plugins\org.eclipse.m2e.maven.runtime_3.9.900.20250220-2013\jars\maven-shared-utils-3.4.2.jar
2025-04-18 13:56:35,450 [Worker-13: Launching Executing install in D__AgadgoanApplication_DevoteeApplicationBackend] INFO  o.eclipse.m2e.core.internal.Bundles - 	Entry: C:\Users\Admin\.p2\pool\plugins\org.eclipse.m2e.maven.runtime_3.9.900.20250220-2013\jars\org.eclipse.sisu.inject-0.9.0.M3.jar
2025-04-18 13:56:35,450 [Worker-13: Launching Executing install in D__AgadgoanApplication_DevoteeApplicationBackend] INFO  o.eclipse.m2e.core.internal.Bundles - 	Entry: C:\Users\Admin\.p2\pool\plugins\org.eclipse.m2e.maven.runtime_3.9.900.20250220-2013\jars\org.eclipse.sisu.plexus-0.9.0.M3.jar
2025-04-18 13:56:35,450 [Worker-13: Launching Executing install in D__AgadgoanApplication_DevoteeApplicationBackend] INFO  o.eclipse.m2e.core.internal.Bundles - 	Entry: C:\Users\Admin\.p2\pool\plugins\org.eclipse.m2e.maven.runtime_3.9.900.20250220-2013\jars\plexus-build-api-0.0.7.jar
2025-04-18 13:56:35,450 [Worker-13: Launching Executing install in D__AgadgoanApplication_DevoteeApplicationBackend] INFO  o.eclipse.m2e.core.internal.Bundles - 	Entry: C:\Users\Admin\.p2\pool\plugins\org.eclipse.m2e.maven.runtime_3.9.900.20250220-2013\jars\plexus-build-api-1.2.0.jar
2025-04-18 13:56:35,451 [Worker-13: Launching Executing install in D__AgadgoanApplication_DevoteeApplicationBackend] INFO  o.eclipse.m2e.core.internal.Bundles - 	Entry: C:\Users\Admin\.p2\pool\plugins\org.eclipse.m2e.maven.runtime_3.9.900.20250220-2013\jars\plexus-cipher-2.0.jar
2025-04-18 13:56:35,451 [Worker-13: Launching Executing install in D__AgadgoanApplication_DevoteeApplicationBackend] INFO  o.eclipse.m2e.core.internal.Bundles - 	Entry: C:\Users\Admin\.p2\pool\plugins\org.eclipse.m2e.maven.runtime_3.9.900.20250220-2013\jars\plexus-classworlds-2.8.0.jar
2025-04-18 13:56:35,451 [Worker-13: Launching Executing install in D__AgadgoanApplication_DevoteeApplicationBackend] INFO  o.eclipse.m2e.core.internal.Bundles - 	Entry: C:\Users\Admin\.p2\pool\plugins\org.eclipse.m2e.maven.runtime_3.9.900.20250220-2013\jars\plexus-component-annotations-2.1.0.jar
2025-04-18 13:56:35,451 [Worker-13: Launching Executing install in D__AgadgoanApplication_DevoteeApplicationBackend] INFO  o.eclipse.m2e.core.internal.Bundles - 	Entry: C:\Users\Admin\.p2\pool\plugins\org.eclipse.m2e.maven.runtime_3.9.900.20250220-2013\jars\plexus-interpolation-1.27.jar
2025-04-18 13:56:35,451 [Worker-13: Launching Executing install in D__AgadgoanApplication_DevoteeApplicationBackend] INFO  o.eclipse.m2e.core.internal.Bundles - 	Entry: C:\Users\Admin\.p2\pool\plugins\org.eclipse.m2e.maven.runtime_3.9.900.20250220-2013\jars\plexus-sec-dispatcher-2.0.jar
2025-04-18 13:56:35,451 [Worker-13: Launching Executing install in D__AgadgoanApplication_DevoteeApplicationBackend] INFO  o.eclipse.m2e.core.internal.Bundles - 	Entry: C:\Users\Admin\.p2\pool\plugins\org.eclipse.m2e.maven.runtime_3.9.900.20250220-2013\jars\plexus-utils-3.5.1.jar
2025-04-18 13:56:35,451 [Worker-13: Launching Executing install in D__AgadgoanApplication_DevoteeApplicationBackend] INFO  o.eclipse.m2e.core.internal.Bundles - 	Entry: C:\Users\Admin\.p2\pool\plugins\org.eclipse.m2e.maven.runtime_3.9.900.20250220-2013\jars\plexus-xml-3.0.1.jar
2025-04-18 13:56:35,451 [Worker-13: Launching Executing install in D__AgadgoanApplication_DevoteeApplicationBackend] INFO  o.eclipse.m2e.core.internal.Bundles - 	Entry: C:\Users\Admin\.p2\pool\plugins\org.eclipse.m2e.maven.runtime_3.9.900.20250220-2013\jars\wagon-file-3.5.3.jar
2025-04-18 13:56:35,452 [Worker-13: Launching Executing install in D__AgadgoanApplication_DevoteeApplicationBackend] INFO  o.eclipse.m2e.core.internal.Bundles - 	Entry: C:\Users\Admin\.p2\pool\plugins\org.eclipse.m2e.maven.runtime_3.9.900.20250220-2013\jars\wagon-http-3.5.3.jar
2025-04-18 13:56:35,452 [Worker-13: Launching Executing install in D__AgadgoanApplication_DevoteeApplicationBackend] INFO  o.eclipse.m2e.core.internal.Bundles - 	Entry: C:\Users\Admin\.p2\pool\plugins\org.eclipse.m2e.maven.runtime_3.9.900.20250220-2013\jars\wagon-http-shared-3.5.3.jar
2025-04-18 13:56:35,452 [Worker-13: Launching Executing install in D__AgadgoanApplication_DevoteeApplicationBackend] INFO  o.eclipse.m2e.core.internal.Bundles - 	Entry: C:\Users\Admin\.p2\pool\plugins\org.eclipse.m2e.maven.runtime_3.9.900.20250220-2013\jars\wagon-provider-api-3.5.3.jar
2025-04-18 13:56:35,452 [Worker-13: Launching Executing install in D__AgadgoanApplication_DevoteeApplicationBackend] INFO  o.eclipse.m2e.core.internal.Bundles - getClasspathEntries(Bundle=com.google.guava_33.4.0.jre [12])
2025-04-18 13:56:35,454 [Worker-13: Launching Executing install in D__AgadgoanApplication_DevoteeApplicationBackend] INFO  o.eclipse.m2e.core.internal.Bundles - 	Entry: C:\Users\Admin\.p2\pool\plugins\com.google.guava_33.4.0.jre.jar
2025-04-18 13:56:35,454 [Worker-13: Launching Executing install in D__AgadgoanApplication_DevoteeApplicationBackend] INFO  o.eclipse.m2e.core.internal.Bundles - getClasspathEntries(Bundle=slf4j.api_2.0.17 [589])
2025-04-18 13:56:35,455 [Worker-13: Launching Executing install in D__AgadgoanApplication_DevoteeApplicationBackend] INFO  o.eclipse.m2e.core.internal.Bundles - 	Entry: C:\Users\Admin\.p2\pool\plugins\slf4j.api_2.0.17.jar
2025-04-18 13:56:35,455 [Worker-13: Launching Executing install in D__AgadgoanApplication_DevoteeApplicationBackend] INFO  o.eclipse.m2e.core.internal.Bundles - getClasspathEntries(Bundle=jakarta.inject.jakarta.inject-api_1.0.5 [24])
2025-04-18 13:56:35,456 [Worker-13: Launching Executing install in D__AgadgoanApplication_DevoteeApplicationBackend] INFO  o.eclipse.m2e.core.internal.Bundles - 	Entry: C:\Users\Admin\.p2\pool\plugins\jakarta.inject.jakarta.inject-api_1.0.5.jar
2025-04-18 13:56:35,456 [Worker-13: Launching Executing install in D__AgadgoanApplication_DevoteeApplicationBackend] INFO  o.eclipse.m2e.core.internal.Bundles - getClasspathEntries(Bundle=jakarta.annotation-api_1.3.5 [22])
2025-04-18 13:56:35,458 [Worker-13: Launching Executing install in D__AgadgoanApplication_DevoteeApplicationBackend] INFO  o.eclipse.m2e.core.internal.Bundles - 	Entry: C:\Users\Admin\.p2\pool\plugins\jakarta.annotation-api_1.3.5.jar
2025-04-18 13:56:35,458 [Worker-13: Launching Executing install in D__AgadgoanApplication_DevoteeApplicationBackend] INFO  o.eclipse.m2e.core.internal.Bundles - getClasspathEntries(Bundle=org.apache.commons.cli_1.9.0 [48])
2025-04-18 13:56:35,459 [Worker-13: Launching Executing install in D__AgadgoanApplication_DevoteeApplicationBackend] INFO  o.eclipse.m2e.core.internal.Bundles - 	Entry: C:\Users\Admin\.p2\pool\plugins\org.apache.commons.cli_1.9.0.jar
2025-04-18 13:56:35,459 [Worker-13: Launching Executing install in D__AgadgoanApplication_DevoteeApplicationBackend] INFO  o.eclipse.m2e.core.internal.Bundles - getClasspathEntries(Bundle=org.apache.commons.commons-codec_1.16.0 [49])
2025-04-18 13:56:35,460 [Worker-13: Launching Executing install in D__AgadgoanApplication_DevoteeApplicationBackend] INFO  o.eclipse.m2e.core.internal.Bundles - 	Entry: C:\Users\Admin\.p2\pool\plugins\org.apache.commons.commons-codec_1.16.0.jar
2025-04-18 13:56:35,460 [Worker-13: Launching Executing install in D__AgadgoanApplication_DevoteeApplicationBackend] INFO  o.eclipse.m2e.core.internal.Bundles - getClasspathEntries(Bundle=com.google.guava.failureaccess_1.0.2 [13])
2025-04-18 13:56:35,461 [Worker-13: Launching Executing install in D__AgadgoanApplication_DevoteeApplicationBackend] INFO  o.eclipse.m2e.core.internal.Bundles - 	Entry: C:\Users\Admin\.p2\pool\plugins\com.google.guava.failureaccess_1.0.2.jar
2025-04-18 13:56:35,463 [Worker-13: Launching Executing install in D__AgadgoanApplication_DevoteeApplicationBackend] INFO  o.e.m.i.launch.MavenLaunchDelegate - Run build in "D:\AgadgoanApplication\DevoteeApplicationBackend":
2025-04-18 13:56:35,463 [Worker-13: Launching Executing install in D__AgadgoanApplication_DevoteeApplicationBackend] INFO  o.e.m.i.launch.MavenLaunchDelegate -  mvn  -B -Dstyle.color=always install
2025-04-18 13:58:14,261 [Worker-13: Building] INFO  o.a.m.s.f.DefaultMavenResourcesFiltering - Copying 1 resource from src\main\resources to target\classes
2025-04-18 13:58:14,274 [Worker-13: Building] INFO  o.a.m.s.f.DefaultMavenResourcesFiltering - Copying 0 resource from src\main\resources to target\classes
2025-04-18 13:58:14,281 [Worker-13: Building] INFO  o.a.m.s.f.DefaultMavenResourcesFiltering - skip non existing resourceDirectory D:\AgadgoanApplication\DevoteeApplicationBackend\src\test\resources
2025-04-18 14:00:04,221 [Worker-6: Building] INFO  o.a.m.s.f.DefaultMavenResourcesFiltering - Copying 1 resource from src\main\resources to target\classes
2025-04-18 14:00:04,228 [Worker-6: Building] INFO  o.a.m.s.f.DefaultMavenResourcesFiltering - Copying 0 resource from src\main\resources to target\classes
2025-04-18 14:00:04,234 [Worker-6: Building] INFO  o.a.m.s.f.DefaultMavenResourcesFiltering - skip non existing resourceDirectory D:\AgadgoanApplication\DevoteeApplicationBackend\src\test\resources
2025-04-18 14:00:11,754 [Worker-8: Launching Executing clean in D__AgadgoanApplication_DevoteeApplicationBackend] INFO  o.eclipse.m2e.core.internal.Bundles - getClasspathEntries(Bundle=org.eclipse.m2e.maven.runtime_3.9.900.20250220-2013 [296])
2025-04-18 14:00:11,756 [Worker-8: Launching Executing clean in D__AgadgoanApplication_DevoteeApplicationBackend] INFO  o.eclipse.m2e.core.internal.Bundles - 	Entry: C:\Users\Admin\.p2\pool\plugins\org.eclipse.m2e.maven.runtime_3.9.900.20250220-2013
2025-04-18 14:00:11,756 [Worker-8: Launching Executing clean in D__AgadgoanApplication_DevoteeApplicationBackend] INFO  o.eclipse.m2e.core.internal.Bundles - 	Entry: C:\Users\Admin\.p2\pool\plugins\org.eclipse.m2e.maven.runtime_3.9.900.20250220-2013\jars\aopalliance-1.0.jar
2025-04-18 14:00:11,757 [Worker-8: Launching Executing clean in D__AgadgoanApplication_DevoteeApplicationBackend] INFO  o.eclipse.m2e.core.internal.Bundles - 	Entry: C:\Users\Admin\.p2\pool\plugins\org.eclipse.m2e.maven.runtime_3.9.900.20250220-2013\jars\guice-5.1.0.jar
2025-04-18 14:00:11,757 [Worker-8: Launching Executing clean in D__AgadgoanApplication_DevoteeApplicationBackend] INFO  o.eclipse.m2e.core.internal.Bundles - 	Entry: C:\Users\Admin\.p2\pool\plugins\org.eclipse.m2e.maven.runtime_3.9.900.20250220-2013\jars\httpclient-4.5.14.jar
2025-04-18 14:00:11,757 [Worker-8: Launching Executing clean in D__AgadgoanApplication_DevoteeApplicationBackend] INFO  o.eclipse.m2e.core.internal.Bundles - 	Entry: C:\Users\Admin\.p2\pool\plugins\org.eclipse.m2e.maven.runtime_3.9.900.20250220-2013\jars\httpcore-4.4.16.jar
2025-04-18 14:00:11,757 [Worker-8: Launching Executing clean in D__AgadgoanApplication_DevoteeApplicationBackend] INFO  o.eclipse.m2e.core.internal.Bundles - 	Entry: C:\Users\Admin\.p2\pool\plugins\org.eclipse.m2e.maven.runtime_3.9.900.20250220-2013\jars\jansi-2.4.1.jar
2025-04-18 14:00:11,757 [Worker-8: Launching Executing clean in D__AgadgoanApplication_DevoteeApplicationBackend] INFO  o.eclipse.m2e.core.internal.Bundles - 	Entry: C:\Users\Admin\.p2\pool\plugins\org.eclipse.m2e.maven.runtime_3.9.900.20250220-2013\jars\jcl-over-slf4j-1.7.36.jar
2025-04-18 14:00:11,758 [Worker-8: Launching Executing clean in D__AgadgoanApplication_DevoteeApplicationBackend] INFO  o.eclipse.m2e.core.internal.Bundles - 	Entry: C:\Users\Admin\.p2\pool\plugins\org.eclipse.m2e.maven.runtime_3.9.900.20250220-2013\jars\maven-artifact-3.9.9.jar
2025-04-18 14:00:11,758 [Worker-8: Launching Executing clean in D__AgadgoanApplication_DevoteeApplicationBackend] INFO  o.eclipse.m2e.core.internal.Bundles - 	Entry: C:\Users\Admin\.p2\pool\plugins\org.eclipse.m2e.maven.runtime_3.9.900.20250220-2013\jars\maven-builder-support-3.9.9.jar
2025-04-18 14:00:11,758 [Worker-8: Launching Executing clean in D__AgadgoanApplication_DevoteeApplicationBackend] INFO  o.eclipse.m2e.core.internal.Bundles - 	Entry: C:\Users\Admin\.p2\pool\plugins\org.eclipse.m2e.maven.runtime_3.9.900.20250220-2013\jars\maven-compat-3.9.9.jar
2025-04-18 14:00:11,758 [Worker-8: Launching Executing clean in D__AgadgoanApplication_DevoteeApplicationBackend] INFO  o.eclipse.m2e.core.internal.Bundles - 	Entry: C:\Users\Admin\.p2\pool\plugins\org.eclipse.m2e.maven.runtime_3.9.900.20250220-2013\jars\maven-core-3.9.9.jar
2025-04-18 14:00:11,758 [Worker-8: Launching Executing clean in D__AgadgoanApplication_DevoteeApplicationBackend] INFO  o.eclipse.m2e.core.internal.Bundles - 	Entry: C:\Users\Admin\.p2\pool\plugins\org.eclipse.m2e.maven.runtime_3.9.900.20250220-2013\jars\maven-embedder-3.9.9.jar
2025-04-18 14:00:11,759 [Worker-8: Launching Executing clean in D__AgadgoanApplication_DevoteeApplicationBackend] INFO  o.eclipse.m2e.core.internal.Bundles - 	Entry: C:\Users\Admin\.p2\pool\plugins\org.eclipse.m2e.maven.runtime_3.9.900.20250220-2013\jars\maven-model-3.9.9.jar
2025-04-18 14:00:11,759 [Worker-8: Launching Executing clean in D__AgadgoanApplication_DevoteeApplicationBackend] INFO  o.eclipse.m2e.core.internal.Bundles - 	Entry: C:\Users\Admin\.p2\pool\plugins\org.eclipse.m2e.maven.runtime_3.9.900.20250220-2013\jars\maven-model-builder-3.9.9.jar
2025-04-18 14:00:11,759 [Worker-8: Launching Executing clean in D__AgadgoanApplication_DevoteeApplicationBackend] INFO  o.eclipse.m2e.core.internal.Bundles - 	Entry: C:\Users\Admin\.p2\pool\plugins\org.eclipse.m2e.maven.runtime_3.9.900.20250220-2013\jars\maven-plugin-api-3.9.9.jar
2025-04-18 14:00:11,759 [Worker-8: Launching Executing clean in D__AgadgoanApplication_DevoteeApplicationBackend] INFO  o.eclipse.m2e.core.internal.Bundles - 	Entry: C:\Users\Admin\.p2\pool\plugins\org.eclipse.m2e.maven.runtime_3.9.900.20250220-2013\jars\maven-repository-metadata-3.9.9.jar
2025-04-18 14:00:11,760 [Worker-8: Launching Executing clean in D__AgadgoanApplication_DevoteeApplicationBackend] INFO  o.eclipse.m2e.core.internal.Bundles - 	Entry: C:\Users\Admin\.p2\pool\plugins\org.eclipse.m2e.maven.runtime_3.9.900.20250220-2013\jars\maven-resolver-api-1.9.22.jar
2025-04-18 14:00:11,760 [Worker-8: Launching Executing clean in D__AgadgoanApplication_DevoteeApplicationBackend] INFO  o.eclipse.m2e.core.internal.Bundles - 	Entry: C:\Users\Admin\.p2\pool\plugins\org.eclipse.m2e.maven.runtime_3.9.900.20250220-2013\jars\maven-resolver-connector-basic-1.9.22.jar
2025-04-18 14:00:11,760 [Worker-8: Launching Executing clean in D__AgadgoanApplication_DevoteeApplicationBackend] INFO  o.eclipse.m2e.core.internal.Bundles - 	Entry: C:\Users\Admin\.p2\pool\plugins\org.eclipse.m2e.maven.runtime_3.9.900.20250220-2013\jars\maven-resolver-impl-1.9.22.jar
2025-04-18 14:00:11,760 [Worker-8: Launching Executing clean in D__AgadgoanApplication_DevoteeApplicationBackend] INFO  o.eclipse.m2e.core.internal.Bundles - 	Entry: C:\Users\Admin\.p2\pool\plugins\org.eclipse.m2e.maven.runtime_3.9.900.20250220-2013\jars\maven-resolver-named-locks-1.9.22.jar
2025-04-18 14:00:11,761 [Worker-8: Launching Executing clean in D__AgadgoanApplication_DevoteeApplicationBackend] INFO  o.eclipse.m2e.core.internal.Bundles - 	Entry: C:\Users\Admin\.p2\pool\plugins\org.eclipse.m2e.maven.runtime_3.9.900.20250220-2013\jars\maven-resolver-provider-3.9.9.jar
2025-04-18 14:00:11,761 [Worker-8: Launching Executing clean in D__AgadgoanApplication_DevoteeApplicationBackend] INFO  o.eclipse.m2e.core.internal.Bundles - 	Entry: C:\Users\Admin\.p2\pool\plugins\org.eclipse.m2e.maven.runtime_3.9.900.20250220-2013\jars\maven-resolver-spi-1.9.22.jar
2025-04-18 14:00:11,761 [Worker-8: Launching Executing clean in D__AgadgoanApplication_DevoteeApplicationBackend] INFO  o.eclipse.m2e.core.internal.Bundles - 	Entry: C:\Users\Admin\.p2\pool\plugins\org.eclipse.m2e.maven.runtime_3.9.900.20250220-2013\jars\maven-resolver-transport-file-1.9.22.jar
2025-04-18 14:00:11,762 [Worker-8: Launching Executing clean in D__AgadgoanApplication_DevoteeApplicationBackend] INFO  o.eclipse.m2e.core.internal.Bundles - 	Entry: C:\Users\Admin\.p2\pool\plugins\org.eclipse.m2e.maven.runtime_3.9.900.20250220-2013\jars\maven-resolver-transport-http-1.9.22.jar
2025-04-18 14:00:11,762 [Worker-8: Launching Executing clean in D__AgadgoanApplication_DevoteeApplicationBackend] INFO  o.eclipse.m2e.core.internal.Bundles - 	Entry: C:\Users\Admin\.p2\pool\plugins\org.eclipse.m2e.maven.runtime_3.9.900.20250220-2013\jars\maven-resolver-transport-wagon-1.9.22.jar
2025-04-18 14:00:11,762 [Worker-8: Launching Executing clean in D__AgadgoanApplication_DevoteeApplicationBackend] INFO  o.eclipse.m2e.core.internal.Bundles - 	Entry: C:\Users\Admin\.p2\pool\plugins\org.eclipse.m2e.maven.runtime_3.9.900.20250220-2013\jars\maven-resolver-util-1.9.22.jar
2025-04-18 14:00:11,763 [Worker-8: Launching Executing clean in D__AgadgoanApplication_DevoteeApplicationBackend] INFO  o.eclipse.m2e.core.internal.Bundles - 	Entry: C:\Users\Admin\.p2\pool\plugins\org.eclipse.m2e.maven.runtime_3.9.900.20250220-2013\jars\maven-settings-3.9.9.jar
2025-04-18 14:00:11,763 [Worker-8: Launching Executing clean in D__AgadgoanApplication_DevoteeApplicationBackend] INFO  o.eclipse.m2e.core.internal.Bundles - 	Entry: C:\Users\Admin\.p2\pool\plugins\org.eclipse.m2e.maven.runtime_3.9.900.20250220-2013\jars\maven-settings-builder-3.9.9.jar
2025-04-18 14:00:11,763 [Worker-8: Launching Executing clean in D__AgadgoanApplication_DevoteeApplicationBackend] INFO  o.eclipse.m2e.core.internal.Bundles - 	Entry: C:\Users\Admin\.p2\pool\plugins\org.eclipse.m2e.maven.runtime_3.9.900.20250220-2013\jars\maven-shared-utils-3.4.2.jar
2025-04-18 14:00:11,763 [Worker-8: Launching Executing clean in D__AgadgoanApplication_DevoteeApplicationBackend] INFO  o.eclipse.m2e.core.internal.Bundles - 	Entry: C:\Users\Admin\.p2\pool\plugins\org.eclipse.m2e.maven.runtime_3.9.900.20250220-2013\jars\org.eclipse.sisu.inject-0.9.0.M3.jar
2025-04-18 14:00:11,763 [Worker-8: Launching Executing clean in D__AgadgoanApplication_DevoteeApplicationBackend] INFO  o.eclipse.m2e.core.internal.Bundles - 	Entry: C:\Users\Admin\.p2\pool\plugins\org.eclipse.m2e.maven.runtime_3.9.900.20250220-2013\jars\org.eclipse.sisu.plexus-0.9.0.M3.jar
2025-04-18 14:00:11,764 [Worker-8: Launching Executing clean in D__AgadgoanApplication_DevoteeApplicationBackend] INFO  o.eclipse.m2e.core.internal.Bundles - 	Entry: C:\Users\Admin\.p2\pool\plugins\org.eclipse.m2e.maven.runtime_3.9.900.20250220-2013\jars\plexus-build-api-0.0.7.jar
2025-04-18 14:00:11,764 [Worker-8: Launching Executing clean in D__AgadgoanApplication_DevoteeApplicationBackend] INFO  o.eclipse.m2e.core.internal.Bundles - 	Entry: C:\Users\Admin\.p2\pool\plugins\org.eclipse.m2e.maven.runtime_3.9.900.20250220-2013\jars\plexus-build-api-1.2.0.jar
2025-04-18 14:00:11,764 [Worker-8: Launching Executing clean in D__AgadgoanApplication_DevoteeApplicationBackend] INFO  o.eclipse.m2e.core.internal.Bundles - 	Entry: C:\Users\Admin\.p2\pool\plugins\org.eclipse.m2e.maven.runtime_3.9.900.20250220-2013\jars\plexus-cipher-2.0.jar
2025-04-18 14:00:11,764 [Worker-8: Launching Executing clean in D__AgadgoanApplication_DevoteeApplicationBackend] INFO  o.eclipse.m2e.core.internal.Bundles - 	Entry: C:\Users\Admin\.p2\pool\plugins\org.eclipse.m2e.maven.runtime_3.9.900.20250220-2013\jars\plexus-classworlds-2.8.0.jar
2025-04-18 14:00:11,764 [Worker-8: Launching Executing clean in D__AgadgoanApplication_DevoteeApplicationBackend] INFO  o.eclipse.m2e.core.internal.Bundles - 	Entry: C:\Users\Admin\.p2\pool\plugins\org.eclipse.m2e.maven.runtime_3.9.900.20250220-2013\jars\plexus-component-annotations-2.1.0.jar
2025-04-18 14:00:11,764 [Worker-8: Launching Executing clean in D__AgadgoanApplication_DevoteeApplicationBackend] INFO  o.eclipse.m2e.core.internal.Bundles - 	Entry: C:\Users\Admin\.p2\pool\plugins\org.eclipse.m2e.maven.runtime_3.9.900.20250220-2013\jars\plexus-interpolation-1.27.jar
2025-04-18 14:00:11,764 [Worker-8: Launching Executing clean in D__AgadgoanApplication_DevoteeApplicationBackend] INFO  o.eclipse.m2e.core.internal.Bundles - 	Entry: C:\Users\Admin\.p2\pool\plugins\org.eclipse.m2e.maven.runtime_3.9.900.20250220-2013\jars\plexus-sec-dispatcher-2.0.jar
2025-04-18 14:00:11,765 [Worker-8: Launching Executing clean in D__AgadgoanApplication_DevoteeApplicationBackend] INFO  o.eclipse.m2e.core.internal.Bundles - 	Entry: C:\Users\Admin\.p2\pool\plugins\org.eclipse.m2e.maven.runtime_3.9.900.20250220-2013\jars\plexus-utils-3.5.1.jar
2025-04-18 14:00:11,765 [Worker-8: Launching Executing clean in D__AgadgoanApplication_DevoteeApplicationBackend] INFO  o.eclipse.m2e.core.internal.Bundles - 	Entry: C:\Users\Admin\.p2\pool\plugins\org.eclipse.m2e.maven.runtime_3.9.900.20250220-2013\jars\plexus-xml-3.0.1.jar
2025-04-18 14:00:11,765 [Worker-8: Launching Executing clean in D__AgadgoanApplication_DevoteeApplicationBackend] INFO  o.eclipse.m2e.core.internal.Bundles - 	Entry: C:\Users\Admin\.p2\pool\plugins\org.eclipse.m2e.maven.runtime_3.9.900.20250220-2013\jars\wagon-file-3.5.3.jar
2025-04-18 14:00:11,765 [Worker-8: Launching Executing clean in D__AgadgoanApplication_DevoteeApplicationBackend] INFO  o.eclipse.m2e.core.internal.Bundles - 	Entry: C:\Users\Admin\.p2\pool\plugins\org.eclipse.m2e.maven.runtime_3.9.900.20250220-2013\jars\wagon-http-3.5.3.jar
2025-04-18 14:00:11,765 [Worker-8: Launching Executing clean in D__AgadgoanApplication_DevoteeApplicationBackend] INFO  o.eclipse.m2e.core.internal.Bundles - 	Entry: C:\Users\Admin\.p2\pool\plugins\org.eclipse.m2e.maven.runtime_3.9.900.20250220-2013\jars\wagon-http-shared-3.5.3.jar
2025-04-18 14:00:11,766 [Worker-8: Launching Executing clean in D__AgadgoanApplication_DevoteeApplicationBackend] INFO  o.eclipse.m2e.core.internal.Bundles - 	Entry: C:\Users\Admin\.p2\pool\plugins\org.eclipse.m2e.maven.runtime_3.9.900.20250220-2013\jars\wagon-provider-api-3.5.3.jar
2025-04-18 14:00:11,766 [Worker-8: Launching Executing clean in D__AgadgoanApplication_DevoteeApplicationBackend] INFO  o.eclipse.m2e.core.internal.Bundles - getClasspathEntries(Bundle=com.google.guava_33.4.0.jre [12])
2025-04-18 14:00:11,767 [Worker-8: Launching Executing clean in D__AgadgoanApplication_DevoteeApplicationBackend] INFO  o.eclipse.m2e.core.internal.Bundles - 	Entry: C:\Users\Admin\.p2\pool\plugins\com.google.guava_33.4.0.jre.jar
2025-04-18 14:00:11,767 [Worker-8: Launching Executing clean in D__AgadgoanApplication_DevoteeApplicationBackend] INFO  o.eclipse.m2e.core.internal.Bundles - getClasspathEntries(Bundle=slf4j.api_2.0.17 [589])
2025-04-18 14:00:11,768 [Worker-8: Launching Executing clean in D__AgadgoanApplication_DevoteeApplicationBackend] INFO  o.eclipse.m2e.core.internal.Bundles - 	Entry: C:\Users\Admin\.p2\pool\plugins\slf4j.api_2.0.17.jar
2025-04-18 14:00:11,768 [Worker-8: Launching Executing clean in D__AgadgoanApplication_DevoteeApplicationBackend] INFO  o.eclipse.m2e.core.internal.Bundles - getClasspathEntries(Bundle=jakarta.inject.jakarta.inject-api_1.0.5 [24])
2025-04-18 14:00:11,769 [Worker-8: Launching Executing clean in D__AgadgoanApplication_DevoteeApplicationBackend] INFO  o.eclipse.m2e.core.internal.Bundles - 	Entry: C:\Users\Admin\.p2\pool\plugins\jakarta.inject.jakarta.inject-api_1.0.5.jar
2025-04-18 14:00:11,769 [Worker-8: Launching Executing clean in D__AgadgoanApplication_DevoteeApplicationBackend] INFO  o.eclipse.m2e.core.internal.Bundles - getClasspathEntries(Bundle=jakarta.annotation-api_1.3.5 [22])
2025-04-18 14:00:11,769 [Worker-8: Launching Executing clean in D__AgadgoanApplication_DevoteeApplicationBackend] INFO  o.eclipse.m2e.core.internal.Bundles - 	Entry: C:\Users\Admin\.p2\pool\plugins\jakarta.annotation-api_1.3.5.jar
2025-04-18 14:00:11,769 [Worker-8: Launching Executing clean in D__AgadgoanApplication_DevoteeApplicationBackend] INFO  o.eclipse.m2e.core.internal.Bundles - getClasspathEntries(Bundle=org.apache.commons.cli_1.9.0 [48])
2025-04-18 14:00:11,770 [Worker-8: Launching Executing clean in D__AgadgoanApplication_DevoteeApplicationBackend] INFO  o.eclipse.m2e.core.internal.Bundles - 	Entry: C:\Users\Admin\.p2\pool\plugins\org.apache.commons.cli_1.9.0.jar
2025-04-18 14:00:11,770 [Worker-8: Launching Executing clean in D__AgadgoanApplication_DevoteeApplicationBackend] INFO  o.eclipse.m2e.core.internal.Bundles - getClasspathEntries(Bundle=org.apache.commons.commons-codec_1.16.0 [49])
2025-04-18 14:00:11,771 [Worker-8: Launching Executing clean in D__AgadgoanApplication_DevoteeApplicationBackend] INFO  o.eclipse.m2e.core.internal.Bundles - 	Entry: C:\Users\Admin\.p2\pool\plugins\org.apache.commons.commons-codec_1.16.0.jar
2025-04-18 14:00:11,771 [Worker-8: Launching Executing clean in D__AgadgoanApplication_DevoteeApplicationBackend] INFO  o.eclipse.m2e.core.internal.Bundles - getClasspathEntries(Bundle=com.google.guava.failureaccess_1.0.2 [13])
2025-04-18 14:00:11,772 [Worker-8: Launching Executing clean in D__AgadgoanApplication_DevoteeApplicationBackend] INFO  o.eclipse.m2e.core.internal.Bundles - 	Entry: C:\Users\Admin\.p2\pool\plugins\com.google.guava.failureaccess_1.0.2.jar
2025-04-18 14:00:11,773 [Worker-8: Launching Executing clean in D__AgadgoanApplication_DevoteeApplicationBackend] INFO  o.e.m.i.launch.MavenLaunchDelegate - Run build in "D:\AgadgoanApplication\DevoteeApplicationBackend":
2025-04-18 14:00:11,773 [Worker-8: Launching Executing clean in D__AgadgoanApplication_DevoteeApplicationBackend] INFO  o.e.m.i.launch.MavenLaunchDelegate -  mvn  -B -Dstyle.color=always clean
2025-04-18 14:00:16,138 [Worker-13: Building] INFO  o.a.m.s.f.DefaultMavenResourcesFiltering - Copying 1 resource from src\main\resources to target\classes
2025-04-18 14:00:16,139 [Worker-13: Building] INFO  o.a.m.s.f.DefaultMavenResourcesFiltering - Copying 0 resource from src\main\resources to target\classes
2025-04-18 14:00:16,146 [Worker-13: Building] INFO  o.a.m.s.f.DefaultMavenResourcesFiltering - skip non existing resourceDirectory D:\AgadgoanApplication\DevoteeApplicationBackend\src\test\resources
2025-04-18 14:00:35,038 [Worker-16: Launching Executing install in D__AgadgoanApplication_DevoteeApplicationBackend] INFO  o.eclipse.m2e.core.internal.Bundles - getClasspathEntries(Bundle=org.eclipse.m2e.maven.runtime_3.9.900.20250220-2013 [296])
2025-04-18 14:00:35,039 [Worker-16: Launching Executing install in D__AgadgoanApplication_DevoteeApplicationBackend] INFO  o.eclipse.m2e.core.internal.Bundles - 	Entry: C:\Users\Admin\.p2\pool\plugins\org.eclipse.m2e.maven.runtime_3.9.900.20250220-2013
2025-04-18 14:00:35,039 [Worker-16: Launching Executing install in D__AgadgoanApplication_DevoteeApplicationBackend] INFO  o.eclipse.m2e.core.internal.Bundles - 	Entry: C:\Users\Admin\.p2\pool\plugins\org.eclipse.m2e.maven.runtime_3.9.900.20250220-2013\jars\aopalliance-1.0.jar
2025-04-18 14:00:35,039 [Worker-16: Launching Executing install in D__AgadgoanApplication_DevoteeApplicationBackend] INFO  o.eclipse.m2e.core.internal.Bundles - 	Entry: C:\Users\Admin\.p2\pool\plugins\org.eclipse.m2e.maven.runtime_3.9.900.20250220-2013\jars\guice-5.1.0.jar
2025-04-18 14:00:35,040 [Worker-16: Launching Executing install in D__AgadgoanApplication_DevoteeApplicationBackend] INFO  o.eclipse.m2e.core.internal.Bundles - 	Entry: C:\Users\Admin\.p2\pool\plugins\org.eclipse.m2e.maven.runtime_3.9.900.20250220-2013\jars\httpclient-4.5.14.jar
2025-04-18 14:00:35,040 [Worker-16: Launching Executing install in D__AgadgoanApplication_DevoteeApplicationBackend] INFO  o.eclipse.m2e.core.internal.Bundles - 	Entry: C:\Users\Admin\.p2\pool\plugins\org.eclipse.m2e.maven.runtime_3.9.900.20250220-2013\jars\httpcore-4.4.16.jar
2025-04-18 14:00:35,040 [Worker-16: Launching Executing install in D__AgadgoanApplication_DevoteeApplicationBackend] INFO  o.eclipse.m2e.core.internal.Bundles - 	Entry: C:\Users\Admin\.p2\pool\plugins\org.eclipse.m2e.maven.runtime_3.9.900.20250220-2013\jars\jansi-2.4.1.jar
2025-04-18 14:00:35,040 [Worker-16: Launching Executing install in D__AgadgoanApplication_DevoteeApplicationBackend] INFO  o.eclipse.m2e.core.internal.Bundles - 	Entry: C:\Users\Admin\.p2\pool\plugins\org.eclipse.m2e.maven.runtime_3.9.900.20250220-2013\jars\jcl-over-slf4j-1.7.36.jar
2025-04-18 14:00:35,041 [Worker-16: Launching Executing install in D__AgadgoanApplication_DevoteeApplicationBackend] INFO  o.eclipse.m2e.core.internal.Bundles - 	Entry: C:\Users\Admin\.p2\pool\plugins\org.eclipse.m2e.maven.runtime_3.9.900.20250220-2013\jars\maven-artifact-3.9.9.jar
2025-04-18 14:00:35,042 [Worker-16: Launching Executing install in D__AgadgoanApplication_DevoteeApplicationBackend] INFO  o.eclipse.m2e.core.internal.Bundles - 	Entry: C:\Users\Admin\.p2\pool\plugins\org.eclipse.m2e.maven.runtime_3.9.900.20250220-2013\jars\maven-builder-support-3.9.9.jar
2025-04-18 14:00:35,043 [Worker-16: Launching Executing install in D__AgadgoanApplication_DevoteeApplicationBackend] INFO  o.eclipse.m2e.core.internal.Bundles - 	Entry: C:\Users\Admin\.p2\pool\plugins\org.eclipse.m2e.maven.runtime_3.9.900.20250220-2013\jars\maven-compat-3.9.9.jar
2025-04-18 14:00:35,043 [Worker-16: Launching Executing install in D__AgadgoanApplication_DevoteeApplicationBackend] INFO  o.eclipse.m2e.core.internal.Bundles - 	Entry: C:\Users\Admin\.p2\pool\plugins\org.eclipse.m2e.maven.runtime_3.9.900.20250220-2013\jars\maven-core-3.9.9.jar
2025-04-18 14:00:35,043 [Worker-16: Launching Executing install in D__AgadgoanApplication_DevoteeApplicationBackend] INFO  o.eclipse.m2e.core.internal.Bundles - 	Entry: C:\Users\Admin\.p2\pool\plugins\org.eclipse.m2e.maven.runtime_3.9.900.20250220-2013\jars\maven-embedder-3.9.9.jar
2025-04-18 14:00:35,044 [Worker-16: Launching Executing install in D__AgadgoanApplication_DevoteeApplicationBackend] INFO  o.eclipse.m2e.core.internal.Bundles - 	Entry: C:\Users\Admin\.p2\pool\plugins\org.eclipse.m2e.maven.runtime_3.9.900.20250220-2013\jars\maven-model-3.9.9.jar
2025-04-18 14:00:35,044 [Worker-16: Launching Executing install in D__AgadgoanApplication_DevoteeApplicationBackend] INFO  o.eclipse.m2e.core.internal.Bundles - 	Entry: C:\Users\Admin\.p2\pool\plugins\org.eclipse.m2e.maven.runtime_3.9.900.20250220-2013\jars\maven-model-builder-3.9.9.jar
2025-04-18 14:00:35,044 [Worker-16: Launching Executing install in D__AgadgoanApplication_DevoteeApplicationBackend] INFO  o.eclipse.m2e.core.internal.Bundles - 	Entry: C:\Users\Admin\.p2\pool\plugins\org.eclipse.m2e.maven.runtime_3.9.900.20250220-2013\jars\maven-plugin-api-3.9.9.jar
2025-04-18 14:00:35,044 [Worker-16: Launching Executing install in D__AgadgoanApplication_DevoteeApplicationBackend] INFO  o.eclipse.m2e.core.internal.Bundles - 	Entry: C:\Users\Admin\.p2\pool\plugins\org.eclipse.m2e.maven.runtime_3.9.900.20250220-2013\jars\maven-repository-metadata-3.9.9.jar
2025-04-18 14:00:35,044 [Worker-16: Launching Executing install in D__AgadgoanApplication_DevoteeApplicationBackend] INFO  o.eclipse.m2e.core.internal.Bundles - 	Entry: C:\Users\Admin\.p2\pool\plugins\org.eclipse.m2e.maven.runtime_3.9.900.20250220-2013\jars\maven-resolver-api-1.9.22.jar
2025-04-18 14:00:35,044 [Worker-16: Launching Executing install in D__AgadgoanApplication_DevoteeApplicationBackend] INFO  o.eclipse.m2e.core.internal.Bundles - 	Entry: C:\Users\Admin\.p2\pool\plugins\org.eclipse.m2e.maven.runtime_3.9.900.20250220-2013\jars\maven-resolver-connector-basic-1.9.22.jar
2025-04-18 14:00:35,044 [Worker-16: Launching Executing install in D__AgadgoanApplication_DevoteeApplicationBackend] INFO  o.eclipse.m2e.core.internal.Bundles - 	Entry: C:\Users\Admin\.p2\pool\plugins\org.eclipse.m2e.maven.runtime_3.9.900.20250220-2013\jars\maven-resolver-impl-1.9.22.jar
2025-04-18 14:00:35,045 [Worker-16: Launching Executing install in D__AgadgoanApplication_DevoteeApplicationBackend] INFO  o.eclipse.m2e.core.internal.Bundles - 	Entry: C:\Users\Admin\.p2\pool\plugins\org.eclipse.m2e.maven.runtime_3.9.900.20250220-2013\jars\maven-resolver-named-locks-1.9.22.jar
2025-04-18 14:00:35,045 [Worker-16: Launching Executing install in D__AgadgoanApplication_DevoteeApplicationBackend] INFO  o.eclipse.m2e.core.internal.Bundles - 	Entry: C:\Users\Admin\.p2\pool\plugins\org.eclipse.m2e.maven.runtime_3.9.900.20250220-2013\jars\maven-resolver-provider-3.9.9.jar
2025-04-18 14:00:35,045 [Worker-16: Launching Executing install in D__AgadgoanApplication_DevoteeApplicationBackend] INFO  o.eclipse.m2e.core.internal.Bundles - 	Entry: C:\Users\Admin\.p2\pool\plugins\org.eclipse.m2e.maven.runtime_3.9.900.20250220-2013\jars\maven-resolver-spi-1.9.22.jar
2025-04-18 14:00:35,045 [Worker-16: Launching Executing install in D__AgadgoanApplication_DevoteeApplicationBackend] INFO  o.eclipse.m2e.core.internal.Bundles - 	Entry: C:\Users\Admin\.p2\pool\plugins\org.eclipse.m2e.maven.runtime_3.9.900.20250220-2013\jars\maven-resolver-transport-file-1.9.22.jar
2025-04-18 14:00:35,045 [Worker-16: Launching Executing install in D__AgadgoanApplication_DevoteeApplicationBackend] INFO  o.eclipse.m2e.core.internal.Bundles - 	Entry: C:\Users\Admin\.p2\pool\plugins\org.eclipse.m2e.maven.runtime_3.9.900.20250220-2013\jars\maven-resolver-transport-http-1.9.22.jar
2025-04-18 14:00:35,045 [Worker-16: Launching Executing install in D__AgadgoanApplication_DevoteeApplicationBackend] INFO  o.eclipse.m2e.core.internal.Bundles - 	Entry: C:\Users\Admin\.p2\pool\plugins\org.eclipse.m2e.maven.runtime_3.9.900.20250220-2013\jars\maven-resolver-transport-wagon-1.9.22.jar
2025-04-18 14:00:35,045 [Worker-16: Launching Executing install in D__AgadgoanApplication_DevoteeApplicationBackend] INFO  o.eclipse.m2e.core.internal.Bundles - 	Entry: C:\Users\Admin\.p2\pool\plugins\org.eclipse.m2e.maven.runtime_3.9.900.20250220-2013\jars\maven-resolver-util-1.9.22.jar
2025-04-18 14:00:35,045 [Worker-16: Launching Executing install in D__AgadgoanApplication_DevoteeApplicationBackend] INFO  o.eclipse.m2e.core.internal.Bundles - 	Entry: C:\Users\Admin\.p2\pool\plugins\org.eclipse.m2e.maven.runtime_3.9.900.20250220-2013\jars\maven-settings-3.9.9.jar
2025-04-18 14:00:35,045 [Worker-16: Launching Executing install in D__AgadgoanApplication_DevoteeApplicationBackend] INFO  o.eclipse.m2e.core.internal.Bundles - 	Entry: C:\Users\Admin\.p2\pool\plugins\org.eclipse.m2e.maven.runtime_3.9.900.20250220-2013\jars\maven-settings-builder-3.9.9.jar
2025-04-18 14:00:35,046 [Worker-16: Launching Executing install in D__AgadgoanApplication_DevoteeApplicationBackend] INFO  o.eclipse.m2e.core.internal.Bundles - 	Entry: C:\Users\Admin\.p2\pool\plugins\org.eclipse.m2e.maven.runtime_3.9.900.20250220-2013\jars\maven-shared-utils-3.4.2.jar
2025-04-18 14:00:35,046 [Worker-16: Launching Executing install in D__AgadgoanApplication_DevoteeApplicationBackend] INFO  o.eclipse.m2e.core.internal.Bundles - 	Entry: C:\Users\Admin\.p2\pool\plugins\org.eclipse.m2e.maven.runtime_3.9.900.20250220-2013\jars\org.eclipse.sisu.inject-0.9.0.M3.jar
2025-04-18 14:00:35,046 [Worker-16: Launching Executing install in D__AgadgoanApplication_DevoteeApplicationBackend] INFO  o.eclipse.m2e.core.internal.Bundles - 	Entry: C:\Users\Admin\.p2\pool\plugins\org.eclipse.m2e.maven.runtime_3.9.900.20250220-2013\jars\org.eclipse.sisu.plexus-0.9.0.M3.jar
2025-04-18 14:00:35,046 [Worker-16: Launching Executing install in D__AgadgoanApplication_DevoteeApplicationBackend] INFO  o.eclipse.m2e.core.internal.Bundles - 	Entry: C:\Users\Admin\.p2\pool\plugins\org.eclipse.m2e.maven.runtime_3.9.900.20250220-2013\jars\plexus-build-api-0.0.7.jar
2025-04-18 14:00:35,046 [Worker-16: Launching Executing install in D__AgadgoanApplication_DevoteeApplicationBackend] INFO  o.eclipse.m2e.core.internal.Bundles - 	Entry: C:\Users\Admin\.p2\pool\plugins\org.eclipse.m2e.maven.runtime_3.9.900.20250220-2013\jars\plexus-build-api-1.2.0.jar
2025-04-18 14:00:35,046 [Worker-16: Launching Executing install in D__AgadgoanApplication_DevoteeApplicationBackend] INFO  o.eclipse.m2e.core.internal.Bundles - 	Entry: C:\Users\Admin\.p2\pool\plugins\org.eclipse.m2e.maven.runtime_3.9.900.20250220-2013\jars\plexus-cipher-2.0.jar
2025-04-18 14:00:35,046 [Worker-16: Launching Executing install in D__AgadgoanApplication_DevoteeApplicationBackend] INFO  o.eclipse.m2e.core.internal.Bundles - 	Entry: C:\Users\Admin\.p2\pool\plugins\org.eclipse.m2e.maven.runtime_3.9.900.20250220-2013\jars\plexus-classworlds-2.8.0.jar
2025-04-18 14:00:35,046 [Worker-16: Launching Executing install in D__AgadgoanApplication_DevoteeApplicationBackend] INFO  o.eclipse.m2e.core.internal.Bundles - 	Entry: C:\Users\Admin\.p2\pool\plugins\org.eclipse.m2e.maven.runtime_3.9.900.20250220-2013\jars\plexus-component-annotations-2.1.0.jar
2025-04-18 14:00:35,047 [Worker-16: Launching Executing install in D__AgadgoanApplication_DevoteeApplicationBackend] INFO  o.eclipse.m2e.core.internal.Bundles - 	Entry: C:\Users\Admin\.p2\pool\plugins\org.eclipse.m2e.maven.runtime_3.9.900.20250220-2013\jars\plexus-interpolation-1.27.jar
2025-04-18 14:00:35,047 [Worker-16: Launching Executing install in D__AgadgoanApplication_DevoteeApplicationBackend] INFO  o.eclipse.m2e.core.internal.Bundles - 	Entry: C:\Users\Admin\.p2\pool\plugins\org.eclipse.m2e.maven.runtime_3.9.900.20250220-2013\jars\plexus-sec-dispatcher-2.0.jar
2025-04-18 14:00:35,047 [Worker-16: Launching Executing install in D__AgadgoanApplication_DevoteeApplicationBackend] INFO  o.eclipse.m2e.core.internal.Bundles - 	Entry: C:\Users\Admin\.p2\pool\plugins\org.eclipse.m2e.maven.runtime_3.9.900.20250220-2013\jars\plexus-utils-3.5.1.jar
2025-04-18 14:00:35,047 [Worker-16: Launching Executing install in D__AgadgoanApplication_DevoteeApplicationBackend] INFO  o.eclipse.m2e.core.internal.Bundles - 	Entry: C:\Users\Admin\.p2\pool\plugins\org.eclipse.m2e.maven.runtime_3.9.900.20250220-2013\jars\plexus-xml-3.0.1.jar
2025-04-18 14:00:35,047 [Worker-16: Launching Executing install in D__AgadgoanApplication_DevoteeApplicationBackend] INFO  o.eclipse.m2e.core.internal.Bundles - 	Entry: C:\Users\Admin\.p2\pool\plugins\org.eclipse.m2e.maven.runtime_3.9.900.20250220-2013\jars\wagon-file-3.5.3.jar
2025-04-18 14:00:35,047 [Worker-16: Launching Executing install in D__AgadgoanApplication_DevoteeApplicationBackend] INFO  o.eclipse.m2e.core.internal.Bundles - 	Entry: C:\Users\Admin\.p2\pool\plugins\org.eclipse.m2e.maven.runtime_3.9.900.20250220-2013\jars\wagon-http-3.5.3.jar
2025-04-18 14:00:35,047 [Worker-16: Launching Executing install in D__AgadgoanApplication_DevoteeApplicationBackend] INFO  o.eclipse.m2e.core.internal.Bundles - 	Entry: C:\Users\Admin\.p2\pool\plugins\org.eclipse.m2e.maven.runtime_3.9.900.20250220-2013\jars\wagon-http-shared-3.5.3.jar
2025-04-18 14:00:35,047 [Worker-16: Launching Executing install in D__AgadgoanApplication_DevoteeApplicationBackend] INFO  o.eclipse.m2e.core.internal.Bundles - 	Entry: C:\Users\Admin\.p2\pool\plugins\org.eclipse.m2e.maven.runtime_3.9.900.20250220-2013\jars\wagon-provider-api-3.5.3.jar
2025-04-18 14:00:35,048 [Worker-16: Launching Executing install in D__AgadgoanApplication_DevoteeApplicationBackend] INFO  o.eclipse.m2e.core.internal.Bundles - getClasspathEntries(Bundle=com.google.guava_33.4.0.jre [12])
2025-04-18 14:00:35,048 [Worker-16: Launching Executing install in D__AgadgoanApplication_DevoteeApplicationBackend] INFO  o.eclipse.m2e.core.internal.Bundles - 	Entry: C:\Users\Admin\.p2\pool\plugins\com.google.guava_33.4.0.jre.jar
2025-04-18 14:00:35,048 [Worker-16: Launching Executing install in D__AgadgoanApplication_DevoteeApplicationBackend] INFO  o.eclipse.m2e.core.internal.Bundles - getClasspathEntries(Bundle=slf4j.api_2.0.17 [589])
2025-04-18 14:00:35,049 [Worker-16: Launching Executing install in D__AgadgoanApplication_DevoteeApplicationBackend] INFO  o.eclipse.m2e.core.internal.Bundles - 	Entry: C:\Users\Admin\.p2\pool\plugins\slf4j.api_2.0.17.jar
2025-04-18 14:00:35,049 [Worker-16: Launching Executing install in D__AgadgoanApplication_DevoteeApplicationBackend] INFO  o.eclipse.m2e.core.internal.Bundles - getClasspathEntries(Bundle=jakarta.inject.jakarta.inject-api_1.0.5 [24])
2025-04-18 14:00:35,050 [Worker-16: Launching Executing install in D__AgadgoanApplication_DevoteeApplicationBackend] INFO  o.eclipse.m2e.core.internal.Bundles - 	Entry: C:\Users\Admin\.p2\pool\plugins\jakarta.inject.jakarta.inject-api_1.0.5.jar
2025-04-18 14:00:35,050 [Worker-16: Launching Executing install in D__AgadgoanApplication_DevoteeApplicationBackend] INFO  o.eclipse.m2e.core.internal.Bundles - getClasspathEntries(Bundle=jakarta.annotation-api_1.3.5 [22])
2025-04-18 14:00:35,050 [Worker-16: Launching Executing install in D__AgadgoanApplication_DevoteeApplicationBackend] INFO  o.eclipse.m2e.core.internal.Bundles - 	Entry: C:\Users\Admin\.p2\pool\plugins\jakarta.annotation-api_1.3.5.jar
2025-04-18 14:00:35,050 [Worker-16: Launching Executing install in D__AgadgoanApplication_DevoteeApplicationBackend] INFO  o.eclipse.m2e.core.internal.Bundles - getClasspathEntries(Bundle=org.apache.commons.cli_1.9.0 [48])
2025-04-18 14:00:35,051 [Worker-16: Launching Executing install in D__AgadgoanApplication_DevoteeApplicationBackend] INFO  o.eclipse.m2e.core.internal.Bundles - 	Entry: C:\Users\Admin\.p2\pool\plugins\org.apache.commons.cli_1.9.0.jar
2025-04-18 14:00:35,051 [Worker-16: Launching Executing install in D__AgadgoanApplication_DevoteeApplicationBackend] INFO  o.eclipse.m2e.core.internal.Bundles - getClasspathEntries(Bundle=org.apache.commons.commons-codec_1.16.0 [49])
2025-04-18 14:00:35,051 [Worker-16: Launching Executing install in D__AgadgoanApplication_DevoteeApplicationBackend] INFO  o.eclipse.m2e.core.internal.Bundles - 	Entry: C:\Users\Admin\.p2\pool\plugins\org.apache.commons.commons-codec_1.16.0.jar
2025-04-18 14:00:35,052 [Worker-16: Launching Executing install in D__AgadgoanApplication_DevoteeApplicationBackend] INFO  o.eclipse.m2e.core.internal.Bundles - getClasspathEntries(Bundle=com.google.guava.failureaccess_1.0.2 [13])
2025-04-18 14:00:35,052 [Worker-16: Launching Executing install in D__AgadgoanApplication_DevoteeApplicationBackend] INFO  o.eclipse.m2e.core.internal.Bundles - 	Entry: C:\Users\Admin\.p2\pool\plugins\com.google.guava.failureaccess_1.0.2.jar
2025-04-18 14:00:35,053 [Worker-16: Launching Executing install in D__AgadgoanApplication_DevoteeApplicationBackend] INFO  o.e.m.i.launch.MavenLaunchDelegate - Run build in "D:\AgadgoanApplication\DevoteeApplicationBackend":
2025-04-18 14:00:35,054 [Worker-16: Launching Executing install in D__AgadgoanApplication_DevoteeApplicationBackend] INFO  o.e.m.i.launch.MavenLaunchDelegate -  mvn  -B -Dstyle.color=always install
2025-04-18 14:01:04,821 [Worker-17: Building] INFO  o.a.m.s.f.DefaultMavenResourcesFiltering - Copying 1 resource from src\main\resources to target\classes
2025-04-18 14:01:04,825 [Worker-17: Building] INFO  o.a.m.s.f.DefaultMavenResourcesFiltering - Copying 0 resource from src\main\resources to target\classes
2025-04-18 14:01:04,830 [Worker-17: Building] INFO  o.a.m.s.f.DefaultMavenResourcesFiltering - skip non existing resourceDirectory D:\AgadgoanApplication\DevoteeApplicationBackend\src\test\resources
2025-04-18 18:50:46,551 [Worker-2: Loading available Gradle versions] INFO  o.e.b.c.i.u.g.PublishedGradleVersions - Gradle version information cache is up-to-date. Trying to read.
2025-04-18 19:05:48,118 [Worker-12: Launching AgadgoanApplication - AgadgoanApplication] INFO  o.a.m.s.f.DefaultMavenResourcesFiltering - Copying 1 resource from src\main\resources to target\classes
2025-04-18 19:05:48,257 [Worker-12: Launching AgadgoanApplication - AgadgoanApplication] INFO  o.a.m.s.f.DefaultMavenResourcesFiltering - Copying 0 resource from src\main\resources to target\classes
2025-04-18 19:05:48,268 [Worker-12: Launching AgadgoanApplication - AgadgoanApplication] INFO  o.a.m.s.f.DefaultMavenResourcesFiltering - skip non existing resourceDirectory D:\AgadgoanApplication\DevoteeApplicationBackend\src\test\resources
2025-04-18 20:11:52,283 [Worker-18: Building] INFO  o.a.m.s.f.DefaultMavenResourcesFiltering - Copying 1 resource from src\main\resources to target\classes
2025-04-18 20:11:52,292 [Worker-18: Building] INFO  o.a.m.s.f.DefaultMavenResourcesFiltering - Copying 0 resource from src\main\resources to target\classes
2025-04-18 20:11:52,300 [Worker-18: Building] INFO  o.a.m.s.f.DefaultMavenResourcesFiltering - skip non existing resourceDirectory D:\AgadgoanApplication\DevoteeApplicationBackend\src\test\resources
2025-04-18 20:12:35,768 [Worker-5: Building] INFO  o.a.m.s.f.DefaultMavenResourcesFiltering - Copying 1 resource from src\main\resources to target\classes
2025-04-18 20:12:35,800 [Worker-5: Building] INFO  o.a.m.s.f.DefaultMavenResourcesFiltering - Copying 0 resource from src\main\resources to target\classes
2025-04-18 20:12:35,811 [Worker-5: Building] INFO  o.a.m.s.f.DefaultMavenResourcesFiltering - skip non existing resourceDirectory D:\AgadgoanApplication\DevoteeApplicationBackend\src\test\resources
2025-04-18 20:12:57,575 [Worker-10: Building] INFO  o.a.m.s.f.DefaultMavenResourcesFiltering - Copying 1 resource from src\main\resources to target\classes
2025-04-18 20:12:57,582 [Worker-10: Building] INFO  o.a.m.s.f.DefaultMavenResourcesFiltering - Copying 0 resource from src\main\resources to target\classes
2025-04-18 20:12:57,589 [Worker-10: Building] INFO  o.a.m.s.f.DefaultMavenResourcesFiltering - skip non existing resourceDirectory D:\AgadgoanApplication\DevoteeApplicationBackend\src\test\resources
2025-04-18 23:48:50,068 [Worker-21: Building] INFO  o.a.m.s.f.DefaultMavenResourcesFiltering - Copying 1 resource from src\main\resources to target\classes
2025-04-18 23:48:50,103 [Worker-21: Building] INFO  o.a.m.s.f.DefaultMavenResourcesFiltering - Copying 0 resource from src\main\resources to target\classes
2025-04-18 23:48:50,110 [Worker-21: Building] INFO  o.a.m.s.f.DefaultMavenResourcesFiltering - skip non existing resourceDirectory D:\AgadgoanApplication\DevoteeApplicationBackend\src\test\resources
2025-04-19 10:34:00,255 [Worker-0: Loading available Gradle versions] INFO  o.e.b.c.i.u.g.PublishedGradleVersions - Gradle version information cache is out-of-date. Trying to update.
2025-04-19 11:00:18,120 [Worker-0: Building] INFO  o.a.m.s.f.DefaultMavenResourcesFiltering - Copying 1 resource from src\main\resources to target\classes
2025-04-19 11:00:18,155 [Worker-0: Building] INFO  o.a.m.s.f.DefaultMavenResourcesFiltering - Copying 0 resource from src\main\resources to target\classes
2025-04-19 11:00:18,163 [Worker-0: Building] INFO  o.a.m.s.f.DefaultMavenResourcesFiltering - skip non existing resourceDirectory D:\AgadgoanApplication\DevoteeApplicationBackend\src\test\resources
2025-04-19 11:02:32,143 [Worker-0: Building] INFO  o.a.m.s.f.DefaultMavenResourcesFiltering - Copying 1 resource from src\main\resources to target\classes
2025-04-19 11:02:32,152 [Worker-0: Building] INFO  o.a.m.s.f.DefaultMavenResourcesFiltering - Copying 0 resource from src\main\resources to target\classes
2025-04-19 11:02:32,158 [Worker-0: Building] INFO  o.a.m.s.f.DefaultMavenResourcesFiltering - skip non existing resourceDirectory D:\AgadgoanApplication\DevoteeApplicationBackend\src\test\resources
2025-04-19 11:05:27,083 [Worker-16: Building] INFO  o.a.m.s.f.DefaultMavenResourcesFiltering - Copying 1 resource from src\main\resources to target\classes
2025-04-19 11:05:27,098 [Worker-16: Building] INFO  o.a.m.s.f.DefaultMavenResourcesFiltering - Copying 0 resource from src\main\resources to target\classes
2025-04-19 11:05:27,104 [Worker-16: Building] INFO  o.a.m.s.f.DefaultMavenResourcesFiltering - skip non existing resourceDirectory D:\AgadgoanApplication\DevoteeApplicationBackend\src\test\resources
2025-04-19 11:06:33,511 [Worker-5: Building] INFO  o.a.m.s.f.DefaultMavenResourcesFiltering - Copying 1 resource from src\main\resources to target\classes
2025-04-19 11:06:33,520 [Worker-5: Building] INFO  o.a.m.s.f.DefaultMavenResourcesFiltering - Copying 0 resource from src\main\resources to target\classes
2025-04-19 11:06:33,526 [Worker-5: Building] INFO  o.a.m.s.f.DefaultMavenResourcesFiltering - skip non existing resourceDirectory D:\AgadgoanApplication\DevoteeApplicationBackend\src\test\resources
2025-04-19 11:20:21,306 [Start Help Server] INFO  org.eclipse.jetty.server.Server - jetty-12.0.16; built: 2024-12-09T21:02:54.535Z; git: c3f88bafb4e393f23204dc14dc57b042e84debc7; jvm 21.0.3+7-LTS-152
2025-04-19 11:20:21,448 [Start Help Server] INFO  o.e.j.server.handler.ContextHandler - Started oeje8n.ContextHandler$CoreContextHandler@1a40c33b{/help,/help,b=null,a=AVAILABLE,h=oeje8n.ContextHandler$CoreContextHandler$CoreToNestedHandler@2a8524ee{STARTED}}
2025-04-19 11:20:21,449 [Start Help Server] INFO  o.e.j.s.DefaultSessionIdManager - Session workerName=node0
2025-04-19 11:20:21,541 [Start Help Server] INFO  o.e.jetty.server.AbstractConnector - Started ServerConnector@633439c3{HTTP/1.1, (http/1.1)}{127.0.0.1:65294}
2025-04-19 11:20:21,552 [Start Help Server] INFO  org.eclipse.jetty.server.Server - Started oejs.Server@e6adeb7{STARTING}[12.0.16,sto=0] @2860431ms
2025-04-19 11:20:42,336 [Worker-0: Building] INFO  o.a.m.s.f.DefaultMavenResourcesFiltering - Copying 0 resource from src\main\resources to target\classes
2025-04-19 11:20:42,337 [Worker-0: Building] INFO  o.a.m.s.f.DefaultMavenResourcesFiltering - Copying 0 resource from src\main\resources to target\classes
2025-04-19 11:20:42,344 [Worker-0: Building] INFO  o.a.m.s.f.DefaultMavenResourcesFiltering - skip non existing resourceDirectory D:\AgadgoanApplication\DevoteeApplicationBackend\src\test\resources
2025-04-19 11:21:29,926 [Worker-5: Building] INFO  o.a.m.s.f.DefaultMavenResourcesFiltering - Copying 1 resource from src\main\resources to target\classes
2025-04-19 11:21:29,934 [Worker-5: Building] INFO  o.a.m.s.f.DefaultMavenResourcesFiltering - Copying 0 resource from src\main\resources to target\classes
2025-04-19 11:21:29,941 [Worker-5: Building] INFO  o.a.m.s.f.DefaultMavenResourcesFiltering - skip non existing resourceDirectory D:\AgadgoanApplication\DevoteeApplicationBackend\src\test\resources
2025-04-19 11:23:16,613 [Worker-16: Building] INFO  o.a.m.s.f.DefaultMavenResourcesFiltering - Copying 1 resource from src\main\resources to target\classes
2025-04-19 11:23:16,622 [Worker-16: Building] INFO  o.a.m.s.f.DefaultMavenResourcesFiltering - Copying 0 resource from src\main\resources to target\classes
2025-04-19 11:23:16,628 [Worker-16: Building] INFO  o.a.m.s.f.DefaultMavenResourcesFiltering - skip non existing resourceDirectory D:\AgadgoanApplication\DevoteeApplicationBackend\src\test\resources
2025-04-19 11:23:28,167 [Worker-16: Building] INFO  o.a.m.s.f.DefaultMavenResourcesFiltering - Copying 1 resource from src\main\resources to target\classes
2025-04-19 11:23:28,175 [Worker-16: Building] INFO  o.a.m.s.f.DefaultMavenResourcesFiltering - Copying 0 resource from src\main\resources to target\classes
2025-04-19 11:23:28,182 [Worker-16: Building] INFO  o.a.m.s.f.DefaultMavenResourcesFiltering - skip non existing resourceDirectory D:\AgadgoanApplication\DevoteeApplicationBackend\src\test\resources
2025-04-19 11:42:53,233 [Worker-20: Launching AgadgoanApplication - AgadgoanApplication] INFO  o.a.m.s.f.DefaultMavenResourcesFiltering - Copying 1 resource from src\main\resources to target\classes
2025-04-19 11:42:53,262 [Worker-20: Launching AgadgoanApplication - AgadgoanApplication] INFO  o.a.m.s.f.DefaultMavenResourcesFiltering - Copying 0 resource from src\main\resources to target\classes
2025-04-19 11:42:53,268 [Worker-20: Launching AgadgoanApplication - AgadgoanApplication] INFO  o.a.m.s.f.DefaultMavenResourcesFiltering - skip non existing resourceDirectory D:\AgadgoanApplication\DevoteeApplicationBackend\src\test\resources
2025-04-19 12:20:00,445 [Worker-11: Building] INFO  o.a.m.s.f.DefaultMavenResourcesFiltering - Copying 1 resource from src\main\resources to target\classes
2025-04-19 12:20:00,470 [Worker-11: Building] INFO  o.a.m.s.f.DefaultMavenResourcesFiltering - Copying 0 resource from src\main\resources to target\classes
2025-04-19 12:20:00,505 [Worker-11: Building] INFO  o.a.m.s.f.DefaultMavenResourcesFiltering - skip non existing resourceDirectory D:\AgadgoanApplication\DevoteeApplicationBackend\src\test\resources
2025-04-19 13:20:27,034 [Stop Help Server] INFO  org.eclipse.jetty.server.Server - Stopped oejs.Server@e6adeb7{STOPPING}[12.0.16,sto=0]
2025-04-19 13:20:27,041 [Stop Help Server] INFO  o.e.jetty.server.AbstractConnector - Stopped ServerConnector@633439c3{HTTP/1.1, (http/1.1)}{127.0.0.1:0}
2025-04-19 17:21:47,827 [Worker-0: Loading available Gradle versions] INFO  o.e.b.c.i.u.g.PublishedGradleVersions - Gradle version information cache is up-to-date. Trying to read.
2025-04-19 17:26:15,563 [Worker-12: Building] INFO  o.a.m.s.f.DefaultMavenResourcesFiltering - Copying 1 resource from src\main\resources to target\classes
2025-04-19 17:26:15,629 [Worker-12: Building] INFO  o.a.m.s.f.DefaultMavenResourcesFiltering - Copying 0 resource from src\main\resources to target\classes
2025-04-19 17:26:15,642 [Worker-12: Building] INFO  o.a.m.s.f.DefaultMavenResourcesFiltering - skip non existing resourceDirectory D:\AgadgoanApplication\DevoteeApplicationBackend\src\test\resources
2025-04-19 18:32:24,590 [Worker-10: Building] INFO  o.a.m.s.f.DefaultMavenResourcesFiltering - Copying 1 resource from src\main\resources to target\classes
2025-04-19 18:32:24,692 [Worker-10: Building] INFO  o.a.m.s.f.DefaultMavenResourcesFiltering - Copying 0 resource from src\main\resources to target\classes
2025-04-19 18:32:24,705 [Worker-10: Building] INFO  o.a.m.s.f.DefaultMavenResourcesFiltering - skip non existing resourceDirectory D:\AgadgoanApplication\DevoteeApplicationBackend\src\test\resources
2025-04-19 18:34:37,077 [Worker-17: Building] INFO  o.a.m.s.f.DefaultMavenResourcesFiltering - Copying 1 resource from src\main\resources to target\classes
2025-04-19 18:34:37,094 [Worker-17: Building] INFO  o.a.m.s.f.DefaultMavenResourcesFiltering - Copying 0 resource from src\main\resources to target\classes
2025-04-19 18:34:37,101 [Worker-17: Building] INFO  o.a.m.s.f.DefaultMavenResourcesFiltering - skip non existing resourceDirectory D:\AgadgoanApplication\DevoteeApplicationBackend\src\test\resources
2025-04-19 18:34:47,592 [Worker-18: Building] INFO  o.a.m.s.f.DefaultMavenResourcesFiltering - Copying 1 resource from src\main\resources to target\classes
2025-04-19 18:34:47,599 [Worker-18: Building] INFO  o.a.m.s.f.DefaultMavenResourcesFiltering - Copying 0 resource from src\main\resources to target\classes
2025-04-19 18:34:47,606 [Worker-18: Building] INFO  o.a.m.s.f.DefaultMavenResourcesFiltering - skip non existing resourceDirectory D:\AgadgoanApplication\DevoteeApplicationBackend\src\test\resources
2025-04-19 18:35:15,581 [Worker-10: Building] INFO  o.a.m.s.f.DefaultMavenResourcesFiltering - Copying 1 resource from src\main\resources to target\classes
2025-04-19 18:35:15,587 [Worker-10: Building] INFO  o.a.m.s.f.DefaultMavenResourcesFiltering - Copying 0 resource from src\main\resources to target\classes
2025-04-19 18:35:15,593 [Worker-10: Building] INFO  o.a.m.s.f.DefaultMavenResourcesFiltering - skip non existing resourceDirectory D:\AgadgoanApplication\DevoteeApplicationBackend\src\test\resources
2025-04-19 18:51:32,125 [Worker-14: Building] INFO  o.a.m.s.f.DefaultMavenResourcesFiltering - Copying 1 resource from src\main\resources to target\classes
2025-04-19 18:51:32,136 [Worker-14: Building] INFO  o.a.m.s.f.DefaultMavenResourcesFiltering - Copying 0 resource from src\main\resources to target\classes
2025-04-19 18:51:32,142 [Worker-14: Building] INFO  o.a.m.s.f.DefaultMavenResourcesFiltering - skip non existing resourceDirectory D:\AgadgoanApplication\DevoteeApplicationBackend\src\test\resources
2025-04-19 18:52:30,642 [Worker-14: Building] INFO  o.a.m.s.f.DefaultMavenResourcesFiltering - Copying 1 resource from src\main\resources to target\classes
2025-04-19 18:52:30,653 [Worker-14: Building] INFO  o.a.m.s.f.DefaultMavenResourcesFiltering - Copying 0 resource from src\main\resources to target\classes
2025-04-19 18:52:30,659 [Worker-14: Building] INFO  o.a.m.s.f.DefaultMavenResourcesFiltering - skip non existing resourceDirectory D:\AgadgoanApplication\DevoteeApplicationBackend\src\test\resources
2025-04-19 18:52:49,352 [Worker-16: Building] INFO  o.a.m.s.f.DefaultMavenResourcesFiltering - Copying 1 resource from src\main\resources to target\classes
2025-04-19 18:52:49,359 [Worker-16: Building] INFO  o.a.m.s.f.DefaultMavenResourcesFiltering - Copying 0 resource from src\main\resources to target\classes
2025-04-19 18:52:49,366 [Worker-16: Building] INFO  o.a.m.s.f.DefaultMavenResourcesFiltering - skip non existing resourceDirectory D:\AgadgoanApplication\DevoteeApplicationBackend\src\test\resources
2025-04-19 18:53:16,015 [Worker-17: Building] INFO  o.a.m.s.f.DefaultMavenResourcesFiltering - Copying 1 resource from src\main\resources to target\classes
2025-04-19 18:53:16,022 [Worker-17: Building] INFO  o.a.m.s.f.DefaultMavenResourcesFiltering - Copying 0 resource from src\main\resources to target\classes
2025-04-19 18:53:16,032 [Worker-17: Building] INFO  o.a.m.s.f.DefaultMavenResourcesFiltering - skip non existing resourceDirectory D:\AgadgoanApplication\DevoteeApplicationBackend\src\test\resources
2025-04-20 12:59:17,046 [Worker-0: Loading available Gradle versions] INFO  o.e.b.c.i.u.g.PublishedGradleVersions - Gradle version information cache is out-of-date. Trying to update.
2025-04-20 13:58:48,822 [Worker-7: Building] INFO  o.a.m.s.f.DefaultMavenResourcesFiltering - Copying 1 resource from src\main\resources to target\classes
2025-04-20 13:58:48,899 [Worker-7: Building] INFO  o.a.m.s.f.DefaultMavenResourcesFiltering - Copying 0 resource from src\main\resources to target\classes
2025-04-20 13:58:48,911 [Worker-7: Building] INFO  o.a.m.s.f.DefaultMavenResourcesFiltering - skip non existing resourceDirectory D:\AgadgoanApplication\DevoteeApplicationBackend\src\test\resources
2025-04-20 13:59:07,148 [Worker-4: Building] INFO  o.a.m.s.f.DefaultMavenResourcesFiltering - Copying 1 resource from src\main\resources to target\classes
2025-04-20 13:59:07,160 [Worker-4: Building] INFO  o.a.m.s.f.DefaultMavenResourcesFiltering - Copying 0 resource from src\main\resources to target\classes
2025-04-20 13:59:07,169 [Worker-4: Building] INFO  o.a.m.s.f.DefaultMavenResourcesFiltering - skip non existing resourceDirectory D:\AgadgoanApplication\DevoteeApplicationBackend\src\test\resources
2025-04-20 14:00:08,523 [Worker-2: Building] INFO  o.a.m.s.f.DefaultMavenResourcesFiltering - Copying 1 resource from src\main\resources to target\classes
2025-04-20 14:00:08,534 [Worker-2: Building] INFO  o.a.m.s.f.DefaultMavenResourcesFiltering - Copying 0 resource from src\main\resources to target\classes
2025-04-20 14:00:08,541 [Worker-2: Building] INFO  o.a.m.s.f.DefaultMavenResourcesFiltering - skip non existing resourceDirectory D:\AgadgoanApplication\DevoteeApplicationBackend\src\test\resources
2025-04-20 14:00:11,140 [Worker-5: Building] INFO  o.a.m.s.f.DefaultMavenResourcesFiltering - Copying 1 resource from src\main\resources to target\classes
2025-04-20 14:00:11,153 [Worker-5: Building] INFO  o.a.m.s.f.DefaultMavenResourcesFiltering - Copying 0 resource from src\main\resources to target\classes
2025-04-20 14:00:11,160 [Worker-5: Building] INFO  o.a.m.s.f.DefaultMavenResourcesFiltering - skip non existing resourceDirectory D:\AgadgoanApplication\DevoteeApplicationBackend\src\test\resources
2025-04-20 14:00:21,041 [Worker-14: Building] INFO  o.a.m.s.f.DefaultMavenResourcesFiltering - Copying 1 resource from src\main\resources to target\classes
2025-04-20 14:00:21,048 [Worker-14: Building] INFO  o.a.m.s.f.DefaultMavenResourcesFiltering - Copying 0 resource from src\main\resources to target\classes
2025-04-20 14:00:21,055 [Worker-14: Building] INFO  o.a.m.s.f.DefaultMavenResourcesFiltering - skip non existing resourceDirectory D:\AgadgoanApplication\DevoteeApplicationBackend\src\test\resources
2025-04-20 14:01:02,560 [Worker-9: Building] INFO  o.a.m.s.f.DefaultMavenResourcesFiltering - Copying 1 resource from src\main\resources to target\classes
2025-04-20 14:01:02,567 [Worker-9: Building] INFO  o.a.m.s.f.DefaultMavenResourcesFiltering - Copying 0 resource from src\main\resources to target\classes
2025-04-20 14:01:02,575 [Worker-9: Building] INFO  o.a.m.s.f.DefaultMavenResourcesFiltering - skip non existing resourceDirectory D:\AgadgoanApplication\DevoteeApplicationBackend\src\test\resources
2025-04-20 15:19:50,308 [Worker-9: Building] INFO  o.a.m.s.f.DefaultMavenResourcesFiltering - Copying 1 resource from src\main\resources to target\classes
2025-04-20 15:19:50,443 [Worker-9: Building] INFO  o.a.m.s.f.DefaultMavenResourcesFiltering - Copying 0 resource from src\main\resources to target\classes
2025-04-20 15:19:50,465 [Worker-9: Building] INFO  o.a.m.s.f.DefaultMavenResourcesFiltering - skip non existing resourceDirectory D:\AgadgoanApplication\DevoteeApplicationBackend\src\test\resources
2025-04-20 15:19:57,103 [Worker-1: Building] INFO  o.a.m.s.f.DefaultMavenResourcesFiltering - Copying 1 resource from src\main\resources to target\classes
2025-04-20 15:19:57,126 [Worker-1: Building] INFO  o.a.m.s.f.DefaultMavenResourcesFiltering - Copying 0 resource from src\main\resources to target\classes
2025-04-20 15:19:57,132 [Worker-1: Building] INFO  o.a.m.s.f.DefaultMavenResourcesFiltering - skip non existing resourceDirectory D:\AgadgoanApplication\DevoteeApplicationBackend\src\test\resources
2025-04-20 15:20:07,867 [Worker-12: Building] INFO  o.a.m.s.f.DefaultMavenResourcesFiltering - Copying 1 resource from src\main\resources to target\classes
2025-04-20 15:20:07,875 [Worker-12: Building] INFO  o.a.m.s.f.DefaultMavenResourcesFiltering - Copying 0 resource from src\main\resources to target\classes
2025-04-20 15:20:07,880 [Worker-12: Building] INFO  o.a.m.s.f.DefaultMavenResourcesFiltering - skip non existing resourceDirectory D:\AgadgoanApplication\DevoteeApplicationBackend\src\test\resources
2025-04-20 15:20:19,829 [Worker-14: Building] INFO  o.a.m.s.f.DefaultMavenResourcesFiltering - Copying 1 resource from src\main\resources to target\classes
2025-04-20 15:20:19,838 [Worker-14: Building] INFO  o.a.m.s.f.DefaultMavenResourcesFiltering - Copying 0 resource from src\main\resources to target\classes
2025-04-20 15:20:19,844 [Worker-14: Building] INFO  o.a.m.s.f.DefaultMavenResourcesFiltering - skip non existing resourceDirectory D:\AgadgoanApplication\DevoteeApplicationBackend\src\test\resources
2025-04-20 15:20:34,211 [Worker-8: Building] INFO  o.a.m.s.f.DefaultMavenResourcesFiltering - Copying 1 resource from src\main\resources to target\classes
2025-04-20 15:20:34,219 [Worker-8: Building] INFO  o.a.m.s.f.DefaultMavenResourcesFiltering - Copying 0 resource from src\main\resources to target\classes
2025-04-20 15:20:34,225 [Worker-8: Building] INFO  o.a.m.s.f.DefaultMavenResourcesFiltering - skip non existing resourceDirectory D:\AgadgoanApplication\DevoteeApplicationBackend\src\test\resources
2025-04-20 15:21:13,836 [Worker-1: Building] INFO  o.a.m.s.f.DefaultMavenResourcesFiltering - Copying 1 resource from src\main\resources to target\classes
2025-04-20 15:21:13,843 [Worker-1: Building] INFO  o.a.m.s.f.DefaultMavenResourcesFiltering - Copying 0 resource from src\main\resources to target\classes
2025-04-20 15:21:13,849 [Worker-1: Building] INFO  o.a.m.s.f.DefaultMavenResourcesFiltering - skip non existing resourceDirectory D:\AgadgoanApplication\DevoteeApplicationBackend\src\test\resources
2025-04-20 15:21:23,355 [Worker-5: Building] INFO  o.a.m.s.f.DefaultMavenResourcesFiltering - Copying 1 resource from src\main\resources to target\classes
2025-04-20 15:21:23,361 [Worker-5: Building] INFO  o.a.m.s.f.DefaultMavenResourcesFiltering - Copying 0 resource from src\main\resources to target\classes
2025-04-20 15:21:23,368 [Worker-5: Building] INFO  o.a.m.s.f.DefaultMavenResourcesFiltering - skip non existing resourceDirectory D:\AgadgoanApplication\DevoteeApplicationBackend\src\test\resources
2025-04-20 18:14:40,621 [Worker-20: Building] INFO  o.a.m.s.f.DefaultMavenResourcesFiltering - Copying 1 resource from src\main\resources to target\classes
2025-04-20 18:14:40,863 [Worker-20: Building] INFO  o.a.m.s.f.DefaultMavenResourcesFiltering - Copying 0 resource from src\main\resources to target\classes
2025-04-20 18:14:40,871 [Worker-20: Building] INFO  o.a.m.s.f.DefaultMavenResourcesFiltering - skip non existing resourceDirectory D:\AgadgoanApplication\DevoteeApplicationBackend\src\test\resources
2025-04-20 18:15:02,077 [Worker-22: Building] INFO  o.a.m.s.f.DefaultMavenResourcesFiltering - Copying 1 resource from src\main\resources to target\classes
2025-04-20 18:15:02,143 [Worker-22: Building] INFO  o.a.m.s.f.DefaultMavenResourcesFiltering - Copying 0 resource from src\main\resources to target\classes
2025-04-20 18:15:02,158 [Worker-22: Building] INFO  o.a.m.s.f.DefaultMavenResourcesFiltering - skip non existing resourceDirectory D:\AgadgoanApplication\DevoteeApplicationBackend\src\test\resources
2025-04-20 18:15:14,143 [Worker-20: Building] INFO  o.a.m.s.f.DefaultMavenResourcesFiltering - Copying 1 resource from src\main\resources to target\classes
2025-04-20 18:15:14,256 [Worker-20: Building] INFO  o.a.m.s.f.DefaultMavenResourcesFiltering - Copying 0 resource from src\main\resources to target\classes
2025-04-20 18:15:14,293 [Worker-20: Building] INFO  o.a.m.s.f.DefaultMavenResourcesFiltering - skip non existing resourceDirectory D:\AgadgoanApplication\DevoteeApplicationBackend\src\test\resources
2025-04-20 18:15:24,202 [Worker-21: Building] INFO  o.a.m.s.f.DefaultMavenResourcesFiltering - Copying 1 resource from src\main\resources to target\classes
2025-04-20 18:15:24,219 [Worker-21: Building] INFO  o.a.m.s.f.DefaultMavenResourcesFiltering - Copying 0 resource from src\main\resources to target\classes
2025-04-20 18:15:24,227 [Worker-21: Building] INFO  o.a.m.s.f.DefaultMavenResourcesFiltering - skip non existing resourceDirectory D:\AgadgoanApplication\DevoteeApplicationBackend\src\test\resources
2025-04-20 18:26:19,430 [Worker-17: Building] INFO  o.a.m.s.f.DefaultMavenResourcesFiltering - Copying 1 resource from src\main\resources to target\classes
2025-04-20 18:26:19,441 [Worker-17: Building] INFO  o.a.m.s.f.DefaultMavenResourcesFiltering - Copying 0 resource from src\main\resources to target\classes
2025-04-20 18:26:19,451 [Worker-17: Building] INFO  o.a.m.s.f.DefaultMavenResourcesFiltering - skip non existing resourceDirectory D:\AgadgoanApplication\DevoteeApplicationBackend\src\test\resources
2025-04-20 18:26:52,752 [Worker-22: Building] INFO  o.a.m.s.f.DefaultMavenResourcesFiltering - Copying 1 resource from src\main\resources to target\classes
2025-04-20 18:26:52,759 [Worker-22: Building] INFO  o.a.m.s.f.DefaultMavenResourcesFiltering - Copying 0 resource from src\main\resources to target\classes
2025-04-20 18:26:52,765 [Worker-22: Building] INFO  o.a.m.s.f.DefaultMavenResourcesFiltering - skip non existing resourceDirectory D:\AgadgoanApplication\DevoteeApplicationBackend\src\test\resources
2025-04-20 18:28:15,260 [Worker-5: Building] INFO  o.a.m.s.f.DefaultMavenResourcesFiltering - Copying 1 resource from src\main\resources to target\classes
2025-04-20 18:28:15,269 [Worker-5: Building] INFO  o.a.m.s.f.DefaultMavenResourcesFiltering - Copying 0 resource from src\main\resources to target\classes
2025-04-20 18:28:15,275 [Worker-5: Building] INFO  o.a.m.s.f.DefaultMavenResourcesFiltering - skip non existing resourceDirectory D:\AgadgoanApplication\DevoteeApplicationBackend\src\test\resources
2025-04-20 18:29:12,766 [Worker-5: Building] INFO  o.a.m.s.f.DefaultMavenResourcesFiltering - Copying 1 resource from src\main\resources to target\classes
2025-04-20 18:29:12,773 [Worker-5: Building] INFO  o.a.m.s.f.DefaultMavenResourcesFiltering - Copying 0 resource from src\main\resources to target\classes
2025-04-20 18:29:12,779 [Worker-5: Building] INFO  o.a.m.s.f.DefaultMavenResourcesFiltering - skip non existing resourceDirectory D:\AgadgoanApplication\DevoteeApplicationBackend\src\test\resources
2025-04-20 18:30:07,586 [Worker-23: Building] INFO  o.a.m.s.f.DefaultMavenResourcesFiltering - Copying 1 resource from src\main\resources to target\classes
2025-04-20 18:30:07,593 [Worker-23: Building] INFO  o.a.m.s.f.DefaultMavenResourcesFiltering - Copying 0 resource from src\main\resources to target\classes
2025-04-20 18:30:07,603 [Worker-23: Building] INFO  o.a.m.s.f.DefaultMavenResourcesFiltering - skip non existing resourceDirectory D:\AgadgoanApplication\DevoteeApplicationBackend\src\test\resources
2025-04-20 18:30:51,617 [Worker-22: Building] INFO  o.a.m.s.f.DefaultMavenResourcesFiltering - Copying 1 resource from src\main\resources to target\classes
2025-04-20 18:30:51,636 [Worker-22: Building] INFO  o.a.m.s.f.DefaultMavenResourcesFiltering - Copying 0 resource from src\main\resources to target\classes
2025-04-20 18:30:51,644 [Worker-22: Building] INFO  o.a.m.s.f.DefaultMavenResourcesFiltering - skip non existing resourceDirectory D:\AgadgoanApplication\DevoteeApplicationBackend\src\test\resources
2025-04-20 19:17:18,555 [Worker-18: Building] INFO  o.a.m.s.f.DefaultMavenResourcesFiltering - Copying 1 resource from src\main\resources to target\classes
2025-04-20 19:17:18,578 [Worker-18: Building] INFO  o.a.m.s.f.DefaultMavenResourcesFiltering - Copying 0 resource from src\main\resources to target\classes
2025-04-20 19:17:18,588 [Worker-18: Building] INFO  o.a.m.s.f.DefaultMavenResourcesFiltering - skip non existing resourceDirectory D:\AgadgoanApplication\DevoteeApplicationBackend\src\test\resources
2025-04-20 19:17:30,778 [Worker-18: Building] INFO  o.a.m.s.f.DefaultMavenResourcesFiltering - Copying 1 resource from src\main\resources to target\classes
2025-04-20 19:17:30,814 [Worker-18: Building] INFO  o.a.m.s.f.DefaultMavenResourcesFiltering - Copying 0 resource from src\main\resources to target\classes
2025-04-20 19:17:30,820 [Worker-18: Building] INFO  o.a.m.s.f.DefaultMavenResourcesFiltering - skip non existing resourceDirectory D:\AgadgoanApplication\DevoteeApplicationBackend\src\test\resources
2025-04-20 19:17:56,195 [Worker-18: Building] INFO  o.a.m.s.f.DefaultMavenResourcesFiltering - Copying 1 resource from src\main\resources to target\classes
2025-04-20 19:17:56,209 [Worker-18: Building] INFO  o.a.m.s.f.DefaultMavenResourcesFiltering - Copying 0 resource from src\main\resources to target\classes
2025-04-20 19:17:56,215 [Worker-18: Building] INFO  o.a.m.s.f.DefaultMavenResourcesFiltering - skip non existing resourceDirectory D:\AgadgoanApplication\DevoteeApplicationBackend\src\test\resources
2025-04-20 19:18:15,417 [Worker-22: Building] INFO  o.a.m.s.f.DefaultMavenResourcesFiltering - Copying 1 resource from src\main\resources to target\classes
2025-04-20 19:18:15,426 [Worker-22: Building] INFO  o.a.m.s.f.DefaultMavenResourcesFiltering - Copying 0 resource from src\main\resources to target\classes
2025-04-20 19:18:15,432 [Worker-22: Building] INFO  o.a.m.s.f.DefaultMavenResourcesFiltering - skip non existing resourceDirectory D:\AgadgoanApplication\DevoteeApplicationBackend\src\test\resources
2025-04-21 00:05:48,903 [Worker-0: Loading available Gradle versions] INFO  o.e.b.c.i.u.g.PublishedGradleVersions - Gradle version information cache is up-to-date. Trying to read.
2025-04-21 00:09:14,710 [ModalContext] ERROR o.e.m.c.i.p.r.ProjectRegistryReader - Can't write workspace state
java.io.FileNotFoundException: D:\AgadgoanApplication\AgadgoanApplication\.metadata\.plugins\org.eclipse.m2e.core\workspaceState.ser (The system cannot find the path specified)
	at java.base/java.io.FileOutputStream.open0(Native Method)
	at java.base/java.io.FileOutputStream.open(FileOutputStream.java:289)
	at java.base/java.io.FileOutputStream.<init>(FileOutputStream.java:230)
	at java.base/java.io.FileOutputStream.<init>(FileOutputStream.java:179)
	at org.eclipse.m2e.core.internal.project.registry.ProjectRegistryReader.createObjectOutputStream(ProjectRegistryReader.java:127)
	at org.eclipse.m2e.core.internal.project.registry.ProjectRegistryReader.writeWorkspaceState(ProjectRegistryReader.java:116)
	at org.eclipse.m2e.core.internal.project.registry.ProjectRegistryManager.writeWorkspaceState(ProjectRegistryManager.java:1047)
	at org.eclipse.m2e.core.internal.project.registry.ProjectRegistryManager.saving(ProjectRegistryManager.java:1198)
	at org.eclipse.core.internal.resources.SaveManager.executeLifecycle(SaveManager.java:453)
	at org.eclipse.core.internal.resources.SaveManager$1.run(SaveManager.java:269)
	at org.eclipse.core.runtime.SafeRunner.run(SafeRunner.java:47)
	at org.eclipse.core.internal.resources.SaveManager.broadcastLifecycle(SaveManager.java:272)
	at org.eclipse.core.internal.resources.SaveManager.save(SaveManager.java:1226)
	at org.eclipse.core.internal.resources.Workspace.save(Workspace.java:2498)
	at org.eclipse.ui.internal.ide.application.IDEWorkbenchAdvisor.lambda$1(IDEWorkbenchAdvisor.java:555)
	at org.eclipse.jface.operation.ModalContext$ModalContextThread.run(ModalContext.java:124)
2025-04-21 21:12:24,868 [Worker-1: Loading available Gradle versions] INFO  o.e.b.c.i.u.g.PublishedGradleVersions - Gradle version information cache is not available. Remote download required.
